<?xml version="1.0" encoding="UTF-8"?>
<!DOCTYPE module PUBLIC "-//Puppy Crawl//DTD Check Configuration 1.2//EN" "http://www.puppycrawl.com/dtds/configuration_1_2.dtd">
<module name="Checker">
    <property name="severity" value="warning"/>

    <module name="SuppressionFilter">
        <property name="file" value="conf/checkstyle-suppressions.xml"/>
    </module>

    <module name="Header">
        <property name="headerFile" value="${checkstyle.header.file}"/>
        <property name="fileExtensions" value="java"/>
        <property name="ignoreLines" value="1, 24"/>
    </module>
    <module name="FileLength"/>
    <module name="FileTabCharacter"/>
    <module name="NewlineAtEndOfFile"/>
    <module name="FileTabCharacter">
        <property name="eachLine" value="true"/>
    </module>

    <module name="TreeWalker">
        <property name="tabWidth" value="4"/>
        <module name="AnnotationUseStyle"/>
        <module name="MissingDeprecated"/>
        <module name="MissingOverride"/>
        <module name="SuppressWarnings">
            <property name="format" value="^unused$"/>
        </module>

        <module name="EmptyBlock"/>
        <module name="LeftCurly">
            <property name="option" value="eol"/>
            <property name="maxLineLength" value="120"/>
        </module>
        <!-- <module name="NeedBraces"/> -->
        <module name="RightCurly"/>
        <module name="AvoidNestedBlocks"/>

        <module name="VisibilityModifier">
            <property name="publicMemberPattern" value="^$"/>
        </module>
        <module name="FinalClass"/>
        <module name="InterfaceIsType">
            <property name="allowMarkerInterfaces" value="false"/>
        </module>
        <module name="HideUtilityClassConstructor"/>
        <!--<module name="DesignForExtension"/> -->
        <module name="MutableException"/>
        <module name="ThrowsCount"/>
        <module name="InnerTypeLast"/>

        <!-- <module name="ArrayTrailingComma"/> -->
        <!-- <module name="AvoidInlineConditionals"/> -->
        <module name="CovariantEquals"/>
        <module name="EmptyStatement"/>
        <module name="EqualsAvoidNull"/>
        <module name="EqualsHashCode"/>
        <!-- <module name="FinalLocalVariable"/> -->
        <module name="HiddenField">
            <property name="ignoreConstructorParameter" value="true"/>
            <property name="ignoreSetter" value="true"/>
        </module>
        <module name="IllegalInstantiation">
            <property name="classes" value="java.lang.Boolean"/>
        </module>
        <!-- <module name="IllegalToken"/> -->
        <!-- <module name="IllegalTokenText"/> -->
        <module name="InnerAssignment"/>
        <module name="MagicNumber">
            <property name="ignoreNumbers" value="-1, 0, 1, 2, 3, 4, 5, 6, 7, 8, 9, 10, 100"/>
        </module>
        <module name="MissingSwitchDefault"/>
        <module name="ModifiedControlVariable"/>
        <module name="SimplifyBooleanExpression"/>
        <module name="SimplifyBooleanReturn"/>
        <module name="StringLiteralEquality"/>
        <module name="NestedForDepth"/>
        <module name="NestedIfDepth"/>
        <module name="NestedTryDepth"/>
        <module name="NoClone"/>
        <module name="NoFinalizer"/>
        <module name="SuperClone"/>
        <module name="SuperFinalize"/>
        <module name="IllegalCatch"/>
        <module name="IllegalThrows"/>
        <module name="PackageDeclaration"/>
        <module name="ReturnCount">
            <property name="max" value="4"/>
        </module>
        <module name="IllegalType">
            <property name="tokens" value="PARAMETER_DEF,VARIABLE_DEF"/>
        </module>
        <module name="DeclarationOrder"/>
        <module name="ParameterAssignment"/>
        <module name="ExplicitInitialization"/>
        <module name="DefaultComesLast"/>
        <!-- <module name="MissingCtor"/> -->
        <module name="FallThrough"/>
        <module name="MultipleStringLiterals"/>
        <module name="MultipleVariableDeclarations"/>
        <!-- <module name="RequireThis"/> -->
        <module name="UnnecessaryParentheses"/>
        <module name="OneStatementPerLine"/>

        <module name="AvoidStarImport">
            <property name="allowStaticMemberImports" value="true"/>
        </module>
        <!-- <module name="AvoidStaticImport"/> -->
        <module name="IllegalImport">
            <property name="illegalPkgs" value="sun,com.sun"/>
        </module>
        <module name="RedundantImport"/>
        <module name="UnusedImports"/>
        <module name="ImportOrder">
            <property name="groups" value="/^javax?\./,."/>
            <property name="ordered" value="true"/>
            <property name="separated" value="true"/>
            <property name="option" value="bottom"/>
        </module>
        <!-- <module name="ImportControl"/> -->

        <!-- <module name="JavadocPackage"/> -->
        <module name="JavadocType">
            <property name="scope" value="public"/>
        </module>
        <module name="JavadocMethod">
            <property name="scope" value="protected"/>
            <property name="allowUndeclaredRTE" value="true"/>
            <property name="allowMissingJavadoc" value="true"/>
            <property name="allowMissingPropertyJavadoc" value="true"/>
        </module>
        <module name="JavadocVariable">
            <property name="scope" value="protected"/>
        </module>
        <module name="JavadocStyle">
            <property name="scope" value="protected"/>
        </module>

        <module name="BooleanExpressionComplexity"/>
        <module name="ClassDataAbstractionCoupling">
            <property name="max" value="10"/>
        </module>
        <module name="ClassFanOutComplexity">
            <property name="max" value="24"/>
        </module>
        <module name="CyclomaticComplexity"/>
        <module name="NPathComplexity">
            <property name="max" value="20"/>
        </module>
        <module name="JavaNCSS"/>

        <module name="TodoComment"/>
        <!-- <module name="Translation"/> -->
        <module name="UncommentedMain">
            <property name="excludedClasses" value="\.Main$"/>
        </module>
        <module name="UpperEll"/>
        <module name="ArrayTypeStyle"/>
        <!-- <module name="FinalParameters"/> -->
        <!-- <module name="DescendantToken"/> -->
        <module name="Indentation"/>
        <module name="TrailingComment"/>
        <module name="Regexp">
            <property name="format" value="System\.(out|err)\.print.*"/>
            <property name="illegalPattern" value="true"/>
            <property name="ignoreComments" value="true"/>
        </module>
        <module name="Regexp">
            <property name="format" value="[ \t]+$"/>
            <property name="illegalPattern" value="true"/>
            <property name="message" value="Trailing whitespace"/>
        </module>
        <module name="OuterTypeFilename"/>

        <module name="ModifierOrder"/>
        <module name="RedundantModifier"/>

        <!-- <module name="AbstractClassName"/> -->
        <module name="ClassTypeParameterName">
            <property name="format" value="^[A-Z][0-9]*$"/>
        </module>
        <module name="ConstantName"/>
        <module name="LocalFinalVariableName"/>
        <module name="LocalVariableName"/>
        <module name="MemberName"/>
        <module name="MethodName"/>
        <module name="MethodTypeParameterName">
            <property name="format" value="^[A-Z][0-9]*$"/>
        </module>
        <module name="PackageName"/>
        <module name="ParameterName"/>
        <module name="StaticVariableName"/>
        <module name="TypeName"/>

        <module name="ExecutableStatementCount">
            <property name="max" value="20"/>
        </module>
        <module name="LineLength">
            <property name="max" value="120"/>
        </module>
        <module name="MethodLength">
            <property name="max" value="40"/>
        </module>
        <module name="AnonInnerLength"/>
        <module name="ParameterNumber">
           <property name="max" value="4"/>
        </module>
        <module name="OuterTypeNumber"/>
        <module name="MethodCount">
             <property name="maxTotal" value="30"/>
        </module>

        <module name="GenericWhitespace"/>
        <module name="EmptyForInitializerPad"/>
        <module name="EmptyForIteratorPad"/>
        <module name="MethodParamPad"/>
        <module name="NoWhitespaceAfter"/>
        <module name="NoWhitespaceBefore"/>
        <module name="OperatorWrap"/>
        <module name="ParenPad"/>
        <module name="TypecastParenPad"/>
        <module name="WhitespaceAfter">
            <property name="tokens" value="COMMA, SEMI"/>
        </module>
        <module name="WhitespaceAround"/>
    </module>
    <module name="NewlineAtEndOfFile"/>
    <module name="FileLength">
        <property name="max" value="400"/>
    </module>
</module>
