<?xml version="1.0"?>
<project xsi:schemaLocation="http://maven.apache.org/POM/4.0.0 https://maven.apache.org/xsd/maven-4.0.0.xsd" xmlns="http://maven.apache.org/POM/4.0.0"
    xmlns:xsi="http://www.w3.org/2001/XMLSchema-instance">
  <modelVersion>4.0.0</modelVersion>
  <groupId>ynab.sdk</groupId>
  <artifactId>ynab-sdk</artifactId>
  <version>0.0.3</version>
  <name>ynab-sdk</name>
  <description>YNAB Java SDK</description>
  <url>https://github.com/daviddietz/ynab-sdk</url>
  <licenses>
    <license>
      <name>MIT</name>
      <url>https://mit-license.org/</url>
      <distribution>repo</distribution>
    </license>
  </licenses>
  <developers>
    <developer>
      <name>David Dietz</name>
    </developer>
  </developers>
  <properties>
    <swagger-core-version>1.5.15</swagger-core-version>
    <java.version>1.8</java.version>
    <threetenbp-version>1.3.5</threetenbp-version>
    <junit-version>4.13.1</junit-version>
    <maven.compiler.target>${java.version}</maven.compiler.target>
    <gson-version>2.8.1</gson-version>
    <project.build.sourceEncoding>UTF-8</project.build.sourceEncoding>
    <okhttp-version>2.7.5</okhttp-version>
    <maven-plugin-version>1.0.0</maven-plugin-version>
    <gson-fire-version>1.8.0</gson-fire-version>
    <maven.compiler.source>${java.version}</maven.compiler.source>
  </properties>
  <dependencies>
    <dependency>
      <groupId>io.swagger</groupId>
      <artifactId>swagger-annotations</artifactId>
      <version>${swagger-core-version}</version>
    </dependency>
    <dependency>
      <groupId>com.squareup.okhttp</groupId>
      <artifactId>okhttp</artifactId>
      <version>${okhttp-version}</version>
    </dependency>
    <dependency>
      <groupId>com.squareup.okhttp</groupId>
      <artifactId>logging-interceptor</artifactId>
      <version>${okhttp-version}</version>
    </dependency>
    <dependency>
      <groupId>com.google.code.gson</groupId>
      <artifactId>gson</artifactId>
      <version>${gson-version}</version>
    </dependency>
    <dependency>
      <groupId>io.gsonfire</groupId>
      <artifactId>gson-fire</artifactId>
      <version>${gson-fire-version}</version>
    </dependency>
    <dependency>
      <groupId>org.threeten</groupId>
      <artifactId>threetenbp</artifactId>
      <version>${threetenbp-version}</version>
    </dependency>
    <dependency>
      <groupId>org.apache.commons</groupId>
      <artifactId>commons-collections4</artifactId>
      <version>4.4</version>
    </dependency>
    <dependency>
      <groupId>junit</groupId>
      <artifactId>junit</artifactId>
      <version>${junit-version}</version>
      <scope>test</scope>
    </dependency>
    <dependency>
      <groupId>org.mockito</groupId>
      <artifactId>mockito-all</artifactId>
      <version>2.0.2-beta</version>
      <scope>test</scope>
    </dependency>
  </dependencies>
  <build>
    <plugins>
      <plugin>
        <groupId>org.jacoco</groupId>
        <artifactId>jacoco-maven-plugin</artifactId>
        <version>0.8.8</version>
        <executions>
          <execution>
            <id>default-prepare-agent</id>
            <goals>
              <goal>prepare-agent</goal>
            </goals>
          </execution>
          <execution>
            <id>default-report</id>
            <goals>
              <goal>report</goal>
            </goals>
          </execution>
        </executions>
      </plugin>
      <plugin>
        <artifactId>maven-assembly-plugin</artifactId>
        <version>3.2.0</version>
        <executions>
          <execution>
            <phase>package</phase>
            <goals>
              <goal>single</goal>
            </goals>
            <configuration>
              <descriptorRefs>
                <descriptorRef>jar-with-dependencies</descriptorRef>
              </descriptorRefs>
            </configuration>
          </execution>
        </executions>
      </plugin>
    </plugins>
  </build>
  <profiles>
    <profile>
      <id>sign-artifacts</id>
      <build>
        <plugins>
          <plugin>
            <artifactId>maven-gpg-plugin</artifactId>
            <version>1.6</version>
            <executions>
              <execution>
                <id>sign-artifacts</id>
                <phase>verify</phase>
                <goals>
                  <goal>sign</goal>
                </goals>
              </execution>
            </executions>
          </plugin>
          <plugin>
            <artifactId>maven-compiler-plugin</artifactId>
            <configuration>
              <source>1.8</source>
              <target>1.8</target>
            </configuration>
          </plugin>
        </plugins>
      </build>
    </profile>
  </profiles>
</project>
