<?xml version="1.0" encoding="UTF-8"?>
<MessageCollection xmlns:xsi="http://www.w3.org/2001/XMLSchema-instance"
  xsi:noNamespaceSchemaLocation="messagecollection.xsd">

  <Plugin>
    <ShortDescription>FindBugs Google API's Client library plugin</ShortDescription>
    <Details>Provides detectors for Google APIs Client library.</Details>
  </Plugin>

  <Detector class="com.google.api.client.findbugs.BetaDetector">
    <Details>Finds instances of Beta annotation.</Details>
  </Detector>

  <BugPattern type="BETA_CLASS_USAGE">
    <ShortDescription>Usage of a &#64;Beta class
    </ShortDescription>
    <LongDescription>Usage of a Beta class {3} in {2}
    </LongDescription>
    <Details>
<![CDATA[
<p>Library should not use APIs annotated with Beta. 
See <a href="http://javadoc.google-http-java-client.googlecode.com/hg/1.15.0-rc/com/api/client/util/Beta.java">@Beta</a> for more details.
</p>
]]>
    </Details>
  </BugPattern>
  <BugPattern type="BETA_METHOD_USAGE">
    <ShortDescription>Usage of a &#64;Beta method
    </ShortDescription>
    <LongDescription>Usage of a Beta method {3} in {2}
    </LongDescription>
    <Details>
<![CDATA[
<p>Library should not use APIs annotated with Beta. 
See <a href="http://javadoc.google-http-java-client.googlecode.com/hg/1.15.0-rc/com/api/client/util/Beta.java">@Beta</a> for more details.
</p>
]]>
    </Details>
  </BugPattern>
  <BugPattern type="BETA_FIELD_USAGE">
    <ShortDescription>Usage of a &#64;Beta field
    </ShortDescription>
    <LongDescription>Usage of a Beta field {3} in {2}
    </LongDescription>
    <Details>
<![CDATA[
<p>Library should not use APIs annotated with Beta. 
See <a href="http://javadoc.google-http-java-client.googlecode.com/hg/1.15.0-rc/com/api/client/util/Beta.java">@Beta</a> for more details.
</p>
]]>
    </Details>
  </BugPattern>

  <BugCode abbrev="GABU">Usage of Google APIs Client library Beta
    Annotation</BugCode>
</MessageCollection>
