<?xml version="1.0" encoding="UTF-8"?>

<config>
    <component name="cart" type="org.tribuo.classification.dtree.CARTClassificationTrainer">
        <property name="maxDepth" value="6"/>
        <property name="fractionFeaturesInSplit" value="0.5"/>
        <property name="seed" value="12345"/>
        <property name="impurity" value="gini"/>
    </component>

    <component name="gini" type="org.tribuo.classification.dtree.impurity.GiniIndex"/>
    <component name="entropy" type="org.tribuo.classification.dtree.impurity.Entropy"/>

    <component name="xgboost" type="org.tribuo.classification.xgboost.XGBoostClassificationTrainer">
        <property name="numTrees" value="10"/>
        <property name="eta" value="0.5"/>
        <property name="gamma" value="0.1"/>
        <property name="maxDepth" value="4"/>
        <property name="minChildWeight" value="1.0"/>
        <property name="subsample" value="1.0"/>
        <property name="nThread" value="6"/>
        <property name="seed" value="1"/>
    </component>

    <component name="logistic" type="org.tribuo.classification.sgd.linear.LinearSGDTrainer">
        <property name="objective" value="log"/>
        <property name="optimiser" value="adagrad"/>
        <property name="epochs" value="2"/>
        <property name="loggingInterval" value="10000"/>
        <property name="minibatchSize" value="1"/>
        <property name="seed" value="1"/>
    </component>

    <component name="log" type="org.tribuo.classification.sgd.objectives.LogMulticlass"/>

    <component name="adagrad" type="org.tribuo.math.optimisers.AdaGrad">
        <property name="initialLearningRate" value="0.5"/>
        <property name="epsilon" value="0.01"/>
    </component>

    <component name="label-factory" type="org.tribuo.classification.LabelFactory"/>

    <component name="mnist-train" type="org.tribuo.datasource.IDXDataSource">
        <property name="featuresPath" value="train-images-idx3-ubyte.gz"/>
        <property name="outputPath" value="train-labels-idx1-ubyte.gz"/>
        <property name="outputFactory" value="label-factory"/>
    </component>

    <component name="mnist-test" type="org.tribuo.datasource.IDXDataSource">
        <property name="featuresPath" value="t10k-images-idx3-ubyte.gz"/>
        <property name="outputPath" value="t10k-labels-idx1-ubyte.gz"/>
        <property name="outputFactory" value="label-factory"/>
    </component>

</config>
