<?xml version="1.0" encoding="UTF-8"?>

<beans xmlns="http://www.springframework.org/schema/beans"
 xmlns:aop="http://www.springframework.org/schema/aop"
 xmlns:tx="http://www.springframework.org/schema/tx"
 xmlns:xsi="http://www.w3.org/2001/XMLSchema-instance"
 xmlns:context="http://www.springframework.org/schema/context"
 xsi:schemaLocation="http://www.springframework.org/schema/aop http://www.springframework.org/schema/aop/spring-aop-2.5.xsd
		http://www.springframework.org/schema/beans http://www.springframework.org/schema/beans/spring-beans-2.0.xsd
		http://www.springframework.org/schema/context http://www.springframework.org/schema/context/spring-context-3.0.xsd
		http://www.springframework.org/schema/tx http://www.springframework.org/schema/tx/spring-tx-2.5.xsd">

  <context:component-scan base-package="com.vonzhou.spitter" />

  <tx:advice id="txAdvice"> 
    <tx:attributes> 
      <tx:method name="add*" propagation="REQUIRED" /> 
      <tx:method name="save*" propagation="REQUIRED" /> 
      <tx:method name="*" propagation="SUPPORTS" 
          read-only="true"/> 
    </tx:attributes> 
  </tx:advice> 
  
  <aop:config>
    <aop:advisor 
        pointcut="execution(* *..SpitterService.*(..))"
        advice-ref="txAdvice" />
  </aop:config>



</beans>
