<?xml version="1.0"?>
<project xsi:schemaLocation="http://maven.apache.org/POM/4.0.0 https://maven.apache.org/xsd/maven-4.0.0.xsd" xmlns="http://maven.apache.org/POM/4.0.0"
    xmlns:xsi="http://www.w3.org/2001/XMLSchema-instance">
  <modelVersion>4.0.0</modelVersion>
  <parent>
    <groupId>org.springframework.boot</groupId>
    <artifactId>spring-boot-starter-parent</artifactId>
    <version>2.6.3</version>
  </parent>
  <groupId>de.adorsys.keycloak</groupId>
  <artifactId>keycloak-config-cli</artifactId>
  <version>4.7.1-SNAPSHOT</version>
  <name>keycloak-config-cli</name>
  <description>This tool is able to import JSON-formatted configuration files into Keycloak by using its REST
        interface.</description>
  <url>https://github.com/adorsys/keycloak-config-cli</url>
  <organization>
    <name>adorsys GmbH &amp; Co. KG</name>
    <url>https://www.adorsys.com/</url>
  </organization>
  <licenses>
    <license>
      <name>The Apache License, Version 2.0</name>
      <url>https://www.apache.org/licenses/LICENSE-2.0.txt</url>
    </license>
  </licenses>
  <developers>
    <developer>
      <name>Jan-Otto Kröpke</name>
      <email>jan-otto.kroepke@adorsys.com</email>
      <organization>adorsys GmbH &amp; Co. KG</organization>
      <organizationUrl>https://www.adorsys.com/</organizationUrl>
      <roles>
        <role>Maintainer</role>
      </roles>
    </developer>
  </developers>
  <scm>
    <connection>scm:git:git://github.com/adorsys/keycloak-config-cli.git</connection>
    <developerConnection>scm:git:ssh://git@github.com/keycloak-config-cli.git</developerConnection>
    <url>https://github.com/adorsys/keycloak-config-cli</url>
  </scm>
  <issueManagement>
    <system>Github</system>
    <url>https://github.com/adorsys/keycloak-config-cli/issues</url>
  </issueManagement>
  <properties>
    <spotbugs.version>4.5.3</spotbugs.version>
    <license-plugin.version>2.0.0</license-plugin.version>
    <keycloak.version>17.0.0</keycloak.version>
    <keepachangelog.version>2.1.1</keepachangelog.version>
    <pmd-plugin.version>3.16.0</pmd-plugin.version>
    <resteasy.version>5.0.2.Final</resteasy.version>
    <maven-scm-plugin.version>1.12.2</maven-scm-plugin.version>
    <jackson.version>2.13.1</jackson.version>
    <project.build.sourceEncoding>UTF-8</project.build.sourceEncoding>
    <junit5-system-exit.version>1.1.2</junit5-system-exit.version>
    <unboundid-ldapsdk.version>6.0.3</unboundid-ldapsdk.version>
    <maven-failsafe-plugin.version>3.0.0-M5</maven-failsafe-plugin.version>
    <release.signTag>true</release.signTag>
    <jacoco.version>0.8.7</jacoco.version>
    <mockserver.version>5.12.0</mockserver.version>
    <reproducible-build-maven-plugin.version>0.15</reproducible-build-maven-plugin.version>
    <commons-text.version>1.9</commons-text.version>
    <maven-replacer.version>1.5.3</maven-replacer.version>
    <project.reporting.outputEncoding>UTF-8</project.reporting.outputEncoding>
    <commons-io.version>2.11.0</commons-io.version>
    <sonar.host.url>https://sonarcloud.io</sonar.host.url>
    <checkstyle-plugin.version>3.1.2</checkstyle-plugin.version>
    <sonar.projectKey>keycloak-config-cli</sonar.projectKey>
    <maven-release-plugin.version>3.0.0-M5</maven-release-plugin.version>
    <testcontainers.version>1.16.3</testcontainers.version>
    <pmd.version>6.42.0</pmd.version>
    <failsafe.version>2.4.4</failsafe.version>
    <git-commit-id-plugin.version>4.9.10</git-commit-id-plugin.version>
    <commons-lang3.version>3.12.0</commons-lang3.version>
    <junit-pioneer.version>1.6.1</junit-pioneer.version>
    <logstash-logback-encoder.version>7.0.1</logstash-logback-encoder.version>
    <wiremock-jre8.version>2.27.2</wiremock-jre8.version>
    <java.version>1.8</java.version>
    <release.additionalArguments></release.additionalArguments>
    <checkstyle.version>9.3</checkstyle.version>
    <spotbugs-plugin.version>4.5.3.0</spotbugs-plugin.version>
    <sonar.organization>adorsys</sonar.organization>
    <maven-surefire-plugin.version>3.0.0-M5</maven-surefire-plugin.version>
  </properties>
  <dependencyManagement>
    <dependencies>
      <dependency>
        <groupId>com.fasterxml.jackson</groupId>
        <artifactId>jackson-bom</artifactId>
        <version>${jackson.version}</version>
        <type>pom</type>
        <scope>import</scope>
      </dependency>
      <dependency>
        <groupId>org.jboss.resteasy</groupId>
        <artifactId>resteasy-bom</artifactId>
        <version>${resteasy.version}</version>
        <type>pom</type>
        <scope>import</scope>
      </dependency>
      <dependency>
        <groupId>org.keycloak</groupId>
        <artifactId>keycloak-parent</artifactId>
        <version>${keycloak.version}</version>
        <type>pom</type>
        <scope>import</scope>
      </dependency>
      <dependency>
        <groupId>commons-io</groupId>
        <artifactId>commons-io</artifactId>
        <version>${commons-io.version}</version>
      </dependency>
      <dependency>
        <groupId>org.apache.commons</groupId>
        <artifactId>commons-lang3</artifactId>
        <version>${commons-lang3.version}</version>
      </dependency>
    </dependencies>
  </dependencyManagement>
  <dependencies>
    <dependency>
      <groupId>org.springframework.boot</groupId>
      <artifactId>spring-boot-starter</artifactId>
    </dependency>
    <dependency>
      <groupId>org.springframework.boot</groupId>
      <artifactId>spring-boot-starter-validation</artifactId>
      <exclusions>
        <exclusion>
          <artifactId>tomcat-embed-el</artifactId>
          <groupId>org.apache.tomcat.embed</groupId>
        </exclusion>
      </exclusions>
    </dependency>
    <dependency>
      <groupId>org.springframework.security</groupId>
      <artifactId>spring-security-crypto</artifactId>
    </dependency>
    <dependency>
      <groupId>org.springframework.boot</groupId>
      <artifactId>spring-boot-configuration-processor</artifactId>
      <optional>true</optional>
    </dependency>
    <dependency>
      <groupId>org.springframework.boot</groupId>
      <artifactId>spring-boot-loader</artifactId>
    </dependency>
    <dependency>
      <groupId>org.keycloak</groupId>
      <artifactId>keycloak-admin-client</artifactId>
      <exclusions>
        <exclusion>
          <artifactId>resteasy-jaxb-provider</artifactId>
          <groupId>org.jboss.resteasy</groupId>
        </exclusion>
      </exclusions>
    </dependency>
    <dependency>
      <groupId>commons-codec</groupId>
      <artifactId>commons-codec</artifactId>
    </dependency>
    <dependency>
      <groupId>commons-io</groupId>
      <artifactId>commons-io</artifactId>
    </dependency>
    <dependency>
      <groupId>org.apache.commons</groupId>
      <artifactId>commons-text</artifactId>
      <version>${commons-text.version}</version>
    </dependency>
    <dependency>
      <groupId>net.jodah</groupId>
      <artifactId>failsafe</artifactId>
      <version>${failsafe.version}</version>
    </dependency>
    <dependency>
      <groupId>com.fasterxml.jackson.core</groupId>
      <artifactId>jackson-databind</artifactId>
    </dependency>
    <dependency>
      <groupId>org.yaml</groupId>
      <artifactId>snakeyaml</artifactId>
    </dependency>
    <dependency>
      <groupId>net.logstash.logback</groupId>
      <artifactId>logstash-logback-encoder</artifactId>
      <version>${logstash-logback-encoder.version}</version>
      <scope>runtime</scope>
    </dependency>
    <dependency>
      <groupId>org.springframework.boot</groupId>
      <artifactId>spring-boot-starter-test</artifactId>
      <scope>test</scope>
      <exclusions>
        <exclusion>
          <artifactId>junit-vintage-engine</artifactId>
          <groupId>org.junit.vintage</groupId>
        </exclusion>
      </exclusions>
    </dependency>
    <dependency>
      <groupId>org.testcontainers</groupId>
      <artifactId>testcontainers</artifactId>
      <version>${testcontainers.version}</version>
      <scope>test</scope>
    </dependency>
    <dependency>
      <groupId>org.testcontainers</groupId>
      <artifactId>junit-jupiter</artifactId>
      <version>${testcontainers.version}</version>
      <scope>test</scope>
    </dependency>
    <dependency>
      <groupId>com.ginsberg</groupId>
      <artifactId>junit5-system-exit</artifactId>
      <version>${junit5-system-exit.version}</version>
      <scope>test</scope>
    </dependency>
    <dependency>
      <groupId>org.junit-pioneer</groupId>
      <artifactId>junit-pioneer</artifactId>
      <version>${junit-pioneer.version}</version>
      <scope>test</scope>
    </dependency>
    <dependency>
      <groupId>org.mock-server</groupId>
      <artifactId>mockserver-junit-jupiter</artifactId>
      <version>${mockserver.version}</version>
      <scope>test</scope>
    </dependency>
    <dependency>
      <groupId>org.mock-server</groupId>
      <artifactId>mockserver-spring-test-listener</artifactId>
      <version>${mockserver.version}</version>
      <scope>test</scope>
    </dependency>
    <dependency>
      <groupId>com.unboundid</groupId>
      <artifactId>unboundid-ldapsdk</artifactId>
      <version>${unboundid-ldapsdk.version}</version>
      <scope>test</scope>
    </dependency>
  </dependencies>
  <build>
    <plugins>
      <plugin>
        <groupId>org.jacoco</groupId>
        <artifactId>jacoco-maven-plugin</artifactId>
        <version>0.8.8</version>
        <executions>
          <execution>
            <id>default-prepare-agent</id>
            <goals>
              <goal>prepare-agent</goal>
            </goals>
          </execution>
          <execution>
            <id>default-report</id>
            <goals>
              <goal>report</goal>
            </goals>
          </execution>
        </executions>
      </plugin>
      <plugin>
        <artifactId>maven-assembly-plugin</artifactId>
        <version>3.2.0</version>
        <executions>
          <execution>
            <phase>package</phase>
            <goals>
              <goal>single</goal>
            </goals>
            <configuration>
              <descriptorRefs>
                <descriptorRef>jar-with-dependencies</descriptorRef>
              </descriptorRefs>
            </configuration>
          </execution>
        </executions>
      </plugin>
    </plugins>
  </build>
  <profiles>
    <profile>
      <id>coverage</id>
      <build>
        <plugins>
          <plugin>
            <groupId>org.jacoco</groupId>
            <artifactId>jacoco-maven-plugin</artifactId>
            <executions>
              <execution>
                <goals>
                  <goal>prepare-agent</goal>
                </goals>
              </execution>
              <execution>
                <id>report</id>
                <phase>post-integration-test</phase>
                <goals>
                  <goal>report</goal>
                </goals>
              </execution>
              <execution>
                <id>default-check</id>
                <goals>
                  <goal>check</goal>
                </goals>
                <configuration>
                  <rules>
                    <rule>
                      <element>BUNDLE</element>
                      <limits>
                        <limit>
                          <counter>COMPLEXITY</counter>
                          <value>COVEREDRATIO</value>
                          <minimum>0.80</minimum>
                        </limit>
                      </limits>
                    </rule>
                  </rules>
                </configuration>
              </execution>
            </executions>
          </plugin>
        </plugins>
      </build>
    </profile>
    <profile>
      <id>rh-sso</id>
      <repositories>
        <repository>
          <releases>
            <enabled>true</enabled>
          </releases>
          <snapshots>
            <enabled>false</enabled>
          </snapshots>
          <id>redhat-ga-repository</id>
          <url>https://maven.repository.redhat.com/ga/</url>
        </repository>
      </repositories>
    </profile>
    <profile>
      <id>jboss-repository</id>
      <repositories>
        <repository>
          <releases>
            <enabled>true</enabled>
          </releases>
          <id>jboss-public-repository-group</id>
          <name>JBoss Public Repository Group</name>
          <url>https://repository.jboss.org/nexus/content/groups/public/</url>
        </repository>
      </repositories>
    </profile>
    <profile>
      <id>jdk17</id>
      <activation>
        <jdk>17</jdk>
      </activation>
      <properties>
        <argLine>--add-exports=java.base/sun.security.x509=ALL-UNNAMED
                    --add-exports=java.base/sun.security.util=ALL-UNNAMED</argLine>
      </properties>
    </profile>
  </profiles>
</project>
