<?xml version="1.0" encoding="UTF-8"?>
<project xsi:schemaLocation="http://maven.apache.org/POM/4.0.0 https://maven.apache.org/xsd/maven-4.0.0.xsd" xmlns="http://maven.apache.org/POM/4.0.0"
    xmlns:xsi="http://www.w3.org/2001/XMLSchema-instance">
  <modelVersion>4.0.0</modelVersion>
  <parent>
    <groupId>com.hortonworks.registries</groupId>
    <artifactId>registries</artifactId>
    <version>0.10.0-SNAPSHOT</version>
  </parent>
  <artifactId>common-auth</artifactId>
  <version>0.10.0-SNAPSHOT</version>
  <dependencies>
    <dependency>
      <groupId>javax.servlet</groupId>
      <artifactId>servlet-api</artifactId>
      <version>2.5</version>
      <scope>provided</scope>
    </dependency>
    <dependency>
      <groupId>org.apache.directory.server</groupId>
      <artifactId>apacheds-kerberos-codec</artifactId>
      <version>2.0.0-M15</version>
      <scope>compile</scope>
      <exclusions>
        <exclusion>
          <artifactId>api-asn1-ber</artifactId>
          <groupId>org.apache.directory.api</groupId>
        </exclusion>
        <exclusion>
          <artifactId>api-i18n</artifactId>
          <groupId>org.apache.directory.api</groupId>
        </exclusion>
        <exclusion>
          <artifactId>api-ldap-model</artifactId>
          <groupId>org.apache.directory.api</groupId>
        </exclusion>
        <exclusion>
          <artifactId>ehcache-core</artifactId>
          <groupId>net.sf.ehcache</groupId>
        </exclusion>
        <exclusion>
          <artifactId>api-util</artifactId>
          <groupId>org.apache.directory.api</groupId>
        </exclusion>
      </exclusions>
    </dependency>
    <dependency>
      <groupId>org.apache.directory.api</groupId>
      <artifactId>api-util</artifactId>
      <version>1.0.2</version>
    </dependency>
    <dependency>
      <groupId>com.nimbusds</groupId>
      <artifactId>nimbus-jose-jwt</artifactId>
      <version>${nimbus-jose-jwt.version}</version>
      <scope>compile</scope>
      <exclusions>
        <exclusion>
          <artifactId>bcprov-jdk15on</artifactId>
          <groupId>org.bouncycastle</groupId>
        </exclusion>
      </exclusions>
    </dependency>
    <dependency>
      <groupId>org.springframework.security.kerberos</groupId>
      <artifactId>spring-security-kerberos-core</artifactId>
      <exclusions>
        <exclusion>
          <artifactId>spring-context</artifactId>
          <groupId>org.springframework</groupId>
        </exclusion>
        <exclusion>
          <artifactId>spring-core</artifactId>
          <groupId>org.springframework</groupId>
        </exclusion>
        <exclusion>
          <artifactId>spring-aop</artifactId>
          <groupId>org.springframework</groupId>
        </exclusion>
        <exclusion>
          <artifactId>spring-beans</artifactId>
          <groupId>org.springframework</groupId>
        </exclusion>
        <exclusion>
          <artifactId>spring-expression</artifactId>
          <groupId>org.springframework</groupId>
        </exclusion>
      </exclusions>
    </dependency>
    <dependency>
      <groupId>org.springframework</groupId>
      <artifactId>spring-core</artifactId>
      <scope>test</scope>
    </dependency>
    <dependency>
      <groupId>org.apache.hadoop</groupId>
      <artifactId>hadoop-minikdc</artifactId>
      <version>3.0.0</version>
      <scope>test</scope>
      <exclusions>
        <exclusion>
          <artifactId>slf4j-log4j12</artifactId>
          <groupId>org.slf4j</groupId>
        </exclusion>
        <exclusion>
          <artifactId>nimbus-jose-jwt</artifactId>
          <groupId>com.nimbusds</groupId>
        </exclusion>
        <exclusion>
          <artifactId>commons-io</artifactId>
          <groupId>commons-io</groupId>
        </exclusion>
      </exclusions>
    </dependency>
    <dependency>
      <groupId>org.apache.httpcomponents</groupId>
      <artifactId>httpclient</artifactId>
      <scope>test</scope>
    </dependency>
    <dependency>
      <groupId>junit</groupId>
      <artifactId>junit</artifactId>
      <scope>test</scope>
    </dependency>
    <dependency>
      <groupId>org.mockito</groupId>
      <artifactId>mockito-core</artifactId>
      <scope>test</scope>
    </dependency>
    <dependency>
      <groupId>org.mortbay.jetty</groupId>
      <artifactId>jetty-util</artifactId>
      <version>6.1.26</version>
      <scope>test</scope>
    </dependency>
    <dependency>
      <groupId>org.mortbay.jetty</groupId>
      <artifactId>jetty</artifactId>
      <version>6.1.26</version>
      <scope>test</scope>
    </dependency>
    <dependency>
      <groupId>org.apache.tomcat.embed</groupId>
      <artifactId>tomcat-embed-core</artifactId>
      <version>7.0.55</version>
      <scope>test</scope>
    </dependency>
    <dependency>
      <groupId>org.apache.tomcat.embed</groupId>
      <artifactId>tomcat-embed-logging-juli</artifactId>
      <version>7.0.55</version>
      <scope>test</scope>
    </dependency>
  </dependencies>
  <build>
    <plugins>
      <plugin>
        <groupId>org.jacoco</groupId>
        <artifactId>jacoco-maven-plugin</artifactId>
        <version>0.8.8</version>
        <executions>
          <execution>
            <id>default-prepare-agent</id>
            <goals>
              <goal>prepare-agent</goal>
            </goals>
          </execution>
          <execution>
            <id>default-report</id>
            <goals>
              <goal>report</goal>
            </goals>
          </execution>
        </executions>
      </plugin>
      <plugin>
        <artifactId>maven-assembly-plugin</artifactId>
        <version>3.2.0</version>
        <executions>
          <execution>
            <phase>package</phase>
            <goals>
              <goal>single</goal>
            </goals>
            <configuration>
              <descriptorRefs>
                <descriptorRef>jar-with-dependencies</descriptorRef>
              </descriptorRefs>
            </configuration>
          </execution>
        </executions>
      </plugin>
    </plugins>
  </build>
  <reporting>
    <plugins>
      <plugin>
        <groupId>org.jacoco</groupId>
        <artifactId>jacoco-maven-plugin</artifactId>
        <reportSets>
          <reportSet>
            <reports>
              <report>report</report>
            </reports>
          </reportSet>
        </reportSets>
      </plugin>
      <plugin>
        <groupId>com.github.spotbugs</groupId>
        <artifactId>spotbugs-maven-plugin</artifactId>
      </plugin>
    </plugins>
  </reporting>
</project>
