<?xml version="1.0" encoding="ISO-8859-1"?>
<project name="devon4j">
  <bannerLeft>
    <src>http://www.devonfw.com/assets/images/devonfw.png</src>
    <href>http://www.devonfw.com/</href>
  </bannerLeft>
  <body>
    <links>
      <item name="Github" href="https://github.com/devonfw/devon4j"/>
      <item name="Wiki" href="https://github.com/devonfw/devon4j/wiki"/>
      <item name="Javadoc" href="apidocs/index.html"/>
      <item name="Home" href="http://www.devonfw.com/devon4j/"/>
    </links>

    <menu ref="parent" inherit="top"/>

    <menu name="General Information">
      <item name="Introduction" href="index.html"/>
      <item name="Milestones" href="https://github.com/devonfw/devon4j/milestones"/>
    </menu>

    <menu ref="modules" inherit="bottom"/>
    <menu ref="reports" inherit="bottom"/>

  </body>
  <skin>
    <groupId>org.apache.maven.skins</groupId>
    <artifactId>maven-fluido-skin</artifactId>
    <version>1.7</version>
  </skin>  
</project>
