<?xml version="1.0" encoding="UTF-8"?>
<!--
  ~ Copyright 2000-2022 JetBrains s.r.o.
  ~
  ~ Licensed under the Apache License, Version 2.0 (the "License");
  ~ you may not use this file except in compliance with the License.
  ~ You may obtain a copy of the License at
  ~
  ~ http://www.apache.org/licenses/LICENSE-2.0
  ~
  ~ Unless required by applicable law or agreed to in writing, software
  ~ distributed under the License is distributed on an "AS IS" BASIS,
  ~ WITHOUT WARRANTIES OR CONDITIONS OF ANY KIND, either express or implied.
  ~ See the License for the specific language governing permissions and
  ~ limitations under the License.
  -->

<beans
        xmlns="http://www.springframework.org/schema/beans"
        xmlns:xsi="http://www.w3.org/2001/XMLSchema-instance"
        xsi:schemaLocation="http://www.springframework.org/schema/beans http://www.springframework.org/schema/beans/spring-beans-3.0.xsd"
        default-autowire="constructor">
    <bean class="jetbrains.buildserver.sonarplugin.SonarQubeServerPropertiesProcessorProviderImpl"/>
    <bean class="jetbrains.buildserver.sonarplugin.BuildSummaryLinkController"/>

    <bean class="jetbrains.buildserver.sonarplugin.sqrunner.SQRRunType"/>
    <bean class="jetbrains.buildserver.sonarplugin.sqrunner.EditSQRRunType"/>
    <bean class="jetbrains.buildserver.sonarplugin.sqrunner.SQSPropertiesProvider"/>
    <bean class="jetbrains.buildserver.sonarplugin.sqrunner.SQRPasswordProvider"/>
    <bean id="sqScannerToolProvider" class="jetbrains.buildserver.sonarplugin.tool.SonarQubeToolProvider">
        <constructor-arg>
            <bean class="jetbrains.buildserver.sonarplugin.sqrunner.tool.SimpleZipToolProviderSQScanner"/>
        </constructor-arg>
    </bean>
    <bean id="sqMSBuildToolProvider" class="jetbrains.buildserver.sonarplugin.tool.SonarQubeToolProvider">
        <constructor-arg index="0">
            <bean class="jetbrains.buildserver.sonarplugin.msbuild.tool.SimpleZipToolProviderSQMSBuild"/>
        </constructor-arg>
    </bean>
    <bean class="jetbrains.buildserver.sonarplugin.sqrunner.tool.SonarQubeScannerToolType"/>

    <bean class="jetbrains.buildserver.sonarplugin.msbuild.SQMSBeginRunType"/>
    <bean class="jetbrains.buildserver.sonarplugin.msbuild.SQMSFinishRunType"/>
    <bean class="jetbrains.buildserver.sonarplugin.msbuild.tool.SonarQubeMSBuildToolType"/>
    <bean id="newManager" class="jetbrains.buildserver.sonarplugin.manager.projectfeatures.SQSManagerProjectFeatures"
          autowire-candidate="false"/>
    <bean class="jetbrains.buildserver.sonarplugin.manager.MigratingSQSManager" autowire-candidate="true">
        <constructor-arg index="0">
            <list>
                <bean class="jetbrains.buildserver.sonarplugin.manager.projectsettings.SQSManagerImpl"
                      autowire-candidate="false"/>
                <ref bean="newManager"/>
                <bean class="jetbrains.buildserver.sonarplugin.sqrunner.manager.projectfeatures.SQSManagerEmptyTypeProjectFeatures"
                      autowire-candidate="false"/>
            </list>
        </constructor-arg>
        <constructor-arg index="1" ref="newManager"/>
    </bean>


    <bean class="jetbrains.buildserver.sonarplugin.manager.ServerManagementProjectTab"/>
    <bean class="jetbrains.buildserver.sonarplugin.manager.ManageSQSActionController"/>
    <bean class="jetbrains.buildserver.sonarplugin.manager.SQSInfoFactory"/>
    
    <bean class="jetbrains.buildserver.sonarplugin.buildfeatures.BranchesAndPullRequestsBuildFeature"/>
    <bean class="jetbrains.buildserver.sonarplugin.buildfeatures.BranchesAndPullRequestsBuildStartContextProcessor"/>
    
</beans>
