<url title="JMeter Plugins" template="dat/plugins.tpl"
     keywords="jmeter, plugins, load, performance, analysis, graphs, hadoop, webdriver, selenium"
     description="A custom set of plugins for Apache JMeter, not affiliated with Apache Software Foundation, graphs, load shapers, new functions."
     class="PWE\Modules\HTMLPage\HTMLPage" src="catalogue.html">

    <url link="get" class="PWE\Modules\RedirectAccepted\RedirectAccepted"
         base="https://search.maven.org/remotecontent?filepath=kg/apc/jmeter-plugins-manager/1.7/jmeter-plugins-manager-1.7.jar"
         no_final_slash="1"/>

    <url link="install" title="Install" menu="1" ico="fa-download"
         class="PWE\Modules\SimpleWiki\SimpleWiki" wiki_dir="wiki" single_page="Install" accept="1"
    />

    <url link="catalogue" title="Browse Plugins" menu="1" ico="fa-search"
         class="PWE\Modules\RedirectAccepted\RedirectAccepted" accept="1" base=""
    />

    <url link="downloads" title="Download" menu="0" class="PWE\Modules\SimpleWiki\SimpleWiki" wiki_dir="dl"
         start_page="all" files_base="files" download_link="../file" accept="1" ico="fa-download">
        <url link="file" files_base="files" class="PWE\Modules\FileDownloads\FileDownloads" accept="2"/>
        <url link="all" class="PWE\Modules\RedirectAccepted\RedirectAccepted" no_final_slash="1"
             base="/install/Install/"/>
    </url>

    <url link="wiki" class="PWE\Modules\SimpleWiki\SimpleWiki" wiki_dir="wiki" start_page="Start" ico="fa-book"
         files_base="files" download_link="../../downloads/file"
         accept="1" menu="1" title="Documentation">
        <url link="WeightedSwitchController" class="PWE\Modules\RedirectAccepted\RedirectAccepted" no_final_slash="1"
             base="https://github.com/Blazemeter/jmeter-bzm-plugins/blob/master/wsc/WeightedSwitchController.md"/>

        <url link="RotatingListener" class="PWE\Modules\RedirectAccepted\RedirectAccepted" no_final_slash="1"
             base="https://github.com/Blazemeter/jmeter-bzm-plugins/blob/master/rotating-listener/RotatingListener.md"/>

        <url link="XMPPSampler" class="PWE\Modules\RedirectAccepted\RedirectAccepted" no_final_slash="1"
             base="https://github.com/Blazemeter/jmeter-bzm-plugins/blob/master/xmpp/XMPPSampler.md"/>

        <url link="XMPPConnection" class="PWE\Modules\RedirectAccepted\RedirectAccepted" no_final_slash="1"
             base="https://github.com/Blazemeter/jmeter-bzm-plugins/blob/master/xmpp/XMPPConnection.md"/>

        <url link="DirectoryListing" class="PWE\Modules\RedirectAccepted\RedirectAccepted" no_final_slash="1"
             base="https://github.com/Blazemeter/jmeter-bzm-plugins/blob/master/directory-listing/DirectoryListing.md"/>

        <url link="LoadosophiaUploader" class="PWE\Modules\RedirectAccepted\RedirectAccepted" no_final_slash="1"
             base="https://github.com/Blazemeter/jmeter-bzm-plugins/blob/master/sense-uploader/LoadosophiaUploader.md"/>

        <url link="PerfMonAgent" class="PWE\Modules\RedirectAccepted\RedirectAccepted" no_final_slash="1"
             base="https://github.com/undera/perfmon-agent"/>

        <url link="HadoopSet" class="PWE\Modules\RedirectAccepted\RedirectAccepted" no_final_slash="1"
             base="https://github.com/undera/jmeter-hadoop"/>
    </url>

    <url link="stats" title="Usage Statistics" menu="1" ico="fa-bar-chart"
         class="PWE\Modules\HTMLPage\HTMLPage" src="stats.html"/>

    <url link="support" menu="1" title="Support Forums" class="PWE\Modules\RedirectAccepted\RedirectAccepted"
         base="http://groups.google.com/forum/#!forum/jmeter-plugins" accept="1" ico="fa-support"/>

    <url link="editor" menu="1" title="JMX Editor" class="PWE\Modules\RedirectAccepted\RedirectAccepted"
         base="/editor/?utm_source=jpgc&amp;utm_medium=banner&amp;utm_campaign=menu" accept="1" ico="fa-pencil-square-o"/>

    <url link="sources" title="Source Code" menu="0" ico="fa-github-alt"
         class="PWE\Modules\RedirectAccepted\RedirectAccepted" base="https://github.com/undera/jmeter-plugins"/>

    <url link="repo" class="JPGC\PluginsRepository" configs="dat/repo" template="empty.tpl"/>
</url>