<?xml version="1.0"?>
<project xsi:schemaLocation="http://maven.apache.org/POM/4.0.0 https://maven.apache.org/xsd/maven-4.0.0.xsd" xmlns="http://maven.apache.org/POM/4.0.0"
    xmlns:xsi="http://www.w3.org/2001/XMLSchema-instance">
  <modelVersion>4.0.0</modelVersion>
  <parent>
    <groupId>com.amazon.alexa</groupId>
    <artifactId>ask-sdk-pom</artifactId>
    <version>2.42.3</version>
  </parent>
  <groupId>com.amazon.alexa</groupId>
  <artifactId>ask-sdk-dynamodb-persistence-adapter</artifactId>
  <version>2.42.3</version>
  <name>ASK SDK for Java DynamoDB Persistence Adapter</name>
  <description>Enables skill attributes to be persisted to DynamoDB through the ASK SDK for Java.</description>
  <url>http://developer.amazon.com/ask</url>
  <licenses>
    <license>
      <name>The Apache License, Version 2.0</name>
      <url>http://www.apache.org/licenses/LICENSE-2.0.txt</url>
    </license>
  </licenses>
  <developers>
    <developer>
      <name>Alexa Skills Kit</name>
      <email>ask-sdk-java@amazon.com</email>
      <organization>Alexa</organization>
      <organizationUrl>http://developer.amazon.com/ask</organizationUrl>
    </developer>
  </developers>
  <scm>
    <connection>scm:git:https://github.com/amzn/alexa-skills-kit-java.git</connection>
    <developerConnection>scm:git:https://github.com/amzn/alexa-skills-kit-java.git</developerConnection>
    <url>https://github.com/amzn/alexa-skills-kit-java.git</url>
  </scm>
  <dependencies>
    <dependency>
      <groupId>com.amazon.alexa</groupId>
      <artifactId>ask-sdk-core</artifactId>
      <version>2.42.3</version>
    </dependency>
    <dependency>
      <groupId>com.amazonaws</groupId>
      <artifactId>aws-java-sdk-dynamodb</artifactId>
      <version>1.11.420</version>
    </dependency>
    <dependency>
      <groupId>org.powermock</groupId>
      <artifactId>powermock-api-mockito</artifactId>
      <version>1.7.3</version>
      <scope>test</scope>
    </dependency>
    <dependency>
      <groupId>junit</groupId>
      <artifactId>junit</artifactId>
      <version>4.13.1</version>
      <scope>test</scope>
    </dependency>
  </dependencies>
  <build>
    <plugins>
      <plugin>
        <groupId>org.jacoco</groupId>
        <artifactId>jacoco-maven-plugin</artifactId>
        <version>0.8.8</version>
        <executions>
          <execution>
            <id>default-prepare-agent</id>
            <goals>
              <goal>prepare-agent</goal>
            </goals>
          </execution>
          <execution>
            <id>default-report</id>
            <goals>
              <goal>report</goal>
            </goals>
          </execution>
        </executions>
      </plugin>
      <plugin>
        <artifactId>maven-assembly-plugin</artifactId>
        <version>3.2.0</version>
        <executions>
          <execution>
            <phase>package</phase>
            <goals>
              <goal>single</goal>
            </goals>
            <configuration>
              <descriptorRefs>
                <descriptorRef>jar-with-dependencies</descriptorRef>
              </descriptorRefs>
            </configuration>
          </execution>
        </executions>
      </plugin>
    </plugins>
  </build>
  <profiles>
    <profile>
      <id>publishing</id>
      <build>
        <plugins>
          <plugin>
            <artifactId>maven-gpg-plugin</artifactId>
            <executions>
              <execution>
                <id>sign-artifacts</id>
                <phase>verify</phase>
                <goals>
                  <goal>sign</goal>
                </goals>
              </execution>
            </executions>
          </plugin>
          <plugin>
            <groupId>org.sonatype.plugins</groupId>
            <artifactId>nexus-staging-maven-plugin</artifactId>
            <version>1.6.8</version>
            <extensions>true</extensions>
            <configuration>
              <serverId>sonatype-nexus-staging</serverId>
              <nexusUrl>https://oss.sonatype.org</nexusUrl>
            </configuration>
          </plugin>
        </plugins>
      </build>
    </profile>
  </profiles>
</project>
