<project xmlns="http://maven.apache.org/DECORATION/1.3.0" xmlns:xsi="http://www.w3.org/2001/XMLSchema-instance"
         xsi:schemaLocation="http://maven.apache.org/DECORATION/1.3.0 http://maven.apache.org/xsd/decoration-1.3.0.xsd"
        name="Buildplan Maven Plugin">
    <skin>
        <groupId>org.apache.maven.skins</groupId>
        <artifactId>maven-fluido-skin</artifactId>
        <version>1.9</version>
    </skin>
    <body>
        <menu name="Overview">
            <item name="Introduction" href="index.html"/>
            <item name="Goals" href="plugin-info.html"/>
            <item name="Usage" href="usage.html"/>
        </menu>
        <menu ref="reports"/>
    </body>
    <custom>
        <fluidoSkin>
            <gitHub>
                <projectId>jcgay/buildplan-maven-plugin</projectId>
                <ribbonOrientation>right</ribbonOrientation>
            </gitHub>
        </fluidoSkin>
    </custom>
</project>
