<?xml version="1.0" encoding="utf-8" ?>
<!--

    Licensed to the Austrian Association for Software Tool Integration (AASTI)
    under one or more contributor license agreements. See the NOTICE file
    distributed with this work for additional information regarding copyright
    ownership. The AASTI licenses this file to you under the Apache License,
    Version 2.0 (the "License"); you may not use this file except in compliance
    with the License. You may obtain a copy of the License at

        http://www.apache.org/licenses/LICENSE-2.0

    Unless required by applicable law or agreed to in writing, software
    distributed under the License is distributed on an "AS IS" BASIS,
    WITHOUT WARRANTIES OR CONDITIONS OF ANY KIND, either express or implied.
    See the License for the specific language governing permissions and
    limitations under the License.

-->

<blueprint xmlns="http://www.osgi.org/xmlns/blueprint/v1.0.0" xmlns:xsi="http://www.w3.org/2001/XMLSchema-instance"
  xsi:schemaLocation="http://www.osgi.org/xmlns/blueprint/v1.0.0 http://www.osgi.org/xmlns/blueprint/v1.0.0/blueprint.xsd"
  xmlns:ext="http://aries.apache.org/blueprint/xmlns/blueprint-ext/v1.0.0">

  <!-- Allows us to use system properties as variables in this configuration file -->
  <ext:property-placeholder placeholder-prefix="$[" placeholder-suffix="]" />

  <service interface="org.openengsb.core.api.persistence.ConfigPersistenceBackendService">
    <service-properties>
      <entry key="backend.id" value="contextFilePersistenceService" />
    </service-properties>
    <bean class="org.openengsb.persistence.context.filebackend.ContextFilePersistenceService">
      <property name="storageFolderPath" value="$[karaf.data]/openengsb/config" />
    </bean>
  </service>

</blueprint>
