<?xml version="1.0" encoding="UTF-8"?>
<project xsi:schemaLocation="http://maven.apache.org/POM/4.0.0 https://maven.apache.org/xsd/maven-4.0.0.xsd" xmlns="http://maven.apache.org/POM/4.0.0"
    xmlns:xsi="http://www.w3.org/2001/XMLSchema-instance">
  <modelVersion>4.0.0</modelVersion>
  <parent>
    <groupId>com.github.rutledgepaulv</groupId>
    <artifactId>maven</artifactId>
    <version>1.1</version>
  </parent>
  <artifactId>q-builders</artifactId>
  <version>1.7-SNAPSHOT</version>
  <name>q-builders</name>
  <description>A type-safe and database agnostic query building library.</description>
  <url>http://github.com/rutledgepaulv/q-builders</url>
  <scm>
    <connection>scm:git:git@github.com:rutledgepaulv/q-builders.git</connection>
    <url>http://github.com/rutledgepaulv/q-builders</url>
  </scm>
  <issueManagement>
    <system>github</system>
    <url>https://github.com/rutledgepaulv/q-builders/issues</url>
  </issueManagement>
  <ciManagement>
    <system>travis</system>
    <url>https://travis-ci.org/rutledgepaulv/q-builders</url>
  </ciManagement>
  <dependencies>
    <dependency>
      <groupId>org.apache.commons</groupId>
      <artifactId>commons-lang3</artifactId>
      <version>3.4</version>
    </dependency>
    <dependency>
      <groupId>org.springframework.data</groupId>
      <artifactId>spring-data-mongodb</artifactId>
      <version>1.9.2.RELEASE</version>
      <scope>compile</scope>
      <optional>true</optional>
    </dependency>
    <dependency>
      <groupId>org.elasticsearch</groupId>
      <artifactId>elasticsearch</artifactId>
      <version>2.3.4</version>
      <scope>compile</scope>
      <optional>true</optional>
    </dependency>
    <dependency>
      <groupId>cz.jirutka.rsql</groupId>
      <artifactId>rsql-parser</artifactId>
      <version>2.1.0</version>
      <scope>test</scope>
    </dependency>
  </dependencies>
  <build>
    <plugins>
      <plugin>
        <groupId>org.jacoco</groupId>
        <artifactId>jacoco-maven-plugin</artifactId>
        <version>0.8.8</version>
        <executions>
          <execution>
            <id>default-prepare-agent</id>
            <goals>
              <goal>prepare-agent</goal>
            </goals>
          </execution>
          <execution>
            <id>default-report</id>
            <goals>
              <goal>report</goal>
            </goals>
          </execution>
        </executions>
      </plugin>
      <plugin>
        <artifactId>maven-assembly-plugin</artifactId>
        <version>3.2.0</version>
        <executions>
          <execution>
            <phase>package</phase>
            <goals>
              <goal>single</goal>
            </goals>
            <configuration>
              <descriptorRefs>
                <descriptorRef>jar-with-dependencies</descriptorRef>
              </descriptorRefs>
            </configuration>
          </execution>
        </executions>
      </plugin>
    </plugins>
  </build>
</project>
