<?xml version="1.0" encoding="UTF-8"?>
<!--
~ JBoss, Home of Professional Open Source.
~ Copyright 2018, Red Hat, Inc., and individual contributors
~ as indicated by the @author tags. See the copyright.txt file in the
~ distribution for a full listing of individual contributors.
~
~ This is free software; you can redistribute it and/or modify it
~ under the terms of the GNU Lesser General Public License as
~ published by the Free Software Foundation; either version 2.1 of
~ the License, or (at your option) any later version.
~
~ This software is distributed in the hope that it will be useful,
~ but WITHOUT ANY WARRANTY; without even the implied warranty of
~ MERCHANTABILITY or FITNESS FOR A PARTICULAR PURPOSE. See the GNU
~ Lesser General Public License for more details.
~
~ You should have received a copy of the GNU Lesser General Public
~ License along with this software; if not, write to the Free
~ Software Foundation, Inc., 51 Franklin St, Fifth Floor, Boston, MA
~ 02110-1301 USA, or see the FSF site: http://www.fsf.org.
-->
<!-- saved at: <war-archive>/WEB-INF/web.xml -->
<datasources xmlns="http://www.jboss.org/ironjacamar/schema" xmlns:xsi="http://www.w3.org/2001/XMLSchema-instance">

    <!-- The datasource is bound into JNDI at this location, referenced at META-INF/persistence.xml -->
    <datasource jndi-name="java:jboss/datasources/jdbc" pool-name="jdbc-datasource"
                enabled="true" use-java-context="true">
        <connection-url>jdbc:h2:mem:jdbcdatasource;MODE=Oracle;DB_CLOSE_DELAY=-1;DB_CLOSE_ON_EXIT=FALSE</connection-url>
        <driver>h2</driver> <!-- driver 'h2' defined in the default WFLY configuration -->
        <security>
            <user-name>sa</user-name>
            <password>sa</password>
        </security>
    </datasource>
    
    <datasource jndi-name="java:jboss/datasources/jdbc-cmr" pool-name="jdbc-cmr-datasource"
                enabled="true" use-java-context="true" connectable="true">
        <connection-url>jdbc:h2:mem:cmrdatasource;MODE=Oracle;DB_CLOSE_DELAY=-1;DB_CLOSE_ON_EXIT=FALSE</connection-url>
        <driver>h2</driver>
        <security>
            <user-name>sa</user-name>
            <password>sa</password>
        </security>
    </datasource>

</datasources>
