<?xml version="1.0"?>
<project xsi:schemaLocation="http://maven.apache.org/POM/4.0.0 http://maven.apache.org/xsd/maven-4.0.0.xsd" xmlns="http://maven.apache.org/POM/4.0.0"
    xmlns:xsi="http://www.w3.org/2001/XMLSchema-instance">
  <modelVersion>4.0.0</modelVersion>
  <groupId>io.github.bonigarcia</groupId>
  <artifactId>junit4-cucumber</artifactId>
  <version>1.0.0</version>
  <properties>
    <project.encondig>UTF-8</project.encondig>
    <project.reporting.outputEncoding>${project.encondig}</project.reporting.outputEncoding>
    <cucumber.version>7.2.3</cucumber.version>
    <java.version>1.8</java.version>
    <project.build.sourceEncoding>${project.encondig}</project.build.sourceEncoding>
    <maven.compiler.source>${java.version}</maven.compiler.source>
    <maven.compiler.target>${java.version}</maven.compiler.target>
    <junit.version>4.13.2</junit.version>
  </properties>
  <dependencies>
    <dependency>
      <groupId>junit</groupId>
      <artifactId>junit</artifactId>
      <version>4.13.2</version>
      <scope>test</scope>
    </dependency>
    <dependency>
      <groupId>io.cucumber</groupId>
      <artifactId>cucumber-java</artifactId>
      <version>7.2.3</version>
      <scope>test</scope>
    </dependency>
    <dependency>
      <groupId>io.cucumber</groupId>
      <artifactId>cucumber-junit</artifactId>
      <version>7.2.3</version>
      <scope>test</scope>
      <exclusions>
        <exclusion>
          <artifactId>junit</artifactId>
          <groupId>junit</groupId>
        </exclusion>
      </exclusions>
    </dependency>
    <dependency>
      <groupId>io.cucumber</groupId>
      <artifactId>html-formatter</artifactId>
      <version>17.0.0</version>
      <scope>test</scope>
    </dependency>
    <dependency>
      <groupId>org.apiguardian</groupId>
      <artifactId>apiguardian-api</artifactId>
      <version>1.1.2</version>
      <scope>test</scope>
    </dependency>
    <dependency>
      <groupId>org.hamcrest</groupId>
      <artifactId>hamcrest-core</artifactId>
      <version>1.3</version>
      <scope>test</scope>
    </dependency>
    <dependency>
      <groupId>io.cucumber</groupId>
      <artifactId>cucumber-expressions</artifactId>
      <version>15.0.1</version>
      <scope>test</scope>
    </dependency>
    <dependency>
      <groupId>io.cucumber</groupId>
      <artifactId>tag-expressions</artifactId>
      <version>4.1.0</version>
      <scope>test</scope>
    </dependency>
    <dependency>
      <groupId>io.cucumber</groupId>
      <artifactId>cucumber-core</artifactId>
      <version>7.2.3</version>
      <scope>test</scope>
    </dependency>
    <dependency>
      <groupId>io.cucumber</groupId>
      <artifactId>ci-environment</artifactId>
      <version>8.1.0</version>
      <scope>test</scope>
    </dependency>
    <dependency>
      <groupId>io.cucumber</groupId>
      <artifactId>cucumber-plugin</artifactId>
      <version>7.2.3</version>
      <scope>test</scope>
    </dependency>
    <dependency>
      <groupId>io.cucumber</groupId>
      <artifactId>cucumber-gherkin-messages</artifactId>
      <version>7.2.3</version>
      <scope>test</scope>
    </dependency>
    <dependency>
      <groupId>io.cucumber</groupId>
      <artifactId>docstring</artifactId>
      <version>7.2.3</version>
      <scope>test</scope>
    </dependency>
    <dependency>
      <groupId>io.cucumber</groupId>
      <artifactId>datatable</artifactId>
      <version>7.2.3</version>
      <scope>test</scope>
    </dependency>
    <dependency>
      <groupId>io.cucumber</groupId>
      <artifactId>messages</artifactId>
      <version>17.1.1</version>
      <scope>test</scope>
    </dependency>
    <dependency>
      <groupId>io.cucumber</groupId>
      <artifactId>cucumber-gherkin</artifactId>
      <version>7.2.3</version>
      <scope>test</scope>
    </dependency>
  </dependencies>
</project>
