<?xml version="1.0" encoding="UTF-8"?>
<project xsi:schemaLocation="http://maven.apache.org/POM/4.0.0 https://maven.apache.org/xsd/maven-4.0.0.xsd" xmlns="http://maven.apache.org/POM/4.0.0"
    xmlns:xsi="http://www.w3.org/2001/XMLSchema-instance">
  <modelVersion>4.0.0</modelVersion>
  <parent>
    <groupId>org.springframework.boot</groupId>
    <artifactId>spring-boot-starter-parent</artifactId>
    <version>2.3.1.RELEASE</version>
  </parent>
  <groupId>org.springframework.samples</groupId>
  <artifactId>spring-petclinic</artifactId>
  <version>2.3.1.BUILD-SNAPSHOT</version>
  <name>petclinic</name>
  <licenses>
    <license>
      <name>Apache License, Version 2.0</name>
      <url>https://www.apache.org/licenses/LICENSE-2.0</url>
    </license>
  </licenses>
  <properties>
    <webjars-bootstrap.version>3.3.6</webjars-bootstrap.version>
    <wro4j.version>1.8.0</wro4j.version>
    <java.version>1.8</java.version>
    <nohttp-checkstyle.version>0.0.4.RELEASE</nohttp-checkstyle.version>
    <project.reporting.outputEncoding>UTF-8</project.reporting.outputEncoding>
    <project.build.sourceEncoding>UTF-8</project.build.sourceEncoding>
    <webjars-jquery.version>2.2.4</webjars-jquery.version>
    <jacoco.version>0.8.5</jacoco.version>
    <webjars-jquery-ui.version>1.11.4</webjars-jquery-ui.version>
    <spring-format.version>0.0.22</spring-format.version>
  </properties>
  <dependencies>
    <dependency>
      <groupId>org.springframework.boot</groupId>
      <artifactId>spring-boot-starter-actuator</artifactId>
    </dependency>
    <dependency>
      <groupId>org.springframework.boot</groupId>
      <artifactId>spring-boot-starter-cache</artifactId>
    </dependency>
    <dependency>
      <groupId>org.springframework.boot</groupId>
      <artifactId>spring-boot-starter-data-jpa</artifactId>
    </dependency>
    <dependency>
      <groupId>org.springframework.boot</groupId>
      <artifactId>spring-boot-starter-web</artifactId>
    </dependency>
    <dependency>
      <groupId>org.springframework.boot</groupId>
      <artifactId>spring-boot-starter-validation</artifactId>
    </dependency>
    <dependency>
      <groupId>org.springframework.boot</groupId>
      <artifactId>spring-boot-starter-thymeleaf</artifactId>
    </dependency>
    <dependency>
      <groupId>org.springframework.boot</groupId>
      <artifactId>spring-boot-starter-test</artifactId>
      <scope>test</scope>
      <exclusions>
        <exclusion>
          <artifactId>junit-vintage-engine</artifactId>
          <groupId>org.junit.vintage</groupId>
        </exclusion>
      </exclusions>
    </dependency>
    <dependency>
      <groupId>com.h2database</groupId>
      <artifactId>h2</artifactId>
      <scope>runtime</scope>
    </dependency>
    <dependency>
      <groupId>mysql</groupId>
      <artifactId>mysql-connector-java</artifactId>
      <scope>runtime</scope>
    </dependency>
    <dependency>
      <groupId>javax.cache</groupId>
      <artifactId>cache-api</artifactId>
    </dependency>
    <dependency>
      <groupId>org.ehcache</groupId>
      <artifactId>ehcache</artifactId>
    </dependency>
    <dependency>
      <groupId>org.webjars</groupId>
      <artifactId>webjars-locator-core</artifactId>
    </dependency>
    <dependency>
      <groupId>org.webjars</groupId>
      <artifactId>jquery</artifactId>
      <version>${webjars-jquery.version}</version>
    </dependency>
    <dependency>
      <groupId>org.webjars</groupId>
      <artifactId>jquery-ui</artifactId>
      <version>${webjars-jquery-ui.version}</version>
    </dependency>
    <dependency>
      <groupId>org.webjars</groupId>
      <artifactId>bootstrap</artifactId>
      <version>${webjars-bootstrap.version}</version>
    </dependency>
    <dependency>
      <groupId>org.junit.jupiter</groupId>
      <artifactId>junit-jupiter-engine</artifactId>
      <scope>test</scope>
    </dependency>
    <dependency>
      <groupId>org.mockito</groupId>
      <artifactId>mockito-junit-jupiter</artifactId>
      <scope>test</scope>
    </dependency>
    <dependency>
      <groupId>org.springframework.boot</groupId>
      <artifactId>spring-boot-devtools</artifactId>
      <optional>true</optional>
    </dependency>
  </dependencies>
  <repositories>
    <repository>
      <snapshots>
        <enabled>true</enabled>
      </snapshots>
      <id>spring-snapshots</id>
      <name>Spring Snapshots</name>
      <url>https://repo.spring.io/snapshot</url>
    </repository>
    <repository>
      <snapshots>
        <enabled>false</enabled>
      </snapshots>
      <id>spring-milestones</id>
      <name>Spring Milestones</name>
      <url>https://repo.spring.io/milestone</url>
    </repository>
  </repositories>
  <pluginRepositories>
    <pluginRepository>
      <snapshots>
        <enabled>true</enabled>
      </snapshots>
      <id>spring-snapshots</id>
      <name>Spring Snapshots</name>
      <url>https://repo.spring.io/snapshot</url>
    </pluginRepository>
    <pluginRepository>
      <snapshots>
        <enabled>false</enabled>
      </snapshots>
      <id>spring-milestones</id>
      <name>Spring Milestones</name>
      <url>https://repo.spring.io/milestone</url>
    </pluginRepository>
  </pluginRepositories>
  <build>
    <plugins>
      <plugin>
        <groupId>org.jacoco</groupId>
        <artifactId>jacoco-maven-plugin</artifactId>
        <version>0.8.8</version>
        <executions>
          <execution>
            <id>default-prepare-agent</id>
            <goals>
              <goal>prepare-agent</goal>
            </goals>
          </execution>
          <execution>
            <id>default-report</id>
            <goals>
              <goal>report</goal>
            </goals>
          </execution>
        </executions>
      </plugin>
      <plugin>
        <artifactId>maven-assembly-plugin</artifactId>
        <version>3.2.0</version>
        <executions>
          <execution>
            <phase>package</phase>
            <goals>
              <goal>single</goal>
            </goals>
            <configuration>
              <descriptorRefs>
                <descriptorRef>jar-with-dependencies</descriptorRef>
              </descriptorRefs>
            </configuration>
          </execution>
        </executions>
      </plugin>
    </plugins>
  </build>
  <profiles>
    <profile>
      <id>m2e</id>
      <activation>
        <property>
          <name>m2e.version</name>
        </property>
      </activation>
      <build>
        <pluginManagement>
          <plugins>
            <plugin>
              <groupId>org.eclipse.m2e</groupId>
              <artifactId>lifecycle-mapping</artifactId>
              <version>1.0.0</version>
              <configuration>
                <lifecycleMappingMetadata>
                  <pluginExecutions>
                    <pluginExecution>
                      <pluginExecutionFilter>
                        <groupId>org.apache.maven.plugins</groupId>
                        <artifactId>maven-checkstyle-plugin</artifactId>
                        <versionRange>[1,)</versionRange>
                        <goals>
                          <goal>check</goal>
                        </goals>
                      </pluginExecutionFilter>
                      <action>
                        <ignore />
                      </action>
                    </pluginExecution>
                    <pluginExecution>
                      <pluginExecutionFilter>
                        <groupId>org.springframework.boot</groupId>
                        <artifactId>spring-boot-maven-plugin</artifactId>
                        <versionRange>[1,)</versionRange>
                        <goals>
                          <goal>build-info</goal>
                        </goals>
                      </pluginExecutionFilter>
                      <action>
                        <ignore />
                      </action>
                    </pluginExecution>
                  </pluginExecutions>
                </lifecycleMappingMetadata>
              </configuration>
            </plugin>
          </plugins>
        </pluginManagement>
      </build>
    </profile>
  </profiles>
</project>
