<?xml version="1.0" encoding="UTF-8"?>

    <configuration scan="true" scanPeriod="10 seconds">
        <springProperty name="logPath"  scope="context" source="nacosSync.logs.path" defaultValue="${nacosSync.home}/logs"/>
        <property name="LOG_HOME" value="${logPath}" />
    <appender name="FILEINFO" class="ch.qos.logback.core.rolling.RollingFileAppender">
        <file>${LOG_HOME}/nacosSync.log</file>
        <rollingPolicy class="ch.qos.logback.core.rolling.TimeBasedRollingPolicy">
            <fileNamePattern>${LOG_HOME}/log-nacosSync-%d{yyyy-MM-dd}.%i.log</fileNamePattern>
            <timeBasedFileNamingAndTriggeringPolicy class="ch.qos.logback.core.rolling.SizeAndTimeBasedFNATP">
                <maxFileSize>200MB</maxFileSize>
            </timeBasedFileNamingAndTriggeringPolicy>
        </rollingPolicy>
        <append>true</append>
        <encoder class="ch.qos.logback.classic.encoder.PatternLayoutEncoder">
            <pattern>%d{yyyy-MM-dd HH:mm:ss.SSS} %-5level %logger Line:%-3L - %msg%n</pattern>
            <charset>utf-8</charset>
        </encoder>
    </appender>

    <appender name="STDOUT" class="ch.qos.logback.core.ConsoleAppender">
        <encoder class="ch.qos.logback.classic.encoder.PatternLayoutEncoder">
            <pattern>%d{yyyy-MM-dd HH:mm:ss.SSS} [%thread] %-5level %logger{50} - %msg%n</pattern>
        </encoder>
    </appender>

    <logger name="com.alibaba.nacossync" level="INFO"/>

    <logger name="org.hibernate.type.descriptor.sql.BasicBinder" level="INFO"/>
    <logger name="org.hibernate.type.descriptor.sql.BasicExtractor" level="INFO"/>
    <logger name="org.hibernate.SQL" level="INFO"/>
    <logger name="org.hibernate.engine.QueryParameters" level="INFO"/>
    <logger name="org.hibernate.engine.query.HQLQueryPlan" level="INFO"/>

    <root level="INFO">
        <appender-ref ref="STDOUT"/>
        <appender-ref ref="FILEINFO"/>
    </root>

</configuration>