<?xml version="1.0" encoding="UTF-8"?>
<project xsi:schemaLocation="http://maven.apache.org/POM/4.0.0 https://maven.apache.org/xsd/maven-4.0.0.xsd" xmlns="http://maven.apache.org/POM/4.0.0"
    xmlns:xsi="http://www.w3.org/2001/XMLSchema-instance">
  <modelVersion>4.0.0</modelVersion>
  <groupId>com.github.kaysoro</groupId>
  <artifactId>Kaelly</artifactId>
  <version>1.6.4</version>
  <properties>
    <project.build.sourceEncoding>UTF-8</project.build.sourceEncoding>
    <maven.compiler.source>1.8</maven.compiler.source>
    <maven.compiler.target>1.8</maven.compiler.target>
  </properties>
  <dependencies>
    <dependency>
      <groupId>org.apache.commons</groupId>
      <artifactId>commons-lang3</artifactId>
      <version>3.11</version>
    </dependency>
    <dependency>
      <groupId>org.jsoup</groupId>
      <artifactId>jsoup</artifactId>
      <version>1.14.2</version>
    </dependency>
    <dependency>
      <groupId>org.xerial</groupId>
      <artifactId>sqlite-jdbc</artifactId>
      <version>3.32.3.2</version>
    </dependency>
    <dependency>
      <groupId>commons-io</groupId>
      <artifactId>commons-io</artifactId>
      <version>2.8.0</version>
    </dependency>
    <dependency>
      <groupId>com.discord4j</groupId>
      <artifactId>discord4j-core</artifactId>
      <version>3.2.1</version>
    </dependency>
    <dependency>
      <groupId>com.rometools</groupId>
      <artifactId>rome</artifactId>
      <version>1.15.0</version>
    </dependency>
    <dependency>
      <groupId>org.projectlombok</groupId>
      <artifactId>lombok</artifactId>
      <version>1.18.16</version>
      <scope>provided</scope>
    </dependency>
    <dependency>
      <groupId>javax.validation</groupId>
      <artifactId>validation-api</artifactId>
      <version>2.0.1.Final</version>
    </dependency>
    <dependency>
      <groupId>org.glassfish.jersey.core</groupId>
      <artifactId>jersey-client</artifactId>
      <version>2.34</version>
    </dependency>
    <dependency>
      <groupId>org.glassfish.jersey.inject</groupId>
      <artifactId>jersey-hk2</artifactId>
      <version>2.34</version>
    </dependency>
    <dependency>
      <groupId>com.fasterxml.jackson.jaxrs</groupId>
      <artifactId>jackson-jaxrs-json-provider</artifactId>
      <version>2.11.3</version>
    </dependency>
    <dependency>
      <groupId>com.fasterxml.jackson.datatype</groupId>
      <artifactId>jackson-datatype-jsr310</artifactId>
      <version>2.11.3</version>
    </dependency>
    <dependency>
      <groupId>io.sentry</groupId>
      <artifactId>sentry</artifactId>
      <version>1.7.30</version>
    </dependency>
    <dependency>
      <groupId>ch.qos.logback</groupId>
      <artifactId>logback-classic</artifactId>
      <version>1.2.3</version>
    </dependency>
    <dependency>
      <groupId>org.twitter4j</groupId>
      <artifactId>twitter4j-stream</artifactId>
      <version>4.0.7</version>
    </dependency>
    <dependency>
      <groupId>com.optimaize.languagedetector</groupId>
      <artifactId>language-detector</artifactId>
      <version>0.6</version>
    </dependency>
    <dependency>
      <groupId>org.jfree</groupId>
      <artifactId>jfreechart</artifactId>
      <version>1.5.1</version>
    </dependency>
    <dependency>
      <groupId>org.junit.jupiter</groupId>
      <artifactId>junit-jupiter-engine</artifactId>
      <version>5.7.0</version>
      <scope>test</scope>
    </dependency>
    <dependency>
      <groupId>org.apache.httpcomponents</groupId>
      <artifactId>httpclient</artifactId>
      <version>4.5.13</version>
    </dependency>
    <dependency>
      <groupId>redis.clients</groupId>
      <artifactId>jedis</artifactId>
      <version>3.5.1</version>
      <scope>compile</scope>
    </dependency>
  </dependencies>
  <build>
    <plugins>
      <plugin>
        <groupId>org.jacoco</groupId>
        <artifactId>jacoco-maven-plugin</artifactId>
        <version>0.8.8</version>
        <executions>
          <execution>
            <id>default-prepare-agent</id>
            <goals>
              <goal>prepare-agent</goal>
            </goals>
          </execution>
          <execution>
            <id>default-report</id>
            <goals>
              <goal>report</goal>
            </goals>
          </execution>
        </executions>
      </plugin>
      <plugin>
        <artifactId>maven-assembly-plugin</artifactId>
        <version>3.2.0</version>
        <executions>
          <execution>
            <phase>package</phase>
            <goals>
              <goal>single</goal>
            </goals>
            <configuration>
              <descriptorRefs>
                <descriptorRef>jar-with-dependencies</descriptorRef>
              </descriptorRefs>
            </configuration>
          </execution>
        </executions>
      </plugin>
    </plugins>
  </build>
</project>
