<?xml version="1.0"?>
<project xsi:schemaLocation="http://maven.apache.org/POM/4.0.0 https://maven.apache.org/xsd/maven-4.0.0.xsd" xmlns="http://maven.apache.org/POM/4.0.0"
    xmlns:xsi="http://www.w3.org/2001/XMLSchema-instance">
  <modelVersion>4.0.0</modelVersion>
  <groupId>com.eatthepath</groupId>
  <artifactId>java-otp</artifactId>
  <version>0.4.0-SNAPSHOT</version>
  <name>java-otp</name>
  <description>A one-time password (HOTP and TOTP) library for Java</description>
  <url>https://github.com/jchambers/java-otp</url>
  <inceptionYear>2016</inceptionYear>
  <licenses>
    <license>
      <name>The MIT License (MIT)</name>
      <url>http://opensource.org/licenses/MIT</url>
      <distribution>repo</distribution>
    </license>
  </licenses>
  <developers>
    <developer>
      <id>jon</id>
      <name>Jon Chambers</name>
      <email>jon.chambers@gmail.com</email>
      <url>https://github.com/jchambers</url>
      <roles>
        <role>developer</role>
      </roles>
      <timezone>-5</timezone>
    </developer>
  </developers>
  <scm>
    <connection>scm:git:https://github.com/jchambers/java-otp.git</connection>
    <developerConnection>scm:git:git@github.com:jchambers/java-otp.git</developerConnection>
    <url>https://github.com/jchambers/java-otp</url>
  </scm>
  <properties>
    <jmh.version>1.32</jmh.version>
    <project.build.sourceEncoding>UTF-8</project.build.sourceEncoding>
    <maven.compiler.source>8</maven.compiler.source>
    <maven.compiler.target>8</maven.compiler.target>
    <junit.version>5.8.1</junit.version>
  </properties>
  <dependencies>
    <dependency>
      <groupId>org.junit.jupiter</groupId>
      <artifactId>junit-jupiter-engine</artifactId>
      <version>${junit.version}</version>
      <scope>test</scope>
    </dependency>
    <dependency>
      <groupId>org.junit.jupiter</groupId>
      <artifactId>junit-jupiter-params</artifactId>
      <version>${junit.version}</version>
      <scope>test</scope>
    </dependency>
    <dependency>
      <groupId>org.openjdk.jmh</groupId>
      <artifactId>jmh-core</artifactId>
      <version>${jmh.version}</version>
      <scope>test</scope>
    </dependency>
    <dependency>
      <groupId>org.openjdk.jmh</groupId>
      <artifactId>jmh-generator-annprocess</artifactId>
      <version>${jmh.version}</version>
      <scope>test</scope>
    </dependency>
  </dependencies>
  <build>
    <plugins>
      <plugin>
        <groupId>org.jacoco</groupId>
        <artifactId>jacoco-maven-plugin</artifactId>
        <version>0.8.8</version>
        <executions>
          <execution>
            <id>default-prepare-agent</id>
            <goals>
              <goal>prepare-agent</goal>
            </goals>
          </execution>
          <execution>
            <id>default-report</id>
            <goals>
              <goal>report</goal>
            </goals>
          </execution>
        </executions>
      </plugin>
      <plugin>
        <artifactId>maven-assembly-plugin</artifactId>
        <version>3.2.0</version>
        <executions>
          <execution>
            <phase>package</phase>
            <goals>
              <goal>single</goal>
            </goals>
            <configuration>
              <descriptorRefs>
                <descriptorRef>jar-with-dependencies</descriptorRef>
              </descriptorRefs>
            </configuration>
          </execution>
        </executions>
      </plugin>
    </plugins>
  </build>
  <profiles>
    <profile>
      <id>java-8-release-target</id>
      <activation>
        <jdk>[9,)</jdk>
      </activation>
      <properties>
        <maven.compiler.release>8</maven.compiler.release>
      </properties>
    </profile>
    <profile>
      <id>release-sign-artifacts</id>
      <activation>
        <property>
          <name>performRelease</name>
          <value>true</value>
        </property>
      </activation>
      <build>
        <plugins>
          <plugin>
            <artifactId>maven-gpg-plugin</artifactId>
            <version>3.0.1</version>
            <executions>
              <execution>
                <id>sign-artifacts</id>
                <phase>verify</phase>
                <goals>
                  <goal>sign</goal>
                </goals>
              </execution>
            </executions>
          </plugin>
        </plugins>
      </build>
    </profile>
  </profiles>
</project>
