<!--
  JBoss, Home of Professional Open Source
  Copyright 2006, Red Hat Middleware LLC, and individual contributors
  as indicated by the @author tags.
  See the copyright.txt in the distribution for a full listing
  of individual contributors.
  This copyrighted material is made available to anyone wishing to use,
  modify, copy, or redistribute it subject to the terms and conditions
  of the GNU Lesser General Public License, v. 2.1.
  This program is distributed in the hope that it will be useful, but WITHOUT A
  WARRANTY; without even the implied warranty of MERCHANTABILITY or FITNESS FOR A
  PARTICULAR PURPOSE.  See the GNU Lesser General Public License for more details.
  You should have received a copy of the GNU Lesser General Public License,
  v.2.1 along with this distribution; if not, write to the Free Software
  Foundation, Inc., 51 Franklin Street, Fifth Floor, Boston,
  MA  02110-1301, USA.


  (C) 2005-2006,
  @author JBoss Inc.
-->
<webservices xmlns="http://java.sun.com/xml/ns/j2ee"
	xmlns:impl="http://www.jboss.com/jbosstm/xts/demo"
	version="1.1">

	<webservice-description>
		<webservice-description-name>RestaurantServiceAT</webservice-description-name>

		<wsdl-file>WEB-INF/wsdl/RestaurantServiceAT.wsdl</wsdl-file>

		<jaxrpc-mapping-file>WEB-INF/jaxrpc-mapping.xml</jaxrpc-mapping-file>
		<port-component>
			<port-component-name>RestaurantServiceAT</port-component-name>
			<wsdl-port xmlns:rest="http://www.jboss.com/jbosstm/xts/demo/Restaurant">rest:RestaurantServiceAT</wsdl-port>
			<service-endpoint-interface>com.arjuna.xts.nightout.services.Restaurant.IRestaurantService</service-endpoint-interface>
			<service-impl-bean>
				<servlet-link>RestaurantServiceAT</servlet-link>
			</service-impl-bean>
			<handler>
				<handler-name>serverHandler</handler-name>
				<handler-class>com.arjuna.mw.wst.service.JaxRPCHeaderContextProcessor</handler-class>
			</handler>
		</port-component>
	</webservice-description>
	<webservice-description>
		<webservice-description-name>RestaurantServiceBA</webservice-description-name>

		<wsdl-file>WEB-INF/wsdl/RestaurantServiceBA.wsdl</wsdl-file>

		<jaxrpc-mapping-file>WEB-INF/jaxrpc-mapping.xml</jaxrpc-mapping-file>
		<port-component>
			<port-component-name>RestaurantServiceBA</port-component-name>
			<wsdl-port xmlns:rest="http://www.jboss.com/jbosstm/xts/demo/Restaurant">rest:RestaurantServiceBA</wsdl-port>
			<service-endpoint-interface>com.arjuna.xts.nightout.services.Restaurant.IRestaurantServiceBA</service-endpoint-interface>
			<service-impl-bean>
				<servlet-link>RestaurantServiceBA</servlet-link>
			</service-impl-bean>
			<handler>
				<handler-name>serverHandler</handler-name>
				<handler-class>com.arjuna.mw.wst.service.JaxRPCHeaderContextProcessor</handler-class>
			</handler>
		</port-component>
	</webservice-description>
	<webservice-description>
		<webservice-description-name>TheatreServiceAT</webservice-description-name>

		<wsdl-file>WEB-INF/wsdl/TheatreServiceAT.wsdl</wsdl-file>

		<jaxrpc-mapping-file>WEB-INF/jaxrpc-mapping.xml</jaxrpc-mapping-file>
		<port-component>
			<port-component-name>TheatreServiceAT</port-component-name>
			<wsdl-port xmlns:theatre="http://www.jboss.com/jbosstm/xts/demo/Theatre">theatre:TheatreServiceAT</wsdl-port>
			<service-endpoint-interface>com.arjuna.xts.nightout.services.Theatre.ITheatreService</service-endpoint-interface>
			<service-impl-bean>
				<servlet-link>TheatreServiceAT</servlet-link>
			</service-impl-bean>
			<handler>
				<handler-name>serverHandler</handler-name>
				<handler-class>com.arjuna.mw.wst.service.JaxRPCHeaderContextProcessor</handler-class>
			</handler>
		</port-component>
	</webservice-description>
	<webservice-description>
		<webservice-description-name>TheatreServiceBA</webservice-description-name>

		<wsdl-file>WEB-INF/wsdl/TheatreServiceBA.wsdl</wsdl-file>

		<jaxrpc-mapping-file>WEB-INF/jaxrpc-mapping.xml</jaxrpc-mapping-file>
		<port-component>
			<port-component-name>TheatreServiceBA</port-component-name>
			<wsdl-port xmlns:theatre="http://www.jboss.com/jbosstm/xts/demo/Theatre">theatre:TheatreServiceBA</wsdl-port>
			<service-endpoint-interface>com.arjuna.xts.nightout.services.Theatre.ITheatreServiceBA</service-endpoint-interface>
			<service-impl-bean>
				<servlet-link>TheatreServiceBA</servlet-link>
			</service-impl-bean>
			<handler>
				<handler-name>serverHandler</handler-name>
				<handler-class>com.arjuna.mw.wst.service.JaxRPCHeaderContextProcessor</handler-class>
			</handler>
		</port-component>
	</webservice-description>
	<webservice-description>
		<webservice-description-name>TaxiServiceAT</webservice-description-name>

		<wsdl-file>WEB-INF/wsdl/TaxiServiceAT.wsdl</wsdl-file>

		<jaxrpc-mapping-file>WEB-INF/jaxrpc-mapping.xml</jaxrpc-mapping-file>
		<port-component>
			<port-component-name>TaxiServiceAT</port-component-name>
			<wsdl-port xmlns:taxi="http://www.jboss.com/jbosstm/xts/demo/Taxi">taxi:TaxiServiceAT</wsdl-port>
			<service-endpoint-interface>com.arjuna.xts.nightout.services.Taxi.ITaxiService</service-endpoint-interface>
			<service-impl-bean>
				<servlet-link>TaxiServiceAT</servlet-link>
			</service-impl-bean>
			<handler>
				<handler-name>serverHandler</handler-name>
				<handler-class>com.arjuna.mw.wst.service.JaxRPCHeaderContextProcessor</handler-class>
			</handler>
		</port-component>
	</webservice-description>
	<webservice-description>
		<webservice-description-name>TaxiServiceBA</webservice-description-name>

		<wsdl-file>WEB-INF/wsdl/TaxiServiceBA.wsdl</wsdl-file>

		<jaxrpc-mapping-file>WEB-INF/jaxrpc-mapping.xml</jaxrpc-mapping-file>
		<port-component>
			<port-component-name>TaxiServiceBA</port-component-name>
			<wsdl-port xmlns:taxi="http://www.jboss.com/jbosstm/xts/demo/Taxi">taxi:TaxiServiceBA</wsdl-port>
			<service-endpoint-interface>com.arjuna.xts.nightout.services.Taxi.ITaxiServiceBA</service-endpoint-interface>
			<service-impl-bean>
				<servlet-link>TaxiServiceBA</servlet-link>
			</service-impl-bean>
			<handler>
				<handler-name>serverHandler</handler-name>
				<handler-class>com.arjuna.mw.wst.service.JaxRPCHeaderContextProcessor</handler-class>
			</handler>
		</port-component>
	</webservice-description>
</webservices>
