<config>
    <frameworks>
        <framework>AddressBook</framework>
        <framework>AssetsLibrary</framework>
        <framework>CoreLocation</framework>
        <framework>CoreMotion</framework>
        <framework>CoreGraphics</framework>
        <framework>CoreText</framework>
        <framework>MediaPlayer</framework>
        <framework>Security</framework>
        <framework>SystemConfiguration</framework>
    </frameworks>
    <unhideSymbols>
        <symbol>kGIDSignInErrorDomain</symbol>
    </unhideSymbols>
</config>