<?xml version="1.0" encoding="UTF-8"?>

<beans xmlns="http://www.springframework.org/schema/beans"
       xmlns:aop="http://www.springframework.org/schema/aop"
       xmlns:tx="http://www.springframework.org/schema/tx"
       xmlns:xsi="http://www.w3.org/2001/XMLSchema-instance"
       xmlns:context="http://www.springframework.org/schema/context"
       xmlns:mvc="http://www.springframework.org/schema/mvc"
       xsi:schemaLocation="http://www.springframework.org/schema/aop http://www.springframework.org/schema/aop/spring-aop-2.5.xsd
		http://www.springframework.org/schema/beans http://www.springframework.org/schema/beans/spring-beans-2.0.xsd
		http://www.springframework.org/schema/context http://www.springframework.org/schema/context/spring-context-3.0.xsd
		http://www.springframework.org/schema/tx http://www.springframework.org/schema/tx/spring-tx-2.5.xsd http://www.springframework.org/schema/mvc http://www.springframework.org/schema/mvc/spring-mvc.xsd">

    <mvc:interceptors>
        <mvc:interceptor>
            <mvc:mapping path="/office/home"/>
            <bean class="com.vonzhou.learning.interceptor.TimeBasedAccessInterceptor">
                <property name="openingTime" value="9"/>
                <property name="closingTime" value="24"/>
            </bean>
        </mvc:interceptor>
        <mvc:interceptor>
            <mvc:mapping path="/user/**"/>
            <mvc:exclude-mapping path="/admin/**"/>
            <bean class="com.vonzhou.learning.interceptor.LogInterceptor"/>
        </mvc:interceptor>
    </mvc:interceptors>


</beans>
