<?xml version="1.0" encoding="UTF-8"?>
<beans xmlns="http://www.springframework.org/schema/beans"
       xmlns:xsi="http://www.w3.org/2001/XMLSchema-instance"
       xmlns:mvc="http://www.springframework.org/schema/mvc"
       xmlns:context="http://www.springframework.org/schema/context"
       xsi:schemaLocation="http://www.springframework.org/schema/mvc
       http://www.springframework.org/schema/mvc/spring-mvc.xsd
       http://www.springframework.org/schema/beans
       http://www.springframework.org/schema/beans/spring-beans.xsd http://www.springframework.org/schema/context http://www.springframework.org/schema/context/spring-context.xsd">

    <mvc:resources mapping="/resources/**" location="/resources/"/>
    <mvc:annotation-driven/>
    <!-- 注意不要忘了这个,否则404! -->
    <context:component-scan base-package="com.vonzhou.spitter.controller"/>

    <bean class="org.springframework.web.servlet.view.InternalResourceViewResolver">
        <property name="viewClass" value="org.springframework.web.servlet.view.JstlView"/> <!-- 因为home.jsp 使用了JSTL标签 -->
        <property name="prefix" value="/WEB-INF/views/"/>
        <property name="suffix" value=".jsp"/>
    </bean>

    <bean class="org.springframework.web.servlet.view.tiles3.TilesViewResolver"/>
    <bean class="org.springframework.web.servlet.view.tiles3.TilesConfigurer">
        <property name="definitions">
            <list>
                <value>/WEB-INF/views/**/views.xml</value>
            </list>
        </property>
    </bean>

    <bean id="multipartResolver" class="org.springframework.web.multipart.commons.CommonsMultipartResolver">
        <property name="maxUploadSize" value="500000"/>
    </bean>

    <!-- 发布一个HTTP服务 -->
    <bean id="httpInvokerServiceExporter" class="org.springframework.remoting.httpinvoker.HttpInvokerServiceExporter">
        <property name="service" ref="spitterService"/>
        <property name="serviceInterface" value="com.vonzhou.spitter.service.SpitterService"/>

    </bean>


    <bean id="urlMapping" class="org.springframework.web.servlet.handler.SimpleUrlHandlerMapping">
        <property name="order" value="100"/>
        <property name="urlMap">
            <map>
                <entry key="/spitter.service" value-ref="httpInvokerServiceExporter"/>
            </map>
        </property>
    </bean>


</beans>