<?xml version="1.0" encoding="UTF-8"?>
<project xsi:schemaLocation="http://maven.apache.org/POM/4.0.0 https://maven.apache.org/xsd/maven-4.0.0.xsd" xmlns="http://maven.apache.org/POM/4.0.0"
    xmlns:xsi="http://www.w3.org/2001/XMLSchema-instance">
  <modelVersion>4.0.0</modelVersion>
  <parent>
    <groupId>org.springframework.boot</groupId>
    <artifactId>spring-boot-starter-parent</artifactId>
    <version>2.6.1</version>
    <relativePath></relativePath>
  </parent>
  <groupId>com.vdenotaris.spring</groupId>
  <artifactId>spring-boot-security-saml-sample</artifactId>
  <version>2.4.0.RELEASE</version>
  <name>Spring Boot sample SAML 2.0 Service Provider</name>
  <description>A sample SAML 2.0 Service Provider built on Spring Boot.</description>
  <url>https://github.com/vdenotaris/spring-boot-security-saml-sample</url>
  <inceptionYear>2021</inceptionYear>
  <licenses>
    <license>
      <name>Apache License, Version 2.0</name>
      <url>http://www.apache.org/licenses/LICENSE-2.0.html</url>
    </license>
  </licenses>
  <developers>
    <developer>
      <id>vdenotaris</id>
      <name>Vincenzo De Notaris</name>
      <email>dev@vdenotaris.com</email>
      <timezone>CET/CEST</timezone>
    </developer>
  </developers>
  <contributors>
    <contributor>
      <name>Vladimír Schäfer</name>
    </contributor>
    <contributor>
      <name>Alexey Syrtsev</name>
    </contributor>
  </contributors>
  <scm>
    <connection>scm:git:git@github.com:vdenotaris/spring-boot-security-saml-sample.git</connection>
    <developerConnection>scm:git:git@github.com:vdenotaris/spring-boot-security-saml-sample.git</developerConnection>
    <url>scm:git:git@github.com:vdenotaris/spring-boot-security-saml-sample.git</url>
  </scm>
  <properties>
    <project.reporting.outputEncoding>UTF-8</project.reporting.outputEncoding>
    <java.version>1.8</java.version>
    <jackson.version>2.13.0</jackson.version>
    <project.build.sourceEncoding>UTF-8</project.build.sourceEncoding>
    <log4j2.version>2.17.0</log4j2.version>
    <start-class>com.vdenotaris.spring.boot.security.saml.web.Application</start-class>
  </properties>
  <dependencies>
    <dependency>
      <groupId>org.springframework.boot</groupId>
      <artifactId>spring-boot-starter</artifactId>
      <exclusions>
        <exclusion>
          <artifactId>spring-boot-starter-logging</artifactId>
          <groupId>org.springframework.boot</groupId>
        </exclusion>
      </exclusions>
    </dependency>
    <dependency>
      <groupId>org.springframework.boot</groupId>
      <artifactId>spring-boot-starter-log4j2</artifactId>
    </dependency>
    <dependency>
      <groupId>org.springframework.boot</groupId>
      <artifactId>spring-boot-starter-web</artifactId>
    </dependency>
    <dependency>
      <groupId>org.springframework.boot</groupId>
      <artifactId>spring-boot-starter-security</artifactId>
    </dependency>
    <dependency>
      <groupId>org.springframework.boot</groupId>
      <artifactId>spring-boot-starter-thymeleaf</artifactId>
    </dependency>
    <dependency>
      <groupId>nz.net.ultraq.thymeleaf</groupId>
      <artifactId>thymeleaf-layout-dialect</artifactId>
    </dependency>
    <dependency>
      <groupId>org.springframework.boot</groupId>
      <artifactId>spring-boot-starter-test</artifactId>
      <scope>test</scope>
    </dependency>
    <dependency>
      <groupId>org.springframework.security</groupId>
      <artifactId>spring-security-test</artifactId>
      <scope>test</scope>
    </dependency>
    <dependency>
      <groupId>org.springframework.boot</groupId>
      <artifactId>spring-boot-starter-tomcat</artifactId>
      <scope>provided</scope>
    </dependency>
    <dependency>
      <groupId>org.springframework.security.extensions</groupId>
      <artifactId>spring-security-saml2-core</artifactId>
      <version>1.0.10.RELEASE</version>
      <exclusions>
        <exclusion>
          <artifactId>commons-collections</artifactId>
          <groupId>commons-collections</groupId>
        </exclusion>
      </exclusions>
    </dependency>
    <dependency>
      <groupId>org.apache.commons</groupId>
      <artifactId>commons-collections4</artifactId>
      <version>4.4</version>
    </dependency>
  </dependencies>
  <repositories>
    <repository>
      <id>Shibboleth</id>
      <name>Shibboleth</name>
      <url>https://build.shibboleth.net/nexus/content/repositories/releases/</url>
    </repository>
  </repositories>
  <build>
    <plugins>
      <plugin>
        <groupId>org.jacoco</groupId>
        <artifactId>jacoco-maven-plugin</artifactId>
        <version>0.8.8</version>
        <executions>
          <execution>
            <id>default-prepare-agent</id>
            <goals>
              <goal>prepare-agent</goal>
            </goals>
          </execution>
          <execution>
            <id>default-report</id>
            <goals>
              <goal>report</goal>
            </goals>
          </execution>
        </executions>
      </plugin>
      <plugin>
        <artifactId>maven-assembly-plugin</artifactId>
        <version>3.2.0</version>
        <executions>
          <execution>
            <phase>package</phase>
            <goals>
              <goal>single</goal>
            </goals>
            <configuration>
              <descriptorRefs>
                <descriptorRef>jar-with-dependencies</descriptorRef>
              </descriptorRefs>
            </configuration>
          </execution>
        </executions>
      </plugin>
    </plugins>
  </build>
</project>
