<?xml version="1.0"?>
<project xsi:schemaLocation="http://maven.apache.org/POM/4.0.0 https://maven.apache.org/xsd/maven-4.0.0.xsd" xmlns="http://maven.apache.org/POM/4.0.0"
    xmlns:xsi="http://www.w3.org/2001/XMLSchema-instance">
  <modelVersion>4.0.0</modelVersion>
  <parent>
    <groupId>org.jpmml</groupId>
    <artifactId>jpmml-evaluator</artifactId>
    <version>1.6-SNAPSHOT</version>
  </parent>
  <groupId>org.jpmml</groupId>
  <artifactId>pmml-evaluator</artifactId>
  <name>JPMML evaluator</name>
  <description>JPMML class model evaluator</description>
  <licenses>
    <license>
      <name>GNU Affero General Public License (AGPL) version 3.0</name>
      <url>http://www.gnu.org/licenses/agpl-3.0.html</url>
      <distribution>repo</distribution>
    </license>
  </licenses>
  <dependencies>
    <dependency>
      <groupId>org.jpmml</groupId>
      <artifactId>pmml-model</artifactId>
    </dependency>
    <dependency>
      <groupId>com.google.guava</groupId>
      <artifactId>guava</artifactId>
    </dependency>
    <dependency>
      <groupId>org.apache.commons</groupId>
      <artifactId>commons-math3</artifactId>
    </dependency>
    <dependency>
      <groupId>org.codehaus.mojo</groupId>
      <artifactId>animal-sniffer-annotations</artifactId>
      <scope>provided</scope>
    </dependency>
    <dependency>
      <groupId>org.jpmml</groupId>
      <artifactId>pmml-model-metro</artifactId>
      <scope>test</scope>
    </dependency>
    <dependency>
      <groupId>junit</groupId>
      <artifactId>junit</artifactId>
    </dependency>
  </dependencies>
  <build>
    <plugins>
      <plugin>
        <groupId>org.jacoco</groupId>
        <artifactId>jacoco-maven-plugin</artifactId>
        <version>0.8.8</version>
        <executions>
          <execution>
            <id>default-prepare-agent</id>
            <goals>
              <goal>prepare-agent</goal>
            </goals>
          </execution>
          <execution>
            <id>default-report</id>
            <goals>
              <goal>report</goal>
            </goals>
          </execution>
        </executions>
      </plugin>
      <plugin>
        <artifactId>maven-assembly-plugin</artifactId>
        <version>3.2.0</version>
        <executions>
          <execution>
            <phase>package</phase>
            <goals>
              <goal>single</goal>
            </goals>
            <configuration>
              <descriptorRefs>
                <descriptorRef>jar-with-dependencies</descriptorRef>
              </descriptorRefs>
            </configuration>
          </execution>
        </executions>
      </plugin>
    </plugins>
  </build>
</project>
