<?xml version="1.0"?>
<project xsi:schemaLocation="http://maven.apache.org/POM/4.0.0 http://maven.apache.org/xsd/maven-4.0.0.xsd" xmlns="http://maven.apache.org/POM/4.0.0"
    xmlns:xsi="http://www.w3.org/2001/XMLSchema-instance">
  <modelVersion>4.0.0</modelVersion>
  <parent>
    <groupId>org.jpmml</groupId>
    <artifactId>jpmml-evaluator</artifactId>
    <version>1.6-SNAPSHOT</version>
  </parent>
  <groupId>org.jpmml</groupId>
  <artifactId>pmml-evaluator</artifactId>
  <name>JPMML evaluator</name>
  <description>JPMML class model evaluator</description>
  <licenses>
    <license>
      <name>GNU Affero General Public License (AGPL) version 3.0</name>
      <url>http://www.gnu.org/licenses/agpl-3.0.html</url>
      <distribution>repo</distribution>
    </license>
  </licenses>
  <dependencies>
    <dependency>
      <groupId>org.jpmml</groupId>
      <artifactId>pmml-model</artifactId>
      <version>1.6.3</version>
      <scope>compile</scope>
    </dependency>
    <dependency>
      <groupId>org.codehaus.mojo</groupId>
      <artifactId>animal-sniffer-annotations</artifactId>
      <version>1.20</version>
      <scope>provided</scope>
    </dependency>
    <dependency>
      <groupId>org.jpmml</groupId>
      <artifactId>pmml-model-metro</artifactId>
      <version>1.6.3</version>
      <scope>test</scope>
      <exclusions>
        <exclusion>
          <artifactId>pmml-model</artifactId>
          <groupId>org.jpmml</groupId>
        </exclusion>
      </exclusions>
    </dependency>
    <dependency>
      <groupId>junit</groupId>
      <artifactId>junit</artifactId>
      <version>4.13.2</version>
      <scope>test</scope>
    </dependency>
    <dependency>
      <groupId>org.glassfish.jaxb</groupId>
      <artifactId>jaxb-core</artifactId>
      <version>3.0.2</version>
      <scope>test</scope>
    </dependency>
    <dependency>
      <groupId>org.hamcrest</groupId>
      <artifactId>hamcrest-core</artifactId>
      <version>1.3</version>
      <scope>test</scope>
    </dependency>
    <dependency>
      <groupId>jakarta.xml.bind</groupId>
      <artifactId>jakarta.xml.bind-api</artifactId>
      <version>3.0.1</version>
      <scope>compile</scope>
    </dependency>
    <dependency>
      <groupId>com.sun.activation</groupId>
      <artifactId>jakarta.activation</artifactId>
      <version>2.0.1</version>
      <scope>test</scope>
    </dependency>
    <dependency>
      <groupId>com.sun.istack</groupId>
      <artifactId>istack-commons-runtime</artifactId>
      <version>4.0.1</version>
      <scope>test</scope>
    </dependency>
    <dependency>
      <groupId>org.glassfish.jaxb</groupId>
      <artifactId>txw2</artifactId>
      <version>3.0.2</version>
      <scope>test</scope>
    </dependency>
    <dependency>
      <groupId>org.glassfish.jaxb</groupId>
      <artifactId>jaxb-runtime</artifactId>
      <version>3.0.2</version>
      <scope>test</scope>
    </dependency>
    <dependency>
      <groupId>com.fasterxml.jackson.core</groupId>
      <artifactId>jackson-annotations</artifactId>
      <version>2.13.1</version>
      <scope>compile</scope>
    </dependency>
  </dependencies>
</project>
