<?xml version="1.0"?>
<project xsi:schemaLocation="http://maven.apache.org/POM/4.0.0 https://maven.apache.org/xsd/maven-4.0.0.xsd" xmlns="http://maven.apache.org/POM/4.0.0"
    xmlns:xsi="http://www.w3.org/2001/XMLSchema-instance">
  <modelVersion>4.0.0</modelVersion>
  <groupId>de.bitzeche.video.transcoding</groupId>
  <artifactId>zencoder-api</artifactId>
  <version>0.9.4-SNAPSHOT</version>
  <name>Java Client for Zencoder API</name>
  <inceptionYear>2011</inceptionYear>
  <organization>
    <name>Bitzeche GmbH</name>
    <url>http://www.bitzeche.de/</url>
  </organization>
  <licenses>
    <license>
      <name>The Apache Software License, Version 2.0</name>
      <url>http://www.apache.org/licenses/LICENSE-2.0.txt</url>
    </license>
  </licenses>
  <developers>
    <developer>
      <id>patrice</id>
      <name>Patrice Brend'amour</name>
      <email>p.brendamour@bitzeche.de</email>
      <url>http://www.brendamour.de</url>
      <organization>Bitzeche GmbH</organization>
      <organizationUrl>http://www.bitzeche.de/</organizationUrl>
      <roles>
        <role>Project Manager</role>
        <role>Developer</role>
      </roles>
      <timezone>+1</timezone>
    </developer>
  </developers>
  <scm>
    <connection>scm:git:git@github.com:bitzeche/zencoder-java.git</connection>
    <developerConnection>scm:git:git@github.com:bitzeche/zencoder-java.git</developerConnection>
    <url>https://github.com/bitzeche/zencoder-java.git</url>
  </scm>
  <issueManagement>
    <system>Google Code</system>
    <url>https://github.com/bitzeche/zencoder-java/issues</url>
  </issueManagement>
  <distributionManagement>
    <repository>
      <id>bitzeche-release</id>
      <url>dav:http://trac.bitzeche.de/archiva/repository/release/</url>
    </repository>
    <snapshotRepository>
      <id>bitzeche-snapshots</id>
      <url>dav:http://trac.bitzeche.de/archiva/repository/snapshots/</url>
    </snapshotRepository>
  </distributionManagement>
  <properties>
    <target.dir>target</target.dir>
    <github.global.server>github-zencoder</github.global.server>
    <current.year>2013</current.year>
    <org.slf4j.version>1.6.1</org.slf4j.version>
  </properties>
  <dependencies>
    <dependency>
      <groupId>org.testng</groupId>
      <artifactId>testng</artifactId>
      <version>5.14</version>
      <scope>test</scope>
    </dependency>
    <dependency>
      <groupId>org.mockito</groupId>
      <artifactId>mockito-all</artifactId>
      <version>1.8.4</version>
      <scope>test</scope>
    </dependency>
    <dependency>
      <groupId>ch.qos.logback</groupId>
      <artifactId>logback-classic</artifactId>
      <version>0.9.25</version>
    </dependency>
    <dependency>
      <groupId>org.slf4j</groupId>
      <artifactId>jul-to-slf4j</artifactId>
      <version>${org.slf4j.version}</version>
    </dependency>
    <dependency>
      <groupId>org.slf4j</groupId>
      <artifactId>jcl-over-slf4j</artifactId>
      <version>${org.slf4j.version}</version>
    </dependency>
    <dependency>
      <groupId>com.sun.jersey.contribs</groupId>
      <artifactId>jersey-apache-client</artifactId>
      <version>1.17</version>
    </dependency>
    <dependency>
      <groupId>com.sun.jersey</groupId>
      <artifactId>jersey-client</artifactId>
      <version>1.17</version>
    </dependency>
    <dependency>
      <groupId>org.apache.commons</groupId>
      <artifactId>commons-lang3</artifactId>
      <version>3.1</version>
    </dependency>
  </dependencies>
  <build>
    <plugins>
      <plugin>
        <groupId>org.jacoco</groupId>
        <artifactId>jacoco-maven-plugin</artifactId>
        <version>0.8.8</version>
        <executions>
          <execution>
            <id>default-prepare-agent</id>
            <goals>
              <goal>prepare-agent</goal>
            </goals>
          </execution>
          <execution>
            <id>default-report</id>
            <goals>
              <goal>report</goal>
            </goals>
          </execution>
        </executions>
      </plugin>
      <plugin>
        <artifactId>maven-assembly-plugin</artifactId>
        <version>3.2.0</version>
        <executions>
          <execution>
            <phase>package</phase>
            <goals>
              <goal>single</goal>
            </goals>
            <configuration>
              <descriptorRefs>
                <descriptorRef>jar-with-dependencies</descriptorRef>
              </descriptorRefs>
            </configuration>
          </execution>
        </executions>
      </plugin>
    </plugins>
  </build>
  <reporting>
    <plugins>
      <plugin>
        <artifactId>maven-javadoc-plugin</artifactId>
        <version>2.6.1</version>
      </plugin>
      <plugin>
        <artifactId>maven-surefire-report-plugin</artifactId>
        <version>2.5</version>
      </plugin>
      <plugin>
        <artifactId>maven-project-info-reports-plugin</artifactId>
        <version>2.4</version>
        <configuration>
          <dependencyDetailsEnabled>true</dependencyDetailsEnabled>
          <dependencyLocationsEnabled>true</dependencyLocationsEnabled>
        </configuration>
      </plugin>
    </plugins>
  </reporting>
</project>
