<?xml version="1.0" encoding="UTF-8"?>
<!--

    Licensed to the Austrian Association for Software Tool Integration (AASTI)
    under one or more contributor license agreements. See the NOTICE file
    distributed with this work for additional information regarding copyright
    ownership. The AASTI licenses this file to you under the Apache License,
    Version 2.0 (the "License"); you may not use this file except in compliance
    with the License. You may obtain a copy of the License at

        http://www.apache.org/licenses/LICENSE-2.0

    Unless required by applicable law or agreed to in writing, software
    distributed under the License is distributed on an "AS IS" BASIS,
    WITHOUT WARRANTIES OR CONDITIONS OF ANY KIND, either express or implied.
    See the License for the specific language governing permissions and
    limitations under the License.

-->

<chapter xml:id="domains.appointment.domain" version="5.0" xmlns="http://docbook.org/ns/docbook"
  xmlns:xlink="http://www.w3.org/1999/xlink" xmlns:xsi="http://www.w3.org/2001/XMLSchema-instance"
  xmlns:xi="http://www.w3.org/2001/XInclude"
  xsi:schemaLocation="http://docbook.org/ns/docbook http://www.docbook.org/xml/5.0/xsd/docbook.xsd
  http://www.w3.org/1999/xlink http://www.docbook.org/xml/5.0/xsd/xlink.xsd
  http://www.w3.org/2001/XMLSchema-instance http://www.w3.org/2001/XMLSchema-instance.xsd">

  <title>Appointment Domain</title>
  <para>The appointment domain is the tool domain for calendar tools, like gcalendar or Facebook.</para> 
  <section>
    <title>Description</title>
    <para>The appointment domain provides the possibility to create, update, delete and retrieve appointments.</para>
  </section>

  <section>
    <title>Functional Interface</title>
    <para>The following listing presents the Java Domain Interface. This interface also contains information 
      about events raised by this domain.</para>
      <xi:include href="snippets/AppointmentDomain.xml"/>
  </section>
  
  <section>
    <title>Event Interface</title>
    <para>The following interface presents the events an appointment connector can throw:</para>
    <xi:include href="snippets/AppointmentDomainEvents.xml"/>
  </section>

</chapter>

