<?xml version="1.0"?>
<project xsi:schemaLocation="http://maven.apache.org/POM/4.0.0 https://maven.apache.org/xsd/maven-4.0.0.xsd" xmlns="http://maven.apache.org/POM/4.0.0"
    xmlns:xsi="http://www.w3.org/2001/XMLSchema-instance">
  <modelVersion>4.0.0</modelVersion>
  <groupId>io.github.bonigarcia</groupId>
  <artifactId>junit5-mockito</artifactId>
  <version>1.0.0</version>
  <properties>
    <slf4j.version>1.7.36</slf4j.version>
    <java.version>1.8</java.version>
    <maven-surefire-plugin.version>2.22.2</maven-surefire-plugin.version>
    <maven.compiler.target>${java.version}</maven.compiler.target>
    <mockito-junit-jupiter.version>4.3.1</mockito-junit-jupiter.version>
    <project.reporting.outputEncoding>${project.encondig}</project.reporting.outputEncoding>
    <project.build.sourceEncoding>${project.encondig}</project.build.sourceEncoding>
    <project.encondig>UTF-8</project.encondig>
    <logback.version>1.2.10</logback.version>
    <maven.compiler.source>${java.version}</maven.compiler.source>
    <junit-jupiter.version>5.8.2</junit-jupiter.version>
  </properties>
  <dependencies>
    <dependency>
      <groupId>org.slf4j</groupId>
      <artifactId>slf4j-api</artifactId>
      <version>${slf4j.version}</version>
    </dependency>
    <dependency>
      <groupId>ch.qos.logback</groupId>
      <artifactId>logback-classic</artifactId>
      <version>${logback.version}</version>
    </dependency>
    <dependency>
      <groupId>org.junit.jupiter</groupId>
      <artifactId>junit-jupiter</artifactId>
      <version>${junit-jupiter.version}</version>
      <scope>test</scope>
    </dependency>
    <dependency>
      <groupId>org.mockito</groupId>
      <artifactId>mockito-junit-jupiter</artifactId>
      <version>${mockito-junit-jupiter.version}</version>
      <scope>test</scope>
    </dependency>
  </dependencies>
  <build>
    <plugins>
      <plugin>
        <groupId>org.jacoco</groupId>
        <artifactId>jacoco-maven-plugin</artifactId>
        <version>0.8.8</version>
        <executions>
          <execution>
            <id>default-prepare-agent</id>
            <goals>
              <goal>prepare-agent</goal>
            </goals>
          </execution>
          <execution>
            <id>default-report</id>
            <goals>
              <goal>report</goal>
            </goals>
          </execution>
        </executions>
      </plugin>
      <plugin>
        <artifactId>maven-assembly-plugin</artifactId>
        <version>3.2.0</version>
        <executions>
          <execution>
            <phase>package</phase>
            <goals>
              <goal>single</goal>
            </goals>
            <configuration>
              <descriptorRefs>
                <descriptorRef>jar-with-dependencies</descriptorRef>
              </descriptorRefs>
            </configuration>
          </execution>
        </executions>
      </plugin>
    </plugins>
  </build>
</project>
