<?xml version="1.0" encoding="UTF-8"?>
<beans xmlns="http://www.springframework.org/schema/beans"
       xmlns:xsi="http://www.w3.org/2001/XMLSchema-instance"
       xmlns:util="http://www.springframework.org/schema/util"
       xsi:schemaLocation="http://www.springframework.org/schema/beans http://www.springframework.org/schema/beans/spring-beans.xsd
		http://www.springframework.org/schema/util http://www.springframework.org/schema/util/spring-util.xsd">

    <bean id="duke"
          class="com.vonzhou.springinaction.springidolaop.Juggler"/>

    <bean id="poeticDuke"
          class="com.vonzhou.springinaction.springidolaop.PoeticJuggler">
        <constructor-arg value="15"/>
        <constructor-arg ref="sonnet29"/>
    </bean>

    <bean id="sonnet29"
          class="com.vonzhou.springinaction.springidolaop.Sonnet29"/>

    <bean id="theStage" class="com.vonzhou.springinaction.springidolaop.Stage"
          factory-method="getInstance"></bean>

    <bean id="auditorium" class="com.vonzhou.springinaction.springidolaop.Auditorium"
          init-method="turnOnLights"
          destroy-method="turnOffLights"></bean>

    <bean id="kenny"
          class="com.vonzhou.springinaction.springidolaop.Instrumentalist">
        <property name="song" value="Jingle Bells"/>
    </bean>

    <bean id="saxophone"
          class="com.vonzhou.springinaction.springidolaop.Saxophone"/>
    <bean id="piano" class="com.vonzhou.springinaction.springidolaop.Piano"></bean>

    <bean id="kenny2"
          class="com.vonzhou.springinaction.springidolaop.Instrumentalist">
        <property name="song" value="Jingle Bells"/>
        <property name="instrument" ref="saxophone"/>
    </bean>

    <bean id="kenny3"
          class="com.vonzhou.springinaction.springidolaop.Instrumentalist">
        <property name="song" value="Jingle Bells"/>
        <property name="instrument">
            <bean class="com.vonzhou.springinaction.springidolaop.Saxophone"></bean>
        </property>
    </bean>

    <bean id="hank" class="com.vonzhou.springinaction.springidolaop.OneManBand">
        <property name="instruments">
            <list>
                <ref bean="saxophone"></ref>
                <ref bean="piano"></ref>
            </list>
        </property>
    </bean>

    <bean id="hank2" class="com.vonzhou.springinaction.springidolaop.OneManBand2">
        <property name="instruments">
            <map>
                <entry key="SAXOPHONE" value-ref="saxophone"></entry>
                <entry key="PIANO" value-ref="piano"></entry>
            </map>
        </property>
    </bean>


    <bean id="carl"
          class="com.vonzhou.springinaction.springidolaop.Instrumentalist">
        <property name="song" value="#{kenny.song}"/>
    </bean>

    <bean id="songSelector" class="com.vonzhou.springinaction.springidolaop.SongSelector"></bean>
    <bean id="carl2"
          class="com.vonzhou.springinaction.springidolaop.Instrumentalist">
        <property name="song" value="#{songSelector.selectSong().toUpperCase()}"/>
    </bean>

    <util:list id="cities">
        <bean class="com.vonzhou.springinaction.springidolaop.City">
            <property name="name" value="Hubei"/>
            <property name="state" value="Wuhan"/>
            <property name="population" value="2323232"/>
        </bean>
        <bean class="com.vonzhou.springinaction.springidolaop.City">
            <property name="name" value="Shanxi"/>
            <property name="state" value="Xian"/>
            <property name="population" value="44444"/>
        </bean>
    </util:list>


    <bean id="stan"
          class="com.vonzhou.springinaction.springidolaop.Instrumentalist">
        <property name="song" value="#{systemProperties.STANS_SONG}"/>
    </bean>

    <util:list id="songList">
        <bean class="com.vonzhou.springinaction.springidolaop.Song">
            <constructor-arg value="That Old Black Magic"/>
            <constructor-arg value="Arlen and Mercer"/>
            <constructor-arg value="That old black magic has me in its spell..."/>
        </bean>
        <bean class="com.vonzhou.springinaction.springidolaop.Song">
            <constructor-arg value="Every Little Thing She Does is Magic"/>
            <constructor-arg value="Sting"/>
            <constructor-arg value="Though Ive tried before to tell her..."/>
        </bean>
        <bean class="com.vonzhou.springinaction.springidolaop.Song">
            <constructor-arg value="Magic Carpet Ride"/>
            <constructor-arg value="Moreve and Kay"/>
            <constructor-arg value="I like to dream yes, yes, right between my sound machine..."/>
        </bean>
    </util:list>

    <!-- 把songList集合中所有title提取出来 -->
    <bean id="magicSongBook"
          class="com.vonzhou.springinaction.springidolaop.SongBook">
        <constructor-arg value="#{songList.![title]}"/>
    </bean>

    <bean id="ricky"
          class="com.vonzhou.springinaction.springidolaop.Instrumentalist">
        <property name="song" value="#{magicSongBook.pickASong()}"/>
    </bean>
</beans>
