{
  "total":20,
  "content": [
    {
      "name": "王小明",
      "age": 18,
      "address": "北京市朝阳区芍药居",
      "province": "北京市",
      "city": "朝阳区",
      "zip": 100000
    },
    {
      "name": "李小红",
      "age": 20,
      "address": "上海市浦东新区陆家嘴",
      "province": "上海市",
      "city": "浦东新区",
      "zip": 200000
    },
    {
      "name": "赵小二",
      "age": 30,
      "address": "天津市塘沽区陆家嘴",
      "province": "上海市",
      "city": "浦东新区",
      "zip": 30000
    },
    {
      "name": "王小明",
      "age": 18,
      "address": "北京市朝阳区芍药居",
      "province": "北京市",
      "city": "朝阳区",
      "zip": 100000
    },
    {
      "name": "李小红",
      "age": 20,
      "address": "上海市浦东新区陆家嘴",
      "province": "上海市",
      "city": "浦东新区",
      "zip": 200000
    },
    {
      "name": "赵小二",
      "age": 30,
      "address": "天津市塘沽区陆家嘴",
      "province": "上海市",
      "city": "浦东新区",
      "zip": 30000
    },
    {
      "name": "王小明",
      "age": 18,
      "address": "北京市朝阳区芍药居",
      "province": "北京市",
      "city": "朝阳区",
      "zip": 100000
    },
    {
      "name": "李小红",
      "age": 20,
      "address": "上海市浦东新区陆家嘴",
      "province": "上海市",
      "city": "浦东新区",
      "zip": 200000
    },
    {
      "name": "赵小二",
      "age": 30,
      "address": "天津市塘沽区陆家嘴",
      "province": "上海市",
      "city": "浦东新区",
      "zip": 30000
    },{
      "name": "王小明",
      "age": 18,
      "address": "北京市朝阳区芍药居",
      "province": "北京市",
      "city": "朝阳区",
      "zip": 100000
    },
    {
      "name": "李小红",
      "age": 20,
      "address": "上海市浦东新区陆家嘴",
      "province": "上海市",
      "city": "浦东新区",
      "zip": 200000
    },
    {
      "name": "赵小二",
      "age": 30,
      "address": "天津市塘沽区陆家嘴",
      "province": "上海市",
      "city": "浦东新区",
      "zip": 30000
    }
  ]
}
