<?xml version="1.0" encoding="UTF-8" ?>
<!DOCTYPE generatorConfiguration PUBLIC
        "-//mybatis.org//DTD MyBatis Generator Configuration 1.0//EN"
        "http://mybatis.org/dtd/mybatis-generator-config_1_0.dtd" >
<generatorConfiguration>

    <classPathEntry
            location="C:\Users\51536\.m2\repository\org\mybatis\generator\mybatis-generator-core\1.3.7\mybatis-generator-core-1.3.7.jar"/>
    <context id="context" targetRuntime="MyBatis3Simple">
        <commentGenerator>
            <property name="suppressAllComments" value="true"/>
            <property name="suppressDate" value="true"/>
        </commentGenerator>

        <jdbcConnection userId="root" password="xinzhifu521" driverClass="com.mysql.cj.jdbc.Driver"
                        connectionURL="jdbc:mysql://47.93.6.5:3306/ds-1"/>

        <javaTypeResolver>
            <property name="forceBigDecimals" value="false"/>
        </javaTypeResolver>

        <javaModelGenerator targetPackage="com.xiaofu.sharding.model" targetProject="src/main/java">
            <property name="enableSubPackages" value="false"/>
            <property name="trimStrings" value="true"/>
        </javaModelGenerator>

        <sqlMapGenerator targetPackage="mapping" targetProject="src/main/resources">
            <property name="enableSubPackages" value="false"/>
        </sqlMapGenerator>

        <javaClientGenerator targetPackage="com.xiaofu.sharding.mapper" type="XMLMAPPER"
                             targetProject="src/main/java">
            <property name="enableSubPackages" value="false"/>
        </javaClientGenerator>

        <table  tableName="t_config" enableCountByExample="false" enableDeleteByExample="false"
               enableSelectByExample="false" enableUpdateByExample="false"/>
    </context>
</generatorConfiguration>
