<?xml version="1.0" encoding="UTF-8"?>
<project xsi:schemaLocation="http://maven.apache.org/POM/4.0.0 https://maven.apache.org/xsd/maven-4.0.0.xsd" xmlns="http://maven.apache.org/POM/4.0.0"
    xmlns:xsi="http://www.w3.org/2001/XMLSchema-instance">
  <modelVersion>4.0.0</modelVersion>
  <parent>
    <groupId>org.ofdrw</groupId>
    <artifactId>ofdrw</artifactId>
    <version>1.17.9</version>
  </parent>
  <artifactId>ofdrw-reader</artifactId>
  <description>OFD 文件解析器，用于解析文件内容，为修改和签名提供基本的API访问能力。</description>
  <dependencies>
    <dependency>
      <groupId>org.ofdrw</groupId>
      <artifactId>ofdrw-gv</artifactId>
      <version>${project.version}</version>
    </dependency>
    <dependency>
      <groupId>org.junit.jupiter</groupId>
      <artifactId>junit-jupiter-api</artifactId>
    </dependency>
    <dependency>
      <groupId>org.ofdrw</groupId>
      <artifactId>ofdrw-pkg</artifactId>
      <version>${project.version}</version>
    </dependency>
    <dependency>
      <groupId>commons-io</groupId>
      <artifactId>commons-io</artifactId>
    </dependency>
    <dependency>
      <groupId>org.ofdrw</groupId>
      <artifactId>ofdrw-core</artifactId>
      <version>${project.version}</version>
    </dependency>
    <dependency>
      <groupId>org.ofdrw</groupId>
      <artifactId>ofdrw-gm</artifactId>
      <version>${project.version}</version>
    </dependency>
    <dependency>
      <groupId>org.apache.pdfbox</groupId>
      <artifactId>jbig2-imageio</artifactId>
      <version>3.0.3</version>
    </dependency>
  </dependencies>
  <build>
    <plugins>
      <plugin>
        <groupId>org.jacoco</groupId>
        <artifactId>jacoco-maven-plugin</artifactId>
        <version>0.8.8</version>
        <executions>
          <execution>
            <id>default-prepare-agent</id>
            <goals>
              <goal>prepare-agent</goal>
            </goals>
          </execution>
          <execution>
            <id>default-report</id>
            <goals>
              <goal>report</goal>
            </goals>
          </execution>
        </executions>
      </plugin>
      <plugin>
        <artifactId>maven-assembly-plugin</artifactId>
        <version>3.2.0</version>
        <executions>
          <execution>
            <phase>package</phase>
            <goals>
              <goal>single</goal>
            </goals>
            <configuration>
              <descriptorRefs>
                <descriptorRef>jar-with-dependencies</descriptorRef>
              </descriptorRefs>
            </configuration>
          </execution>
        </executions>
      </plugin>
    </plugins>
  </build>
</project>
