<?xml version="1.0" encoding="UTF-8"?>
<project xsi:schemaLocation="http://maven.apache.org/POM/4.0.0 http://maven.apache.org/xsd/maven-4.0.0.xsd" xmlns="http://maven.apache.org/POM/4.0.0"
    xmlns:xsi="http://www.w3.org/2001/XMLSchema-instance">
  <modelVersion>4.0.0</modelVersion>
  <parent>
    <groupId>com.alibaba.testable</groupId>
    <artifactId>testable-parent</artifactId>
    <version>0.7.4</version>
    <relativePath>../testable-parent</relativePath>
  </parent>
  <artifactId>testable-core</artifactId>
  <name>testable-core</name>
  <properties>
    <transmittable.thread.local.version>2.12.4</transmittable.thread.local.version>
    <junit.version>5.6.2</junit.version>
  </properties>
  <dependencies>
    <dependency>
      <groupId>com.alibaba</groupId>
      <artifactId>transmittable-thread-local</artifactId>
      <version>2.12.4</version>
      <scope>compile</scope>
    </dependency>
    <dependency>
      <groupId>org.junit.jupiter</groupId>
      <artifactId>junit-jupiter-api</artifactId>
      <version>5.6.2</version>
      <scope>test</scope>
    </dependency>
    <dependency>
      <groupId>org.apiguardian</groupId>
      <artifactId>apiguardian-api</artifactId>
      <version>1.1.0</version>
      <scope>test</scope>
    </dependency>
    <dependency>
      <groupId>org.opentest4j</groupId>
      <artifactId>opentest4j</artifactId>
      <version>1.2.0</version>
      <scope>test</scope>
    </dependency>
    <dependency>
      <groupId>org.junit.platform</groupId>
      <artifactId>junit-platform-commons</artifactId>
      <version>1.6.2</version>
      <scope>test</scope>
    </dependency>
  </dependencies>
  <build>
    <plugins>
      <plugin>
        <artifactId>maven-compiler-plugin</artifactId>
        <version>${plugin.compiler.version}</version>
        <configuration>
          <source>${project.compiler.level}</source>
          <target>${project.compiler.level}</target>
          <encoding>${project.build.sourceEncoding}</encoding>
        </configuration>
      </plugin>
      <plugin>
        <artifactId>maven-surefire-plugin</artifactId>
        <version>${plugin.surefire.version}</version>
      </plugin>
    </plugins>
  </build>
  <profiles>
    <profile>
      <id>release</id>
      <build>
        <plugins>
          <plugin>
            <artifactId>maven-source-plugin</artifactId>
            <version>${plugin.source.version}</version>
            <executions>
              <execution>
                <id>attach-sources</id>
                <goals>
                  <goal>jar-no-fork</goal>
                </goals>
              </execution>
            </executions>
          </plugin>
          <plugin>
            <artifactId>maven-javadoc-plugin</artifactId>
            <version>${plugin.javadoc.version}</version>
            <executions>
              <execution>
                <id>attach-javadocs</id>
                <goals>
                  <goal>jar</goal>
                </goals>
              </execution>
            </executions>
          </plugin>
          <plugin>
            <artifactId>maven-gpg-plugin</artifactId>
            <version>${plugin.gpg.version}</version>
            <executions>
              <execution>
                <id>sign-artifacts</id>
                <phase>verify</phase>
                <goals>
                  <goal>sign</goal>
                </goals>
              </execution>
            </executions>
          </plugin>
          <plugin>
            <groupId>org.sonatype.plugins</groupId>
            <artifactId>nexus-staging-maven-plugin</artifactId>
            <version>${plugin.staging.version}</version>
            <extensions>true</extensions>
            <configuration>
              <serverId>oss</serverId>
              <nexusUrl>https://oss.sonatype.org/</nexusUrl>
              <autoReleaseAfterClose>true</autoReleaseAfterClose>
            </configuration>
          </plugin>
        </plugins>
      </build>
      <distributionManagement>
        <repository>
          <id>oss</id>
          <url>https://oss.sonatype.org/service/local/staging/deploy/maven2/</url>
        </repository>
        <snapshotRepository>
          <id>oss</id>
          <url>https://oss.sonatype.org/content/repositories/snapshots/</url>
        </snapshotRepository>
      </distributionManagement>
    </profile>
  </profiles>
</project>
