<?xml version="1.0" encoding="UTF-8"?>

<!--
  ~ Copyright (c) 2015-2020, Oracle and/or its affiliates. All rights reserved.
  ~
  ~ Licensed under the Apache License, Version 2.0 (the "License");
  ~ you may not use this file except in compliance with the License.
  ~ You may obtain a copy of the License at
  ~
  ~     http://www.apache.org/licenses/LICENSE-2.0
  ~
  ~ Unless required by applicable law or agreed to in writing, software
  ~ distributed under the License is distributed on an "AS IS" BASIS,
  ~ WITHOUT WARRANTIES OR CONDITIONS OF ANY KIND, either express implied.
  ~ See the License for the specific language governing permissions and
  ~ limitations under the License.
  -->

<!--
    Description:
        An example configuration file for a logistic regression trained using AdaGrad with parameter averaging.
-->

<config>
    <component name="multi-label-factory" type="org.tribuo.multilabel.MultiLabelFactory"/>

    <component name="logistic" type="org.tribuo.multilabel.sgd.linear.LinearSGDTrainer">
        <property name="objective" value="bce"/>
        <property name="optimiser" value="adagradparam"/>
        <property name="epochs" value="10"/>
        <property name="loggingInterval" value="100"/>
        <property name="minibatchSize" value="1"/>
        <property name="seed" value="1"/>
    </component>

    <component name="bce" type="org.tribuo.multilabel.sgd.objectives.BinaryCrossEntropy"/>

    <component name="adagradparam" type="org.tribuo.math.optimisers.ParameterAveraging">
        <property name="optimiser" value="adagrad"/>
    </component>

    <component name="adagrad" type="org.tribuo.math.optimisers.AdaGrad">
        <property name="initialLearningRate" value="1.0"/>
        <property name="epsilon" value="0.1"/>
    </component>
</config>
