<?xml version="1.0" encoding="UTF-8"?>
<!DOCTYPE mapper PUBLIC "-//mybatis.org//DTD Mapper 3.0//EN" "http://mybatis.org/dtd/mybatis-3-mapper.dtd">
<mapper namespace="com.example.quartz.mapper.HttpJobLogsMapper">

    <resultMap id="BaseResultMap" type="com.example.quartz.entity.HttpJobLogs">
        <id column="ID" jdbcType="INTEGER" property="id"/>
        <result column="JOB_NAME" jdbcType="VARCHAR" property="jobName"/>
        <result column="JOB_GROUP" jdbcType="VARCHAR" property="jobGroup"/>
        <result column="REQUEST_TYPE" jdbcType="VARCHAR" property="requestType"/>
        <result column="HTTP_URL" jdbcType="VARCHAR" property="httpUrl"/>
        <result column="HTTP_PARAMS" jdbcType="VARCHAR" property="httpParams"/>
        <result column="FIRE_TIME" jdbcType="TIMESTAMP" property="fireTime"/>
        <result column="RESULT" jdbcType="VARCHAR" property="result"/>
    </resultMap>

    <sql id="Base_Column_List">
      ID,JOB_NAME,JOB_GROUP,REQUEST_TYPE,HTTP_URL,HTTP_PARAMS,FIRE_TIME,RESULT
    </sql>

    <insert id="insertSelective" parameterType="com.example.quartz.entity.HttpJobLogs">
        insert into HTTPJOB_LOGS
        <trim prefix="(" suffix=")" suffixOverrides=",">
            <if test="jobName != null">
                JOB_NAME,
            </if>
            <if test="jobGroup != null">
                JOB_GROUP,
            </if>
            <if test="requestType != null">
                REQUEST_TYPE,
            </if>
            <if test="httpUrl != null">
                HTTP_URL,
            </if>
            <if test="httpParams != null">
                HTTP_PARAMS,
            </if>
            <if test="fireTime != null">
                FIRE_TIME,
            </if>
            <if test="result != null">
                RESULT,
            </if>
        </trim>
        <trim prefix="values (" suffix=")" suffixOverrides=",">
            <if test="jobName != null">
                #{jobName,jdbcType=VARCHAR},
            </if>
            <if test="jobGroup != null">
                #{jobGroup,jdbcType=VARCHAR},
            </if>
            <if test="requestType != null">
                #{requestType,jdbcType=VARCHAR},
            </if>
            <if test="httpUrl != null">
                #{httpUrl,jdbcType=VARCHAR},
            </if>
            <if test="httpParams != null">
                #{httpParams,jdbcType=VARCHAR},
            </if>
            <if test="fireTime != null">
                #{fireTime,jdbcType=TIMESTAMP},
            </if>
            <if test="result != null">
                #{result,jdbcType=VARCHAR},
            </if>
        </trim>
    </insert>

    <select id="selectHttpJobLogs" resultMap="BaseResultMap">
        SELECT
        <include refid="Base_Column_List"/>
        FROM
        HTTPJOB_LOGS t
        WHERE
        1=1
        <if test="jobName != null and jobName != ''">
            AND t.JOB_NAME = #{jobName}
        </if>
        <if test="jobGroup != null and jobGroup != ''">
            AND t.JOB_GROUP = #{jobGroup}
        </if>
        <if test="searchParam != null and searchParam != ''">
            AND ( t.JOB_NAME LIKE concat('%',#{searchParam},'%') OR t.JOB_GROUP LIKE concat('%',#{searchParam},'%') )
        </if>
        ORDER BY t.ID DESC
        <if test="beginIndex != null and pageSize!=null">
            limit #{beginIndex},#{pageSize}
        </if>
    </select>

    <select id="selectHttpJobLogsCount" resultType="java.lang.Integer">
        SELECT
        COUNT(1)
        FROM
        HTTPJOB_LOGS t
        WHERE
        1=1
        <if test="jobName != null and jobName != ''">
            AND t.JOB_NAME = #{jobName}
        </if>
        <if test="jobGroup != null and jobGroup != ''">
            AND t.JOB_GROUP = #{jobGroup}
        </if>
        <if test="searchParam != null and searchParam != ''">
            AND ( t.JOB_NAME LIKE concat('%',#{searchParam},'%') OR t.JOB_GROUP LIKE concat('%',#{searchParam},'%') )
        </if>
    </select>

</mapper>