<?xml version="1.0"?>
<project xsi:schemaLocation="http://maven.apache.org/POM/4.0.0 http://maven.apache.org/xsd/maven-4.0.0.xsd" xmlns="http://maven.apache.org/POM/4.0.0"
    xmlns:xsi="http://www.w3.org/2001/XMLSchema-instance">
  <modelVersion>4.0.0</modelVersion>
  <parent>
    <groupId>org.apache.rocketmq</groupId>
    <artifactId>rocketmq-all</artifactId>
    <version>4.8.0</version>
  </parent>
  <artifactId>rocketmq-tools</artifactId>
  <name>rocketmq-tools ${project.version}</name>
  <properties>
    <maven.test.skip>true</maven.test.skip>
  </properties>
  <dependencies>
    <dependency>
      <groupId>org.apache.rocketmq</groupId>
      <artifactId>rocketmq-client</artifactId>
      <version>4.8.0</version>
      <scope>compile</scope>
      <exclusions>
        <exclusion>
          <artifactId>commons-lang3</artifactId>
          <groupId>org.apache.commons</groupId>
        </exclusion>
      </exclusions>
    </dependency>
    <dependency>
      <groupId>org.apache.rocketmq</groupId>
      <artifactId>rocketmq-acl</artifactId>
      <version>4.8.0</version>
      <scope>compile</scope>
      <exclusions>
        <exclusion>
          <artifactId>fastjson</artifactId>
          <groupId>com.alibaba</groupId>
        </exclusion>
        <exclusion>
          <artifactId>rocketmq-srvutil</artifactId>
          <groupId>org.apache.rocketmq</groupId>
        </exclusion>
        <exclusion>
          <artifactId>snakeyaml</artifactId>
          <groupId>org.yaml</groupId>
        </exclusion>
        <exclusion>
          <artifactId>commons-lang3</artifactId>
          <groupId>org.apache.commons</groupId>
        </exclusion>
      </exclusions>
    </dependency>
    <dependency>
      <groupId>org.apache.rocketmq</groupId>
      <artifactId>rocketmq-store</artifactId>
      <version>4.8.0</version>
      <scope>compile</scope>
    </dependency>
    <dependency>
      <groupId>org.apache.rocketmq</groupId>
      <artifactId>rocketmq-srvutil</artifactId>
      <version>4.8.0</version>
      <scope>compile</scope>
    </dependency>
    <dependency>
      <groupId>com.alibaba</groupId>
      <artifactId>fastjson</artifactId>
      <version>1.2.69</version>
      <scope>compile</scope>
    </dependency>
    <dependency>
      <groupId>ch.qos.logback</groupId>
      <artifactId>logback-classic</artifactId>
      <version>1.0.13</version>
      <scope>compile</scope>
    </dependency>
    <dependency>
      <groupId>org.apache.commons</groupId>
      <artifactId>commons-lang3</artifactId>
      <version>3.4</version>
      <scope>compile</scope>
    </dependency>
    <dependency>
      <groupId>org.yaml</groupId>
      <artifactId>snakeyaml</artifactId>
      <version>1.19</version>
      <scope>compile</scope>
    </dependency>
    <dependency>
      <groupId>io.netty</groupId>
      <artifactId>netty-all</artifactId>
      <version>4.0.42.Final</version>
      <scope>compile</scope>
    </dependency>
    <dependency>
      <groupId>com.beust</groupId>
      <artifactId>jcommander</artifactId>
      <version>1.72</version>
      <scope>compile</scope>
    </dependency>
    <dependency>
      <groupId>commons-cli</groupId>
      <artifactId>commons-cli</artifactId>
      <version>1.2</version>
      <scope>compile</scope>
    </dependency>
    <dependency>
      <groupId>commons-beanutils</groupId>
      <artifactId>commons-beanutils</artifactId>
      <version>1.9.2</version>
      <scope>compile</scope>
    </dependency>
    <dependency>
      <groupId>commons-codec</groupId>
      <artifactId>commons-codec</artifactId>
      <version>1.9</version>
      <scope>compile</scope>
    </dependency>
    <dependency>
      <groupId>commons-logging</groupId>
      <artifactId>commons-logging</artifactId>
      <version>1.2</version>
      <scope>compile</scope>
    </dependency>
    <dependency>
      <groupId>commons-digester</groupId>
      <artifactId>commons-digester</artifactId>
      <version>1.8.1</version>
      <scope>compile</scope>
    </dependency>
    <dependency>
      <groupId>ch.qos.logback</groupId>
      <artifactId>logback-core</artifactId>
      <version>1.0.13</version>
      <scope>compile</scope>
    </dependency>
    <dependency>
      <groupId>io.netty</groupId>
      <artifactId>netty-tcnative-boringssl-static</artifactId>
      <version>1.1.33.Fork26</version>
      <scope>compile</scope>
    </dependency>
    <dependency>
      <groupId>commons-collections</groupId>
      <artifactId>commons-collections</artifactId>
      <version>3.2.2</version>
      <scope>compile</scope>
    </dependency>
    <dependency>
      <groupId>net.java.dev.jna</groupId>
      <artifactId>jna</artifactId>
      <version>4.2.2</version>
      <scope>compile</scope>
    </dependency>
    <dependency>
      <groupId>commons-validator</groupId>
      <artifactId>commons-validator</artifactId>
      <version>1.6</version>
      <scope>compile</scope>
    </dependency>
    <dependency>
      <groupId>org.apache.rocketmq</groupId>
      <artifactId>rocketmq-common</artifactId>
      <version>4.8.0</version>
      <scope>compile</scope>
    </dependency>
    <dependency>
      <groupId>org.apache.rocketmq</groupId>
      <artifactId>rocketmq-remoting</artifactId>
      <version>4.8.0</version>
      <scope>compile</scope>
    </dependency>
    <dependency>
      <groupId>org.slf4j</groupId>
      <artifactId>slf4j-api</artifactId>
      <version>1.7.7</version>
      <scope>compile</scope>
    </dependency>
    <dependency>
      <groupId>io.openmessaging.storage</groupId>
      <artifactId>dledger</artifactId>
      <version>0.2.2</version>
      <scope>compile</scope>
    </dependency>
    <dependency>
      <groupId>org.apache.rocketmq</groupId>
      <artifactId>rocketmq-logging</artifactId>
      <version>4.8.0</version>
      <scope>compile</scope>
    </dependency>
  </dependencies>
</project>
