<?xml version="1.0"?>
<project xsi:schemaLocation="http://maven.apache.org/POM/4.0.0 https://maven.apache.org/xsd/maven-4.0.0.xsd" xmlns="http://maven.apache.org/POM/4.0.0"
    xmlns:xsi="http://www.w3.org/2001/XMLSchema-instance">
  <modelVersion>4.0.0</modelVersion>
  <groupId>cn.nukkit</groupId>
  <artifactId>nukkit</artifactId>
  <version>1.0-SNAPSHOT</version>
  <name>Nukkit</name>
  <properties>
    <junit.platform.version>1.0.0-M4</junit.platform.version>
    <jline.version>3.9.0</jline.version>
    <maven.compiler.source>1.8</maven.compiler.source>
    <junit.jupiter.version>5.0.0-M4</junit.jupiter.version>
    <log4j2.version>2.17.1</log4j2.version>
    <project.build.sourceEncoding>UTF-8</project.build.sourceEncoding>
    <maven.compiler.target>1.8</maven.compiler.target>
  </properties>
  <dependencies>
    <dependency>
      <groupId>com.nukkitx.network</groupId>
      <artifactId>raknet</artifactId>
      <version>1.6.28-SNAPSHOT</version>
      <scope>compile</scope>
    </dependency>
    <dependency>
      <groupId>com.nukkitx</groupId>
      <artifactId>fastutil-lite</artifactId>
      <version>8.1.1</version>
      <scope>compile</scope>
    </dependency>
    <dependency>
      <groupId>com.google.guava</groupId>
      <artifactId>guava</artifactId>
      <version>21.0</version>
      <scope>compile</scope>
    </dependency>
    <dependency>
      <groupId>com.google.code.gson</groupId>
      <artifactId>gson</artifactId>
      <version>2.8.6</version>
      <scope>compile</scope>
    </dependency>
    <dependency>
      <groupId>org.yaml</groupId>
      <artifactId>snakeyaml</artifactId>
      <version>1.26</version>
      <scope>compile</scope>
    </dependency>
    <dependency>
      <groupId>org.iq80.leveldb</groupId>
      <artifactId>leveldb</artifactId>
      <version>0.11-SNAPSHOT</version>
      <scope>compile</scope>
      <exclusions>
        <exclusion>
          <artifactId>guava</artifactId>
          <groupId>com.google.guava</groupId>
        </exclusion>
      </exclusions>
    </dependency>
    <dependency>
      <groupId>org.junit.jupiter</groupId>
      <artifactId>junit-jupiter-api</artifactId>
      <version>${junit.jupiter.version}</version>
      <scope>test</scope>
    </dependency>
    <dependency>
      <groupId>org.junit.jupiter</groupId>
      <artifactId>junit-jupiter-engine</artifactId>
      <version>${junit.jupiter.version}</version>
      <scope>test</scope>
    </dependency>
    <dependency>
      <groupId>com.nimbusds</groupId>
      <artifactId>nimbus-jose-jwt</artifactId>
      <version>9.13</version>
      <scope>compile</scope>
    </dependency>
    <dependency>
      <groupId>org.apache.logging.log4j</groupId>
      <artifactId>log4j-api</artifactId>
      <version>${log4j2.version}</version>
      <scope>compile</scope>
    </dependency>
    <dependency>
      <groupId>org.apache.logging.log4j</groupId>
      <artifactId>log4j-core</artifactId>
      <version>${log4j2.version}</version>
      <scope>compile</scope>
    </dependency>
    <dependency>
      <groupId>net.sf.jopt-simple</groupId>
      <artifactId>jopt-simple</artifactId>
      <version>5.0.4</version>
      <scope>compile</scope>
    </dependency>
    <dependency>
      <groupId>org.projectlombok</groupId>
      <artifactId>lombok</artifactId>
      <version>1.18.4</version>
      <scope>provided</scope>
    </dependency>
    <dependency>
      <groupId>net.minecrell</groupId>
      <artifactId>terminalconsoleappender</artifactId>
      <version>1.1.1</version>
      <scope>compile</scope>
      <exclusions>
        <exclusion>
          <artifactId>log4j-core</artifactId>
          <groupId>org.apache.logging.log4j</groupId>
        </exclusion>
        <exclusion>
          <artifactId>jline-reader</artifactId>
          <groupId>org.jline</groupId>
        </exclusion>
        <exclusion>
          <artifactId>jline-terminal-jna</artifactId>
          <groupId>org.jline</groupId>
        </exclusion>
        <exclusion>
          <artifactId>jline-terminal</artifactId>
          <groupId>org.jline</groupId>
        </exclusion>
      </exclusions>
    </dependency>
    <dependency>
      <groupId>org.jline</groupId>
      <artifactId>jline-terminal</artifactId>
      <version>${jline.version}</version>
      <scope>compile</scope>
    </dependency>
    <dependency>
      <groupId>org.jline</groupId>
      <artifactId>jline-terminal-jna</artifactId>
      <version>${jline.version}</version>
      <scope>compile</scope>
    </dependency>
    <dependency>
      <groupId>org.jline</groupId>
      <artifactId>jline-reader</artifactId>
      <version>${jline.version}</version>
      <scope>compile</scope>
    </dependency>
  </dependencies>
  <repositories>
    <repository>
      <releases>
        <enabled>true</enabled>
      </releases>
      <snapshots>
        <enabled>false</enabled>
      </snapshots>
      <id>opencollab-repo-release</id>
      <url>https://repo.opencollab.dev/maven-releases/</url>
    </repository>
    <repository>
      <releases>
        <enabled>false</enabled>
      </releases>
      <snapshots>
        <enabled>true</enabled>
      </snapshots>
      <id>opencollab-repo-snapshot</id>
      <url>https://repo.opencollab.dev/maven-snapshots/</url>
    </repository>
  </repositories>
  <build>
    <plugins>
      <plugin>
        <groupId>org.jacoco</groupId>
        <artifactId>jacoco-maven-plugin</artifactId>
        <version>0.8.8</version>
        <executions>
          <execution>
            <id>default-prepare-agent</id>
            <goals>
              <goal>prepare-agent</goal>
            </goals>
          </execution>
          <execution>
            <id>default-report</id>
            <goals>
              <goal>report</goal>
            </goals>
          </execution>
        </executions>
      </plugin>
      <plugin>
        <artifactId>maven-assembly-plugin</artifactId>
        <version>3.2.0</version>
        <executions>
          <execution>
            <phase>package</phase>
            <goals>
              <goal>single</goal>
            </goals>
            <configuration>
              <descriptorRefs>
                <descriptorRef>jar-with-dependencies</descriptorRef>
              </descriptorRefs>
            </configuration>
          </execution>
        </executions>
      </plugin>
    </plugins>
  </build>
</project>
