<?xml version="1.0" encoding="UTF-8"?>

<beans xmlns="http://www.springframework.org/schema/beans"
       xmlns:xsi="http://www.w3.org/2001/XMLSchema-instance"
       xmlns:context="http://www.springframework.org/schema/context"
       xmlns:tx="http://www.springframework.org/schema/tx"
       xmlns:p="http://www.springframework.org/schema/p"
       xsi:schemaLocation="http://www.springframework.org/schema/beans http://www.springframework.org/schema/beans/spring-beans-2.0.xsd
		http://www.springframework.org/schema/context http://www.springframework.org/schema/context/spring-context.xsd
		http://www.springframework.org/schema/tx http://www.springframework.org/schema/tx/spring-tx-3.0.xsd">

    <bean id="propertyConfigurer"  class="org.springframework.beans.factory.config.PropertyPlaceholderConfigurer"  p:location="db.properties" />

    <bean id="dataSource"   class="org.springframework.jdbc.datasource.DriverManagerDataSource"
          p:driverClassName="${jdbc.driverClassName}"
          p:url="${jdbc.url}"
          p:username="${jdbc.username}"
          p:password="${jdbc.password}" />

    <bean id="sessionFactory"
          class="org.springframework.orm.hibernate5.LocalSessionFactoryBean">
        <property name="dataSource" ref="dataSource"/>
        <property name="mappingResources">
            <list>
                <value>Spitter.hbm.xml</value>
            </list>
        </property>
        <property name="hibernateProperties">
            <props>
                <prop key="dialect">org.hibernate.dialect.MySQLDialect</prop>
            </props>
        </property>
    </bean>

    <bean id="spitterDao" class="com.vonzhou.spitter.persistence.HibernateSpitterDao"/>


    <!--
    <property name="packagesToScan">
        <list>
            <value>com.habuma.spitter.domain</value>
        </list>
    </property>
    -->

    <!--
    <property name="annotatedClasses">
        <list>
            <value>com.habuma.spitter.domain.Spitter</value>
            <value>com.habuma.spitter.domain.Spittle</value>
       </list>
    </property>
    -->

    <bean id="transactionManager" class="org.springframework.orm.hibernate5.HibernateTransactionManager">
        <property name="sessionFactory" ref="sessionFactory" />
    </bean>

    <bean class="org.springframework.dao.annotation.PersistenceExceptionTranslationPostProcessor"/>

    <context:component-scan
            base-package="com.vonzhou.spitter.persistence"/>

    <tx:annotation-driven />

</beans>
