<?xml version="1.0" encoding="UTF-8"?>
<project xsi:schemaLocation="http://maven.apache.org/POM/4.0.0 http://maven.apache.org/xsd/maven-4.0.0.xsd" xmlns="http://maven.apache.org/POM/4.0.0"
    xmlns:xsi="http://www.w3.org/2001/XMLSchema-instance">
  <modelVersion>4.0.0</modelVersion>
  <parent>
    <groupId>org.springframework.boot</groupId>
    <artifactId>spring-boot-starter-parent</artifactId>
    <version>2.4.4</version>
    <relativePath></relativePath>
  </parent>
  <artifactId>kafka-streams-inventory-count</artifactId>
  <name>kafka-streams-inventory-count</name>
  <description>Kafka Streams inventory count sample</description>
  <properties>
    <kafka-streams-test-utils.version>2.6.0</kafka-streams-test-utils.version>
    <spring-cloud.version>2020.0.2</spring-cloud.version>
  </properties>
  <dependencyManagement>
    <dependencies>
      <dependency>
        <groupId>org.springframework.cloud</groupId>
        <artifactId>spring-cloud-dependencies</artifactId>
        <version>${spring-cloud.version}</version>
        <type>pom</type>
        <scope>import</scope>
      </dependency>
    </dependencies>
  </dependencyManagement>
  <dependencies>
    <dependency>
      <groupId>org.springframework.kafka</groupId>
      <artifactId>spring-kafka-test</artifactId>
      <scope>test</scope>
    </dependency>
    <dependency>
      <groupId>org.apache.kafka</groupId>
      <artifactId>kafka-streams-test-utils</artifactId>
      <version>${kafka-streams-test-utils.version}</version>
      <scope>test</scope>
    </dependency>
    <dependency>
      <groupId>org.apache.logging.log4j</groupId>
      <artifactId>log4j-to-slf4j</artifactId>
      <version>2.13.3</version>
      <scope>compile</scope>
      <optional>false</optional>
    </dependency>
    <dependency>
      <groupId>io.netty</groupId>
      <artifactId>netty-transport</artifactId>
      <version>4.1.60.Final</version>
      <scope>test</scope>
      <optional>false</optional>
    </dependency>
    <dependency>
      <groupId>com.fasterxml.jackson.datatype</groupId>
      <artifactId>jackson-datatype-jdk8</artifactId>
      <version>2.11.4</version>
      <scope>compile</scope>
      <optional>false</optional>
    </dependency>
    <dependency>
      <groupId>org.springframework.retry</groupId>
      <artifactId>spring-retry</artifactId>
      <version>1.3.1</version>
      <scope>compile</scope>
      <optional>false</optional>
    </dependency>
    <dependency>
      <groupId>org.assertj</groupId>
      <artifactId>assertj-core</artifactId>
      <version>3.18.1</version>
      <scope>test</scope>
      <optional>false</optional>
    </dependency>
    <dependency>
      <groupId>org.apache.zookeeper</groupId>
      <artifactId>zookeeper</artifactId>
      <version>3.5.8</version>
      <scope>test</scope>
      <exclusions>
        <exclusion>
          <artifactId>netty-transport-native-epoll</artifactId>
          <groupId>io.netty</groupId>
        </exclusion>
      </exclusions>
      <optional>false</optional>
    </dependency>
    <dependency>
      <groupId>com.fasterxml.jackson.core</groupId>
      <artifactId>jackson-annotations</artifactId>
      <version>2.11.4</version>
      <scope>compile</scope>
      <optional>false</optional>
    </dependency>
    <dependency>
      <groupId>org.apache.logging.log4j</groupId>
      <artifactId>log4j-api</artifactId>
      <version>2.13.3</version>
      <scope>compile</scope>
      <optional>false</optional>
    </dependency>
    <dependency>
      <groupId>org.junit.jupiter</groupId>
      <artifactId>junit-jupiter-api</artifactId>
      <version>5.7.1</version>
      <scope>test</scope>
      <optional>false</optional>
    </dependency>
    <dependency>
      <groupId>org.springframework.boot</groupId>
      <artifactId>spring-boot</artifactId>
      <version>2.4.4</version>
      <scope>compile</scope>
      <optional>false</optional>
    </dependency>
    <dependency>
      <groupId>org.reactivestreams</groupId>
      <artifactId>reactive-streams</artifactId>
      <version>1.0.3</version>
      <scope>compile</scope>
      <optional>false</optional>
    </dependency>
    <dependency>
      <groupId>org.opentest4j</groupId>
      <artifactId>opentest4j</artifactId>
      <version>1.2.0</version>
      <scope>test</scope>
      <optional>false</optional>
    </dependency>
    <dependency>
      <groupId>org.springframework.boot</groupId>
      <artifactId>spring-boot-test</artifactId>
      <version>2.4.4</version>
      <scope>test</scope>
      <optional>false</optional>
    </dependency>
    <dependency>
      <groupId>org.xerial.snappy</groupId>
      <artifactId>snappy-java</artifactId>
      <version>1.1.7.3</version>
      <scope>compile</scope>
      <optional>false</optional>
    </dependency>
    <dependency>
      <groupId>org.scala-lang</groupId>
      <artifactId>scala-library</artifactId>
      <version>2.13.2</version>
      <scope>test</scope>
      <optional>false</optional>
    </dependency>
    <dependency>
      <groupId>io.netty</groupId>
      <artifactId>netty-codec</artifactId>
      <version>4.1.60.Final</version>
      <scope>test</scope>
      <optional>false</optional>
    </dependency>
    <dependency>
      <groupId>org.apache.yetus</groupId>
      <artifactId>audience-annotations</artifactId>
      <version>0.5.0</version>
      <scope>test</scope>
      <optional>false</optional>
    </dependency>
    <dependency>
      <groupId>ch.qos.logback</groupId>
      <artifactId>logback-classic</artifactId>
      <version>1.2.3</version>
      <scope>compile</scope>
      <optional>false</optional>
    </dependency>
    <dependency>
      <groupId>javax.annotation</groupId>
      <artifactId>javax.annotation-api</artifactId>
      <version>1.3.2</version>
      <scope>compile</scope>
      <optional>false</optional>
    </dependency>
    <dependency>
      <groupId>org.springframework</groupId>
      <artifactId>spring-tx</artifactId>
      <version>5.3.5</version>
      <scope>compile</scope>
      <optional>false</optional>
    </dependency>
    <dependency>
      <groupId>org.scala-lang.modules</groupId>
      <artifactId>scala-java8-compat_2.13</artifactId>
      <version>0.9.1</version>
      <scope>test</scope>
      <optional>false</optional>
    </dependency>
    <dependency>
      <groupId>org.springframework</groupId>
      <artifactId>spring-beans</artifactId>
      <version>5.3.5</version>
      <scope>compile</scope>
      <optional>false</optional>
    </dependency>
    <dependency>
      <groupId>org.slf4j</groupId>
      <artifactId>slf4j-api</artifactId>
      <version>1.7.30</version>
      <scope>compile</scope>
      <optional>false</optional>
    </dependency>
    <dependency>
      <groupId>io.netty</groupId>
      <artifactId>netty-buffer</artifactId>
      <version>4.1.60.Final</version>
      <scope>test</scope>
      <optional>false</optional>
    </dependency>
    <dependency>
      <groupId>org.apache.kafka</groupId>
      <artifactId>kafka-clients</artifactId>
      <version>2.6.1</version>
      <classifier>test</classifier>
      <scope>test</scope>
      <optional>false</optional>
    </dependency>
    <dependency>
      <groupId>io.netty</groupId>
      <artifactId>netty-handler</artifactId>
      <version>4.1.60.Final</version>
      <scope>test</scope>
      <exclusions>
        <exclusion>
          <artifactId>netty-resolver</artifactId>
          <groupId>io.netty</groupId>
        </exclusion>
      </exclusions>
      <optional>false</optional>
    </dependency>
    <dependency>
      <groupId>com.typesafe.scala-logging</groupId>
      <artifactId>scala-logging_2.13</artifactId>
      <version>3.9.2</version>
      <scope>test</scope>
      <optional>false</optional>
    </dependency>
    <dependency>
      <groupId>com.fasterxml.jackson.core</groupId>
      <artifactId>jackson-databind</artifactId>
      <version>2.11.4</version>
      <scope>compile</scope>
      <optional>false</optional>
    </dependency>
    <dependency>
      <groupId>org.apache.kafka</groupId>
      <artifactId>kafka-streams</artifactId>
      <version>2.6.0</version>
      <scope>compile</scope>
      <exclusions>
        <exclusion>
          <artifactId>connect-json</artifactId>
          <groupId>org.apache.kafka</groupId>
        </exclusion>
      </exclusions>
      <optional>false</optional>
    </dependency>
    <dependency>
      <groupId>org.junit.platform</groupId>
      <artifactId>junit-platform-commons</artifactId>
      <version>1.7.1</version>
      <scope>test</scope>
      <optional>false</optional>
    </dependency>
    <dependency>
      <groupId>io.projectreactor</groupId>
      <artifactId>reactor-core</artifactId>
      <version>3.4.4</version>
      <scope>compile</scope>
      <optional>false</optional>
    </dependency>
    <dependency>
      <groupId>com.github.luben</groupId>
      <artifactId>zstd-jni</artifactId>
      <version>1.4.4-7</version>
      <scope>compile</scope>
      <optional>false</optional>
    </dependency>
    <dependency>
      <groupId>org.springframework</groupId>
      <artifactId>spring-jcl</artifactId>
      <version>5.3.5</version>
      <scope>compile</scope>
      <optional>false</optional>
    </dependency>
    <dependency>
      <groupId>org.lz4</groupId>
      <artifactId>lz4-java</artifactId>
      <version>1.7.1</version>
      <scope>compile</scope>
      <optional>false</optional>
    </dependency>
    <dependency>
      <groupId>org.apache.kafka</groupId>
      <artifactId>kafka-clients</artifactId>
      <version>2.6.0</version>
      <scope>compile</scope>
      <optional>false</optional>
    </dependency>
    <dependency>
      <groupId>org.springframework</groupId>
      <artifactId>spring-test</artifactId>
      <version>5.3.5</version>
      <scope>test</scope>
      <optional>false</optional>
    </dependency>
    <dependency>
      <groupId>org.springframework</groupId>
      <artifactId>spring-core</artifactId>
      <version>5.3.5</version>
      <scope>compile</scope>
      <optional>false</optional>
    </dependency>
    <dependency>
      <groupId>com.yammer.metrics</groupId>
      <artifactId>metrics-core</artifactId>
      <version>2.2.0</version>
      <scope>test</scope>
      <optional>false</optional>
    </dependency>
    <dependency>
      <groupId>org.springframework.boot</groupId>
      <artifactId>spring-boot-autoconfigure</artifactId>
      <version>2.4.4</version>
      <scope>compile</scope>
      <optional>false</optional>
    </dependency>
    <dependency>
      <groupId>org.springframework</groupId>
      <artifactId>spring-aop</artifactId>
      <version>5.3.5</version>
      <scope>compile</scope>
      <optional>false</optional>
    </dependency>
    <dependency>
      <groupId>ch.qos.logback</groupId>
      <artifactId>logback-core</artifactId>
      <version>1.2.3</version>
      <scope>compile</scope>
      <optional>false</optional>
    </dependency>
    <dependency>
      <groupId>org.apiguardian</groupId>
      <artifactId>apiguardian-api</artifactId>
      <version>1.1.0</version>
      <scope>test</scope>
      <optional>false</optional>
    </dependency>
    <dependency>
      <groupId>org.springframework.kafka</groupId>
      <artifactId>spring-kafka</artifactId>
      <version>2.6.7</version>
      <scope>compile</scope>
      <optional>false</optional>
    </dependency>
    <dependency>
      <groupId>org.springframework</groupId>
      <artifactId>spring-expression</artifactId>
      <version>5.3.5</version>
      <scope>compile</scope>
      <optional>false</optional>
    </dependency>
    <dependency>
      <groupId>org.hamcrest</groupId>
      <artifactId>hamcrest</artifactId>
      <version>2.2</version>
      <scope>test</scope>
      <optional>false</optional>
    </dependency>
    <dependency>
      <groupId>com.fasterxml.jackson.core</groupId>
      <artifactId>jackson-core</artifactId>
      <version>2.11.4</version>
      <scope>compile</scope>
      <optional>false</optional>
    </dependency>
    <dependency>
      <groupId>org.springframework</groupId>
      <artifactId>spring-messaging</artifactId>
      <version>5.3.5</version>
      <scope>compile</scope>
      <optional>false</optional>
    </dependency>
    <dependency>
      <groupId>org.springframework</groupId>
      <artifactId>spring-context</artifactId>
      <version>5.3.5</version>
      <scope>compile</scope>
      <optional>false</optional>
    </dependency>
    <dependency>
      <groupId>org.apache.zookeeper</groupId>
      <artifactId>zookeeper-jute</artifactId>
      <version>3.5.8</version>
      <scope>test</scope>
      <optional>false</optional>
    </dependency>
    <dependency>
      <groupId>org.apache.kafka</groupId>
      <artifactId>kafka_2.13</artifactId>
      <version>2.6.0</version>
      <scope>test</scope>
      <exclusions>
        <exclusion>
          <artifactId>jackson-module-scala_2.13</artifactId>
          <groupId>com.fasterxml.jackson.module</groupId>
        </exclusion>
        <exclusion>
          <artifactId>jackson-dataformat-csv</artifactId>
          <groupId>com.fasterxml.jackson.dataformat</groupId>
        </exclusion>
        <exclusion>
          <artifactId>jopt-simple</artifactId>
          <groupId>net.sf.jopt-simple</groupId>
        </exclusion>
        <exclusion>
          <artifactId>scala-collection-compat_2.13</artifactId>
          <groupId>org.scala-lang.modules</groupId>
        </exclusion>
        <exclusion>
          <artifactId>scala-reflect</artifactId>
          <groupId>org.scala-lang</groupId>
        </exclusion>
        <exclusion>
          <artifactId>commons-cli</artifactId>
          <groupId>commons-cli</groupId>
        </exclusion>
      </exclusions>
      <optional>false</optional>
    </dependency>
    <dependency>
      <groupId>org.rocksdb</groupId>
      <artifactId>rocksdbjni</artifactId>
      <version>5.18.4</version>
      <scope>compile</scope>
      <optional>false</optional>
    </dependency>
    <dependency>
      <groupId>io.netty</groupId>
      <artifactId>netty-common</artifactId>
      <version>4.1.60.Final</version>
      <scope>test</scope>
      <optional>false</optional>
    </dependency>
    <dependency>
      <groupId>org.apache.kafka</groupId>
      <artifactId>kafka_2.13</artifactId>
      <version>2.6.1</version>
      <classifier>test</classifier>
      <scope>test</scope>
      <exclusions>
        <exclusion>
          <artifactId>jackson-module-scala_2.13</artifactId>
          <groupId>com.fasterxml.jackson.module</groupId>
        </exclusion>
        <exclusion>
          <artifactId>jackson-dataformat-csv</artifactId>
          <groupId>com.fasterxml.jackson.dataformat</groupId>
        </exclusion>
        <exclusion>
          <artifactId>jopt-simple</artifactId>
          <groupId>net.sf.jopt-simple</groupId>
        </exclusion>
        <exclusion>
          <artifactId>scala-collection-compat_2.13</artifactId>
          <groupId>org.scala-lang.modules</groupId>
        </exclusion>
        <exclusion>
          <artifactId>scala-reflect</artifactId>
          <groupId>org.scala-lang</groupId>
        </exclusion>
        <exclusion>
          <artifactId>commons-cli</artifactId>
          <groupId>commons-cli</groupId>
        </exclusion>
      </exclusions>
      <optional>false</optional>
    </dependency>
  </dependencies>
  <repositories>
    <repository>
      <releases>
        <enabled>false</enabled>
      </releases>
      <snapshots>
        <enabled>true</enabled>
      </snapshots>
      <id>spring-snapshots</id>
      <name>Spring Snapshots</name>
      <url>https://repo.spring.io/libs-snapshot-local</url>
    </repository>
    <repository>
      <snapshots>
        <enabled>false</enabled>
      </snapshots>
      <id>spring-milestones</id>
      <name>Spring Milestones</name>
      <url>https://repo.spring.io/libs-milestone-local</url>
    </repository>
  </repositories>
  <pluginRepositories>
    <pluginRepository>
      <releases>
        <enabled>false</enabled>
      </releases>
      <snapshots>
        <enabled>true</enabled>
      </snapshots>
      <id>spring-snapshots</id>
      <name>Spring Snapshots</name>
      <url>https://repo.spring.io/libs-snapshot-local</url>
    </pluginRepository>
    <pluginRepository>
      <snapshots>
        <enabled>false</enabled>
      </snapshots>
      <id>spring-milestones</id>
      <name>Spring Milestones</name>
      <url>https://repo.spring.io/libs-milestone-local</url>
    </pluginRepository>
    <pluginRepository>
      <snapshots>
        <enabled>false</enabled>
      </snapshots>
      <id>spring-releases</id>
      <name>Spring Releases</name>
      <url>https://repo.spring.io/libs-release-local</url>
    </pluginRepository>
  </pluginRepositories>
  <build>
    <plugins>
      <plugin>
        <groupId>org.jacoco</groupId>
        <artifactId>jacoco-maven-plugin</artifactId>
        <version>0.8.8</version>
        <executions>
          <execution>
            <id>default-prepare-agent</id>
            <goals>
              <goal>prepare-agent</goal>
            </goals>
          </execution>
          <execution>
            <id>default-report</id>
            <goals>
              <goal>report</goal>
            </goals>
          </execution>
        </executions>
      </plugin>
    </plugins>
  </build>
</project>
