<?xml version="1.0" encoding="UTF-8"?>
<beans xmlns="http://www.springframework.org/schema/beans"
       xmlns:xsi="http://www.w3.org/2001/XMLSchema-instance"
       xmlns:mvc="http://www.springframework.org/schema/mvc"
       xmlns:context="http://www.springframework.org/schema/context"
       xsi:schemaLocation="http://www.springframework.org/schema/mvc
       http://www.springframework.org/schema/mvc/spring-mvc.xsd
       http://www.springframework.org/schema/beans
       http://www.springframework.org/schema/beans/spring-beans.xsd
       http://www.springframework.org/schema/context
       http://www.springframework.org/schema/context/spring-context.xsd
       ">

    <mvc:resources mapping="/resources/**" location="/resources/"/>
    <mvc:annotation-driven/>
    <context:component-scan base-package="com.vonzhou.simple.controller"/>

    <bean id="freemarkerConfig"
          class="org.springframework.web.servlet.view.freemarker.FreeMarkerConfigurer">
        <property name="templateLoaderPath" value="/WEB-INF/views/"/>
        <property name="freemarkerSettings">
            <props>
                <prop key="defaultEncoding">UTF-8</prop>
                <prop key="number_format">0</prop>
            </props>
        </property>
    </bean>
    <!--定义视图解析器,freemark -->
    <bean id="viewResolver"
          class="org.springframework.web.servlet.view.freemarker.FreeMarkerViewResolver">
        <property name="viewClass" value="org.springframework.web.servlet.view.freemarker.FreeMarkerView"/>
        <!-- 定义返回的view的编码类型 -->
        <property name="contentType" value="text/html;charset=UTF-8"/>
        <!-- 定义返回的view的后缀名 -->
        <property name="suffix" value=".ftl"/>
    </bean>


</beans>