<?xml version="1.0" encoding="UTF-8"?>
<project xsi:schemaLocation="http://maven.apache.org/POM/4.0.0 https://maven.apache.org/xsd/maven-4.0.0.xsd" xmlns="http://maven.apache.org/POM/4.0.0"
    xmlns:xsi="http://www.w3.org/2001/XMLSchema-instance">
  <modelVersion>4.0.0</modelVersion>
  <parent>
    <groupId>com.amazonaws.serverless</groupId>
    <artifactId>aws-serverless-java-container</artifactId>
    <version>1.8-SNAPSHOT</version>
    <relativePath>..</relativePath>
  </parent>
  <artifactId>aws-serverless-java-container-core</artifactId>
  <version>1.8-SNAPSHOT</version>
  <name>AWS Serverless Java container support - Core</name>
  <description>Allows Java applications written for a servlet container to run in AWS Lambda</description>
  <url>https://aws.amazon.com/lambda</url>
  <properties>
    <jaxrs.version>2.1</jaxrs.version>
    <servlet.version>3.1.0</servlet.version>
  </properties>
  <dependencyManagement>
    <dependencies>
      <dependency>
        <groupId>commons-io</groupId>
        <artifactId>commons-io</artifactId>
        <version>2.11.0</version>
      </dependency>
    </dependencies>
  </dependencyManagement>
  <dependencies>
    <dependency>
      <groupId>com.amazonaws</groupId>
      <artifactId>aws-lambda-java-core</artifactId>
      <version>1.2.1</version>
    </dependency>
    <dependency>
      <groupId>javax.servlet</groupId>
      <artifactId>javax.servlet-api</artifactId>
      <version>${servlet.version}</version>
    </dependency>
    <dependency>
      <groupId>javax.ws.rs</groupId>
      <artifactId>javax.ws.rs-api</artifactId>
      <version>${jaxrs.version}</version>
    </dependency>
    <dependency>
      <groupId>com.fasterxml.jackson.core</groupId>
      <artifactId>jackson-databind</artifactId>
      <version>${jackson.version}</version>
    </dependency>
    <dependency>
      <groupId>com.fasterxml.jackson.module</groupId>
      <artifactId>jackson-module-afterburner</artifactId>
      <version>${jackson.version}</version>
      <exclusions>
        <exclusion>
          <artifactId>jackson-databind</artifactId>
          <groupId>com.fasterxml.jackson.core</groupId>
        </exclusion>
      </exclusions>
    </dependency>
    <dependency>
      <groupId>commons-fileupload</groupId>
      <artifactId>commons-fileupload</artifactId>
      <version>1.4</version>
    </dependency>
    <dependency>
      <groupId>org.apache.httpcomponents</groupId>
      <artifactId>httpmime</artifactId>
      <version>4.5.13</version>
      <scope>compile</scope>
    </dependency>
    <dependency>
      <groupId>org.apache.httpcomponents</groupId>
      <artifactId>httpclient</artifactId>
      <version>4.5.13</version>
      <scope>test</scope>
    </dependency>
    <dependency>
      <groupId>org.apache.httpcomponents</groupId>
      <artifactId>httpcore</artifactId>
      <version>4.4.15</version>
      <scope>compile</scope>
      <optional>true</optional>
    </dependency>
    <dependency>
      <groupId>org.springframework.security</groupId>
      <artifactId>spring-security-web</artifactId>
      <version>5.6.1</version>
      <scope>test</scope>
    </dependency>
  </dependencies>
  <build>
    <plugins>
      <plugin>
        <groupId>org.jacoco</groupId>
        <artifactId>jacoco-maven-plugin</artifactId>
        <version>0.8.8</version>
        <executions>
          <execution>
            <id>default-prepare-agent</id>
            <goals>
              <goal>prepare-agent</goal>
            </goals>
          </execution>
          <execution>
            <id>default-report</id>
            <goals>
              <goal>report</goal>
            </goals>
          </execution>
        </executions>
      </plugin>
      <plugin>
        <artifactId>maven-assembly-plugin</artifactId>
        <version>3.2.0</version>
        <executions>
          <execution>
            <phase>package</phase>
            <goals>
              <goal>single</goal>
            </goals>
            <configuration>
              <descriptorRefs>
                <descriptorRef>jar-with-dependencies</descriptorRef>
              </descriptorRefs>
            </configuration>
          </execution>
        </executions>
      </plugin>
    </plugins>
  </build>
  <profiles>
    <profile>
      <id>java9-plus</id>
      <activation>
        <jdk>[9,)</jdk>
      </activation>
      <dependencies>
        <dependency>
          <groupId>com.sun.activation</groupId>
          <artifactId>jakarta.activation</artifactId>
          <version>1.2.2</version>
        </dependency>
      </dependencies>
    </profile>
  </profiles>
</project>
