<?xml version="1.0" encoding="UTF-8"?>
<!-- Copyright 2010 simon Licensed under the Apache License, Version 2.0 
	(the "License"); you may not use this file except in compliance with the 
	License. You may obtain a copy of the License at http://www.apache.org/licenses/LICENSE-2.0 
	Unless required by applicable law or agreed to in writing, software distributed 
	under the License is distributed on an "AS IS" BASIS, WITHOUT WARRANTIES 
	OR CONDITIONS OF ANY KIND, either express or implied. See the License for 
	the specific language governing permissions and limitations under the License. -->
<config xmlns="http://kabeja.org/config/profile/1.0">
	<profile name="plain">
		<!-- section generators -->
		<handler name="HEADER"
			class="org.kabeja.dxf.generator.section.DXFHeaderSectionGenerator"
			groupCodes="" />
		<handler name="ENTITIES"
			class="org.kabeja.dxf.generator.section.DXFEntitiesSectionGenerator"
			groupCodes="" />
		<handler name="BLOCKS"
			class="org.kabeja.dxf.generator.section.DXFBlocksSectionGenerator"
			groupCodes="" />
		<handler name="BLOCK_ENTRY"
			class="org.kabeja.dxf.generator.section.DXFBlocksSectionGenerator"
			groupCodes="0,8,2,70,10,20,30,3,30000" />
		<handler name="LTYPE"
			class="org.kabeja.dxf.generator.table.DXFLineTypeTableGenerator"
			groupCodes="" />
		<handler name="LTYPE_ENTRY"
			class="org.kabeja.dxf.generator.table.DXFLineTypeTableGenerator"
			groupCodes="0,2,70,3,72,73,40,30000" />
		<handler name="TABLES"
			class="org.kabeja.dxf.generator.section.DXFTableSectionGenerator"
			groupCodes="" />
		<handler name="LAYER"
			class="org.kabeja.dxf.generator.table.DXFLayerTableGenerator"
			groupCodes="5,70,30000" />
		<handler name="LAYER_ENTRY"
			class="org.kabeja.dxf.generator.table.DXFLayerTableGenerator"
			groupCodes="0,2,70,62,6" />
		<!-- Entity Handler -->
		<handler name="3DFACE"
			class="org.kabeja.dxf.generator.entities.DXF3DFaceGenerator"
			groupCodes="0,8,6,67,62,48,60,10,20,30,11,21,31,12,22,32,13,23,33,39" />
		<handler name="ARC"
			class="org.kabeja.dxf.generator.entities.DXFArcGenerator" groupCodes="0,8,6,67,62,48,60,39,10,20,30,40,50,51,210,220,230" />
		<handler name="CIRCLE"
			class="org.kabeja.dxf.generator.entities.DXFCircleGenerator"
			groupCodes="0,8,6,67,62,48,60,39,10,20,30,40,210,220,230" />
		<handler name="DIMENSION"
			class="org.kabeja.dxf.generator.entities.DXFDimensionGenerator"
			groupCodes="0,8,6,67,62,48,60,2,10,20,30,11,21,31,70,71,72,12,22,32,220,230,3" />
		<handler name="ELLIPSE"
			class="org.kabeja.dxf.generator.entities.DXFEllipseGenerator"
			groupCodes="0,8,6,67,62,48,60,10,20,30,11,21,31,210,220,230,40,41,42" />
		<handler name="INSERT"
			class="org.kabeja.dxf.generator.entities.DXFInsertGenerator"
			groupCodes="0,8,6,67,62,48,60,66,2,10,20,30,41,42,43,50,70,71,44,45,210,220,230" />
		<handler name="TEXT"
			class="org.kabeja.dxf.generator.entities.DXFTextGenerator"
			groupCodes="0,8,6,67,62,48,60,10,20,30,40,1,50,51" />
		<handler name="ATTDEF"
			class="org.kabeja.dxf.generator.entities.DXFAttribDefGenerator"
			groupCodes="0,8,6,67,62,48,60,10,20,30,40,1,3,2,70" />
		<handler name="LINE"
			class="org.kabeja.dxf.generator.entities.DXFLineGenerator"
			groupCodes="0,8,6,67,62,48,60,39,10,20,30,11,21,31,210,220,230" />
		<handler name="POINT"
			class="org.kabeja.dxf.generator.entities.DXFPointGenerator"
			groupCodes="0,8,6,67,62,48,60,62,10,20,30,210,220,230,50" />
		<handler name="POLYLINE"
			class="org.kabeja.dxf.generator.entities.DXFPolylineGenerator"
			groupCodes="0,8,6,67,62,48,60,62,66,10,20,30,70,30000" />
		<handler name="SOLID"
			class="org.kabeja.dxf.generator.entities.DXFSolidGenerator"
			groupCodes="0,8,6,67,62,48,60,10,20,30,11,21,31,12,22,32,13,23,33,39" />
		<handler name="TRACE"
			class="org.kabeja.dxf.generator.entities.DXFTraceGenerator"
			groupCodes="0,8,6,67,62,48,60,10,20,30,11,21,31,12,22,32,13,23,33,39" />
		<handler name="VERTEX"
			class="org.kabeja.dxf.generator.entities.DXFVertexGenerator"
			groupCodes="0,8,6,67,62,48,60,62,10,20,30,42" />
	</profile>
	<profile name="plainDXF12">
		<!-- section generators -->
		<handler name="HEADER"
			class="org.kabeja.dxf.generator.section.DXFHeaderSectionGenerator"
			groupCodes="" />
		<handler name="ENTITIES"
			class="org.kabeja.dxf.generator.section.DXFEntitiesSectionGenerator"
			groupCodes="" />

		<handler name="LTYPE"
			class="org.kabeja.dxf.generator.table.DXFLineTypeTableGenerator"
			groupCodes="" />
		<handler name="LTYPE_ENTRY"
			class="org.kabeja.dxf.generator.table.DXFLineTypeTableGenerator"
			groupCodes="0,2,70,3,72,73,40,30000" />
		<handler name="TABLES"
			class="org.kabeja.dxf.generator.section.DXFTableSectionGenerator"
			groupCodes="" />
		<handler name="LAYER"
			class="org.kabeja.dxf.generator.table.DXFLayerTableGenerator"
			groupCodes="5,70,30000" />
		<handler name="LAYER_ENTRY"
			class="org.kabeja.dxf.generator.table.DXFLayerTableGenerator"
			groupCodes="0,2,70,62,6" />
		<handler name="BLOCKS"
			class="org.kabeja.dxf.generator.section.DXFBlocksSectionGenerator"
			groupCodes="" />
		<handler name="BLOCK_ENTRY"
			class="org.kabeja.dxf.generator.section.DXFBlocksSectionGenerator"
			groupCodes="0,8,2,70,10,20,30,3,30000" />

		<!-- Entity Handler -->
		<handler name="3DFACE"
			class="org.kabeja.dxf.generator.entities.DXF3DFaceGenerator"
			groupCodes="0,8,6,67,62,48,60,10,20,30,11,21,31,12,22,32,13,23,33,39" />
		<handler name="ARC"
			class="org.kabeja.dxf.generator.entities.DXFArcGenerator" groupCodes="0,8,6,67,62,48,60,39,10,20,30,40,50,51,210,220,230" />
		<handler name="CIRCLE"
			class="org.kabeja.dxf.generator.entities.DXFCircleGenerator"
			groupCodes="0,8,6,67,62,48,60,39,10,20,30,40,210,220,230" />
		<handler name="DIMENSION"
			class="org.kabeja.dxf.generator.entities.DXFDimensionGenerator"
			groupCodes="0,8,6,67,62,48,60,2,10,20,30,11,21,31,70,71,72,12,22,32,220,230,3" />
		<handler name="INSERT"
			class="org.kabeja.dxf.generator.entities.DXFInsertGenerator"
			groupCodes="0,8,6,67,62,48,60,66,2,10,20,30,41,42,43,50,70,71,44,45,210,220,230" />
		<handler name="TEXT"
			class="org.kabeja.dxf.generator.entities.DXFTextGenerator"
			groupCodes="0,8,6,67,62,48,60,10,20,30,40,1" />
		<handler name="ATTDEF"
			class="org.kabeja.dxf.generator.entities.DXFAttribDefGenerator"
			groupCodes="0,8,6,67,62,48,60,10,20,30,40,1,3,2,70" />
		<handler name="LINE"
			class="org.kabeja.dxf.generator.entities.DXFLineGenerator"
			groupCodes="0,8,6,67,62,48,60,39,10,20,30,11,21,31,210,220,230" />
		<handler name="POINT"
			class="org.kabeja.dxf.generator.entities.DXFPointGenerator"
			groupCodes="0,8,6,67,62,48,60,62,10,20,30,210,220,230,50" />
		<handler name="POLYLINE"
			class="org.kabeja.dxf.generator.entities.DXFPolylineGenerator"
			groupCodes="0,8,6,67,62,48,60,62,66,10,20,30,70,30000" />
		<handler name="SOLID"
			class="org.kabeja.dxf.generator.entities.DXFSolidGenerator"
			groupCodes="0,8,6,67,62,48,60,10,20,30,11,21,31,12,22,32,13,23,33,39" />
		<handler name="TRACE"
			class="org.kabeja.dxf.generator.entities.DXFTraceGenerator"
			groupCodes="0,8,6,67,62,48,60,10,20,30,11,21,31,12,22,32,13,23,33,39" />
		<handler name="VERTEX"
			class="org.kabeja.dxf.generator.entities.DXFVertexGenerator"
			groupCodes="0,8,6,67,62,48,60,62,10,20,30,42" />
	</profile>

</config>
