<?xml version="1.0" encoding="UTF-8"?>
<!-- Copyright 2010 simon Licensed under the Apache License, Version 2.0 
	(the "License"); you may not use this file except in compliance with the 
	License. You may obtain a copy of the License at http://www.apache.org/licenses/LICENSE-2.0 
	Unless required by applicable law or agreed to in writing, software distributed 
	under the License is distributed on an "AS IS" BASIS, WITHOUT WARRANTIES 
	OR CONDITIONS OF ANY KIND, either express or implied. See the License for 
	the specific language governing permissions and limitations under the License. -->
<config xmlns="http://kabeja.org/config/profile/1.0">
	<profiles default="plain">
		<profile name="plain">
		    <!--+
		        | First all entity descriptions
		        |  
		        + -->
		     <type name="ENTITY">		
       			<subtype id="acdbentity" name="AcDbEntity" groupCodes="0,5,67,8,6,60" />
			</type>   
		        
		  	<type name="ARC">
				<subtype ref-id="acdbentity" />
				<subtype id="acdbcirlce" name="AcDbArc" groupCodes="10,20,30,40,50,51" />
			</type>
			<type name="ATTRIB">
				<subtype ref-id="acdbentity" />
				<subtype id="acdbattrib" name="AcDbAttrib" groupCodes="10,20,30,40,1,3,2,70" />
			</type>
			
		    <type name="LWPOLYLINE">
				<subtype ref-id="acdbentity" />
				<subtype id="acdbpolyline" name="AcDbPolyline" groupCodes="90,70" />
				<subtype id="acdbvertex" name="AcDbVertex" groupCodes="10,20,40,41,42" />
			</type>	
			
			<type name="LINE">
				<subtype ref-id="acdbentity" />
				<subtype id="acdbline" name="AcDbLine" groupCodes="10,20,30,11,21,31" />
			</type>
			<type name="CIRCLE">
				<subtype ref-id="acdbentity" />
				<subtype id="acdbcirlce" name="AcDbCircle" groupCodes="10,20,30,40" />
			</type>
			<type name="INSERT">
				<subtype ref-id="acdbentity" />
				<subtype id="acdbcirlce" name="AcDbInsert" groupCodes="66,2,10,20,30,41,42,43,50,70,71,44,45" />
			</type>
			<type name="TEXT">
				<subtype ref-id="acdbentity" />
				<subtype id="acdbcirlce" name="AcDbText" groupCodes="10,20,30,40,1,50,51" />
			</type>
			<type name="SOLID">
				<subtype ref-id="acdbentity" />
				<subtype id="acdbsolid" name="AcDbSolid" groupCodes="10,20,30,11,21,31,12,22,32,13,23,33,39" />
			</type>
			<type name="TRACE">
				<subtype ref-id="acdbentity" />
				<subtype id="acdbtrace" name="AcDbTrace" groupCodes="10,20,30,11,21,31,12,22,32,13,23,33,39" />
			</type>
			<type name="POLYLINE">
				<subtype ref-id="acdbentity" />
				<subtype id="acdbpolyline" name="AcDbPolyline" groupCodes="10,20,30,40,1,50,51" />
				<subtype id="acdbvertex" name="AcDbVertex" groupCodes="10,20,30,42" />
			</type>	
			<!--+
			    | all section types which should be generated 
			    | for this profile
			    + -->
		    <type name="HEADER"/>
			<type name="BLOCKS">
			   <subtype id="acdbblockentry" name="AcDbBlockEntry" groupCodes="0,8,2,70,10,20,30,3"/>
			   <subtype id="acdbblockentryend" name="AcDbBlockEntryEnd" groupCodes="0,8"/> 
			</type>
			<type name="TABLES">
			    <subtype id="acdbtableentry" name="AcDbTableEntry" groupCodes="0,2,5,70,0" />		    
			</type>
			<type name="LAYER">
			     <subtype id="acdblayerentry" name="AcDbLayerEntry" groupCodes="0,2,70,62,6"/>
			</type>
			<type name="LTYPE">
			     <subtype id="acdbltypeentry" name="AcDbLTypeEntry" groupCodes="0,2,70,3,72,73,40"/>
			</type>
						
			<type name="ENTITIES"/>
		</profile>
	</profiles>
	<typehandlers>		
		<typehandler name="ARC" 		class="org.kabeja.dxf.generator.entities.DXFArcGenerator" />
		<typehandler name="ATTRIB" 		class="org.kabeja.dxf.generator.entities.DXFAttribGenerator" />
		<typehandler name="ATTRIBDEF"   class="org.kabeja.dxf.generator.entities.DXFAttribDefGenerator" />
		<typehandler name="CIRCLE" 		class="org.kabeja.dxf.generator.entities.DXFCircleGenerator" />
		<typehandler name="DIMENSION"   class="org.kabeja.dxf.generator.entities.DXFDimensionGenerator" />
		<typehandler name="ELLIPSE"     class="org.kabeja.dxf.generator.entities.DXFEllipseGenerator" />
		<typehandler name="INSERT"      class="org.kabeja.dxf.generator.entities.DXFInsertGenerator" />
		<typehandler name="LINE" 		class="org.kabeja.dxf.generator.entities.DXFLineGenerator" />
		<typehandler name="LWPOLYLINE" 	class="org.kabeja.dxf.generator.entities.DXFLWPolylineGenerator" />
        <typehandler name="MTEXT"       class="org.kabeja.dxf.generator.entities.DXFMTextGenerator" />
        <typehandler name="POINT" 		class="org.kabeja.dxf.generator.entities.DXFPointGenerator" />
        <typehandler name="POLYLINE" 	class="org.kabeja.dxf.generator.entities.DXFPolylineGenerator" />
        <typehandler name="SOLID" 		class="org.kabeja.dxf.generator.entities.DXFSolidGenerator" />
        <typehandler name="TEXT" 		class="org.kabeja.dxf.generator.entities.DXFTextGenerator" />
        <typehandler name="TRACE" 		class="org.kabeja.dxf.generator.entities.DXFTraceGenerator" />
     
       <typehandler name="ENTITIES" 	class="org.kabeja.dxf.generator.section.DXFEntitiesSectionGenerator" />
       <typehandler name="BLOCKS" 		class="org.kabeja.dxf.generator.section.DXFBlocksSectionGenerator" />
       <typehandler name="HEADER" 		class="org.kabeja.dxf.generator.section.DXFHeaderSectionGenerator" />
       <typehandler name="TABLES" 		class="org.kabeja.dxf.generator.section.DXFTablesSectionGenerator" />  
 	   <typehandler name="LAYER"        class="org.kabeja.dxf.generator.table.DXFLayerTableGenerator"/>
 	   <typehandler name="LTYPE"        class="org.kabeja.dxf.generator.table.DXFLineTypeTableGenerator" />
	   
	</typehandlers>
</config>
