<?xml version="1.0" encoding="UTF-8"?>

<beans xmlns="http://www.springframework.org/schema/beans"
       xmlns:xsi="http://www.w3.org/2001/XMLSchema-instance"
       xmlns:context="http://www.springframework.org/schema/context"
       xmlns:tx="http://www.springframework.org/schema/tx"
       xmlns:p="http://www.springframework.org/schema/p"
       xsi:schemaLocation="http://www.springframework.org/schema/beans http://www.springframework.org/schema/beans/spring-beans-2.0.xsd
		http://www.springframework.org/schema/context http://www.springframework.org/schema/context/spring-context.xsd
		http://www.springframework.org/schema/tx http://www.springframework.org/schema/tx/spring-tx-3.0.xsd">

    <bean id="propertyConfigurer"  class="org.springframework.beans.factory.config.PropertyPlaceholderConfigurer"  p:location="db.properties" />

    <bean id="dataSource"   class="org.springframework.jdbc.datasource.DriverManagerDataSource"
          p:driverClassName="${jdbc.driverClassName}"
          p:url="${jdbc.url}"
          p:username="${jdbc.username}"
          p:password="${jdbc.password}" />

    <bean id="emf" class="org.springframework.orm.jpa.LocalContainerEntityManagerFactoryBean">
        <property name="dataSource" ref="dataSource"/>
        <property name="jpaVendorAdapter" ref="jpaVendorAdapter"/>
    </bean>

    <!-- <start id="bean.jpa_emf_app" />
    <bean id="emf"
        class="org.springframework.orm.jpa.LocalEntityManagerFactoryBean">
      <property name="persistenceUnitName" value="spitterPU" />
    </bean>
    <end id="bean.jpa_emf_app" /> -->

    <bean id="jpaVendorAdapter"
          class="org.springframework.orm.jpa.vendor.HibernateJpaVendorAdapter">
        <property name="database" value="MYSQL"/>
        <property name="showSql" value="true"/>
        <property name="generateDdl" value="false"/>
        <property name="databasePlatform"
                  value="org.hibernate.dialect.MySQLDialect"/>
    </bean>

    <bean class="org.springframework.dao.annotation.PersistenceExceptionTranslationPostProcessor"
    />


    <bean class=
                  "org.springframework.orm.jpa.support.PersistenceAnnotationBeanPostProcessor"/>

    <bean id="transactionManager"
          class="org.springframework.orm.jpa.JpaTransactionManager">
        <property name="entityManagerFactory" ref="emf"/>
    </bean>

    <bean id="spitterDao" class="com.vonzhou.spitter.persistence.JpaSpitterDao"/>

    <tx:annotation-driven />
    <context:component-scan base-package="com.vonzhou.spitter.persistence"/>
</beans>
