<?xml version="1.0"?>
<project xsi:schemaLocation="http://maven.apache.org/POM/4.0.0 http://maven.apache.org/xsd/maven-4.0.0.xsd" xmlns="http://maven.apache.org/POM/4.0.0"
    xmlns:xsi="http://www.w3.org/2001/XMLSchema-instance">
  <modelVersion>4.0.0</modelVersion>
  <groupId>com.visualpathit</groupId>
  <artifactId>vprofile</artifactId>
  <version>v1</version>
  <packaging>war</packaging>
  <name>Visualpathit VProfile Webapp</name>
  <url>http://maven.apache.org</url>
  <properties>
    <spring-security.version>4.0.2.RELEASE</spring-security.version>
    <junit.version>4.10</junit.version>
    <commons-dbcp.version>1.4</commons-dbcp.version>
    <jstl.version>1.2</jstl.version>
    <maven.compiler.target>1.8</maven.compiler.target>
    <spring-data-jpa.version>1.8.2.RELEASE</spring-data-jpa.version>
    <hibernate.version>4.3.11.Final</hibernate.version>
    <logback.version>1.1.3</logback.version>
    <hibernate-validator.version>5.2.1.Final</hibernate-validator.version>
    <maven.compiler.source>1.8</maven.compiler.source>
    <spring.version>4.2.0.RELEASE</spring.version>
    <mysql-connector.version>5.1.36</mysql-connector.version>
  </properties>
  <dependencies>
    <dependency>
      <groupId>org.springframework</groupId>
      <artifactId>spring-web</artifactId>
      <version>4.2.0.RELEASE</version>
      <scope>compile</scope>
    </dependency>
    <dependency>
      <groupId>org.springframework</groupId>
      <artifactId>spring-webmvc</artifactId>
      <version>4.2.0.RELEASE</version>
      <scope>compile</scope>
      <exclusions>
        <exclusion>
          <artifactId>spring-web</artifactId>
          <groupId>org.springframework</groupId>
        </exclusion>
      </exclusions>
    </dependency>
    <dependency>
      <groupId>org.springframework.security</groupId>
      <artifactId>spring-security-web</artifactId>
      <version>4.0.2.RELEASE</version>
      <scope>compile</scope>
      <exclusions>
        <exclusion>
          <artifactId>spring-web</artifactId>
          <groupId>org.springframework</groupId>
        </exclusion>
      </exclusions>
    </dependency>
    <dependency>
      <groupId>org.springframework.security</groupId>
      <artifactId>spring-security-config</artifactId>
      <version>4.0.2.RELEASE</version>
      <scope>compile</scope>
    </dependency>
    <dependency>
      <groupId>org.hibernate</groupId>
      <artifactId>hibernate-validator</artifactId>
      <version>5.2.1.Final</version>
      <scope>compile</scope>
    </dependency>
    <dependency>
      <groupId>org.springframework.data</groupId>
      <artifactId>spring-data-jpa</artifactId>
      <version>1.8.2.RELEASE</version>
      <scope>compile</scope>
    </dependency>
    <dependency>
      <groupId>org.hibernate</groupId>
      <artifactId>hibernate-entitymanager</artifactId>
      <version>4.3.11.Final</version>
      <scope>compile</scope>
      <exclusions>
        <exclusion>
          <artifactId>jboss-logging-annotations</artifactId>
          <groupId>org.jboss.logging</groupId>
        </exclusion>
      </exclusions>
    </dependency>
    <dependency>
      <groupId>mysql</groupId>
      <artifactId>mysql-connector-java</artifactId>
      <version>5.1.36</version>
      <scope>compile</scope>
    </dependency>
    <dependency>
      <groupId>commons-dbcp</groupId>
      <artifactId>commons-dbcp</artifactId>
      <version>1.4</version>
      <scope>compile</scope>
    </dependency>
    <dependency>
      <groupId>javax.servlet</groupId>
      <artifactId>jstl</artifactId>
      <version>1.2</version>
      <scope>compile</scope>
    </dependency>
    <dependency>
      <groupId>junit</groupId>
      <artifactId>junit</artifactId>
      <version>4.10</version>
      <scope>test</scope>
    </dependency>
    <dependency>
      <groupId>org.mockito</groupId>
      <artifactId>mockito-core</artifactId>
      <version>1.9.5</version>
      <scope>test</scope>
    </dependency>
    <dependency>
      <groupId>org.springframework</groupId>
      <artifactId>spring-test</artifactId>
      <version>3.2.3.RELEASE</version>
      <scope>test</scope>
    </dependency>
    <dependency>
      <groupId>javax.servlet</groupId>
      <artifactId>javax.servlet-api</artifactId>
      <version>3.1.0</version>
      <scope>provided</scope>
    </dependency>
    <dependency>
      <groupId>ch.qos.logback</groupId>
      <artifactId>logback-classic</artifactId>
      <version>1.1.3</version>
      <scope>compile</scope>
    </dependency>
    <dependency>
      <groupId>org.hamcrest</groupId>
      <artifactId>hamcrest-all</artifactId>
      <version>1.3</version>
      <scope>test</scope>
    </dependency>
    <dependency>
      <groupId>org.springframework</groupId>
      <artifactId>spring-beans</artifactId>
      <version>4.2.0.RELEASE</version>
      <scope>compile</scope>
    </dependency>
    <dependency>
      <groupId>org.hibernate.javax.persistence</groupId>
      <artifactId>hibernate-jpa-2.1-api</artifactId>
      <version>1.0.0.Final</version>
      <scope>compile</scope>
    </dependency>
    <dependency>
      <groupId>org.aspectj</groupId>
      <artifactId>aspectjrt</artifactId>
      <version>1.8.6</version>
      <scope>compile</scope>
    </dependency>
    <dependency>
      <groupId>org.javassist</groupId>
      <artifactId>javassist</artifactId>
      <version>3.18.1-GA</version>
      <scope>compile</scope>
    </dependency>
    <dependency>
      <groupId>javax.validation</groupId>
      <artifactId>validation-api</artifactId>
      <version>1.1.0.Final</version>
      <scope>compile</scope>
    </dependency>
    <dependency>
      <groupId>org.springframework</groupId>
      <artifactId>spring-jdbc</artifactId>
      <version>4.0.9.RELEASE</version>
      <scope>compile</scope>
    </dependency>
    <dependency>
      <groupId>org.objenesis</groupId>
      <artifactId>objenesis</artifactId>
      <version>1.0</version>
      <scope>test</scope>
    </dependency>
    <dependency>
      <groupId>commons-pool</groupId>
      <artifactId>commons-pool</artifactId>
      <version>1.5.4</version>
      <scope>compile</scope>
    </dependency>
    <dependency>
      <groupId>aopalliance</groupId>
      <artifactId>aopalliance</artifactId>
      <version>1.0</version>
      <scope>compile</scope>
    </dependency>
    <dependency>
      <groupId>dom4j</groupId>
      <artifactId>dom4j</artifactId>
      <version>1.6.1</version>
      <scope>compile</scope>
    </dependency>
    <dependency>
      <groupId>org.springframework</groupId>
      <artifactId>spring-aop</artifactId>
      <version>4.2.0.RELEASE</version>
      <scope>compile</scope>
    </dependency>
    <dependency>
      <groupId>org.springframework</groupId>
      <artifactId>spring-core</artifactId>
      <version>4.2.0.RELEASE</version>
      <scope>compile</scope>
    </dependency>
    <dependency>
      <groupId>com.fasterxml</groupId>
      <artifactId>classmate</artifactId>
      <version>1.1.0</version>
      <scope>compile</scope>
    </dependency>
    <dependency>
      <groupId>org.springframework</groupId>
      <artifactId>spring-tx</artifactId>
      <version>4.0.9.RELEASE</version>
      <scope>compile</scope>
    </dependency>
    <dependency>
      <groupId>org.jboss</groupId>
      <artifactId>jandex</artifactId>
      <version>1.1.0.Final</version>
      <scope>compile</scope>
    </dependency>
    <dependency>
      <groupId>org.springframework.data</groupId>
      <artifactId>spring-data-commons</artifactId>
      <version>1.10.2.RELEASE</version>
      <scope>compile</scope>
    </dependency>
    <dependency>
      <groupId>commons-logging</groupId>
      <artifactId>commons-logging</artifactId>
      <version>1.2</version>
      <scope>compile</scope>
    </dependency>
    <dependency>
      <groupId>org.springframework</groupId>
      <artifactId>spring-context</artifactId>
      <version>4.2.0.RELEASE</version>
      <scope>compile</scope>
    </dependency>
    <dependency>
      <groupId>org.springframework.security</groupId>
      <artifactId>spring-security-core</artifactId>
      <version>4.0.2.RELEASE</version>
      <scope>compile</scope>
    </dependency>
    <dependency>
      <groupId>ch.qos.logback</groupId>
      <artifactId>logback-core</artifactId>
      <version>1.1.3</version>
      <scope>compile</scope>
    </dependency>
    <dependency>
      <groupId>org.slf4j</groupId>
      <artifactId>slf4j-api</artifactId>
      <version>1.7.12</version>
      <scope>compile</scope>
    </dependency>
    <dependency>
      <groupId>org.jboss.spec.javax.transaction</groupId>
      <artifactId>jboss-transaction-api_1.2_spec</artifactId>
      <version>1.0.0.Final</version>
      <scope>compile</scope>
    </dependency>
    <dependency>
      <groupId>antlr</groupId>
      <artifactId>antlr</artifactId>
      <version>2.7.7</version>
      <scope>compile</scope>
    </dependency>
    <dependency>
      <groupId>org.hibernate</groupId>
      <artifactId>hibernate-core</artifactId>
      <version>4.3.11.Final</version>
      <scope>compile</scope>
    </dependency>
    <dependency>
      <groupId>org.hibernate.common</groupId>
      <artifactId>hibernate-commons-annotations</artifactId>
      <version>4.0.5.Final</version>
      <scope>compile</scope>
    </dependency>
    <dependency>
      <groupId>org.springframework</groupId>
      <artifactId>spring-expression</artifactId>
      <version>4.2.0.RELEASE</version>
      <scope>compile</scope>
    </dependency>
    <dependency>
      <groupId>org.slf4j</groupId>
      <artifactId>jcl-over-slf4j</artifactId>
      <version>1.7.12</version>
      <scope>runtime</scope>
    </dependency>
    <dependency>
      <groupId>org.jboss.logging</groupId>
      <artifactId>jboss-logging</artifactId>
      <version>3.2.1.Final</version>
      <scope>compile</scope>
    </dependency>
    <dependency>
      <groupId>org.hamcrest</groupId>
      <artifactId>hamcrest-core</artifactId>
      <version>1.1</version>
      <scope>test</scope>
    </dependency>
    <dependency>
      <groupId>org.springframework</groupId>
      <artifactId>spring-orm</artifactId>
      <version>4.0.9.RELEASE</version>
      <scope>compile</scope>
    </dependency>
    <dependency>
      <groupId>xml-apis</groupId>
      <artifactId>xml-apis</artifactId>
      <version>1.0.b2</version>
      <scope>compile</scope>
    </dependency>
  </dependencies>
  <build>
    <plugins>
      <plugin>
        <groupId>org.eclipse.jetty</groupId>
        <artifactId>jetty-maven-plugin</artifactId>
        <version>9.2.11.v20150529</version>
        <configuration>
          <scanIntervalSeconds>10</scanIntervalSeconds>
          <webApp>
            <contextPath>/</contextPath>
          </webApp>
        </configuration>
      </plugin>
      <plugin>
        <groupId>org.jacoco</groupId>
        <artifactId>jacoco-maven-plugin</artifactId>
        <version>0.7.2.201409121644</version>
        <executions>
          <execution>
            <id>jacoco-initialize</id>
            <phase>process-resources</phase>
            <goals>
              <goal>prepare-agent</goal>
            </goals>
          </execution>
          <execution>
            <id>jacoco-site</id>
            <phase>post-integration-test</phase>
            <goals>
              <goal>report</goal>
            </goals>
          </execution>
        </executions>
      </plugin>
    </plugins>
  </build>
</project>
