<?xml version="1.0" encoding="UTF-8"?>
<project xsi:schemaLocation="http://maven.apache.org/POM/4.0.0 https://maven.apache.org/xsd/maven-4.0.0.xsd" xmlns="http://maven.apache.org/POM/4.0.0"
    xmlns:xsi="http://www.w3.org/2001/XMLSchema-instance">
  <modelVersion>4.0.0</modelVersion>
  <parent>
    <groupId>org.sonatype.oss</groupId>
    <artifactId>oss-parent</artifactId>
    <version>7</version>
  </parent>
  <groupId>de.neuland-bfi</groupId>
  <artifactId>jade4j</artifactId>
  <version>1.3.3-SNAPSHOT</version>
  <name>jade4j</name>
  <description>Java implementation of the jade templating language</description>
  <url>https://github.com/neuland/jade4j</url>
  <licenses>
    <license>
      <name>MIT License</name>
      <url>http://www.opensource.org/licenses/mit-license.php</url>
      <distribution>repo</distribution>
    </license>
  </licenses>
  <developers>
    <developer>
      <id>atomiccoder</id>
      <name>Artur Tomas</name>
      <url>https://github.com/atomiccoder</url>
    </developer>
    <developer>
      <id>planetk</id>
      <name>Stefan Kuper</name>
      <url>https://github.com/planetk</url>
    </developer>
    <developer>
      <id>naltatis</id>
      <name>Michael Geers</name>
      <url>https://github.com/naltatis</url>
    </developer>
    <developer>
      <id>chbloemer</id>
      <name>Christoph Blömer</name>
      <url>https://github.com/chbloemer</url>
    </developer>
  </developers>
  <prerequisites>
    <maven>2.2.1</maven>
  </prerequisites>
  <scm>
    <connection>scm:git:git://github.com/neuland/jade4j.git</connection>
    <developerConnection>scm:git:git@github.com:neuland/jade4j.git</developerConnection>
    <url>https://github.com/neuland/jade4j</url>
  </scm>
  <issueManagement>
    <system>GitHub Issues</system>
    <url>https://github.com/neuland/jade4j/issues</url>
  </issueManagement>
  <properties>
    <project.build.sourceEncoding>UTF-8</project.build.sourceEncoding>
  </properties>
  <dependencies>
    <dependency>
      <groupId>org.apache.commons</groupId>
      <artifactId>commons-jexl</artifactId>
      <version>2.1.1</version>
    </dependency>
    <dependency>
      <groupId>commons-collections</groupId>
      <artifactId>commons-collections</artifactId>
      <version>3.2.2</version>
    </dependency>
    <dependency>
      <groupId>commons-io</groupId>
      <artifactId>commons-io</artifactId>
      <version>2.4</version>
    </dependency>
    <dependency>
      <groupId>org.apache.commons</groupId>
      <artifactId>commons-lang3</artifactId>
      <version>3.4</version>
    </dependency>
    <dependency>
      <groupId>com.googlecode.concurrentlinkedhashmap</groupId>
      <artifactId>concurrentlinkedhashmap-lru</artifactId>
      <version>1.4.2</version>
    </dependency>
    <dependency>
      <groupId>com.vladsch.flexmark</groupId>
      <artifactId>flexmark</artifactId>
      <version>0.42.14</version>
    </dependency>
    <dependency>
      <groupId>org.hamcrest</groupId>
      <artifactId>hamcrest-all</artifactId>
      <version>1.3</version>
      <scope>test</scope>
    </dependency>
    <dependency>
      <groupId>org.assertj</groupId>
      <artifactId>assertj-core</artifactId>
      <version>1.7.1</version>
      <scope>test</scope>
    </dependency>
    <dependency>
      <groupId>com.google.code.gson</groupId>
      <artifactId>gson</artifactId>
      <version>2.5</version>
      <scope>test</scope>
    </dependency>
    <dependency>
      <groupId>junit</groupId>
      <artifactId>junit</artifactId>
      <version>4.13.1</version>
      <scope>test</scope>
    </dependency>
  </dependencies>
  <build>
    <plugins>
      <plugin>
        <groupId>org.jacoco</groupId>
        <artifactId>jacoco-maven-plugin</artifactId>
        <version>0.8.8</version>
        <executions>
          <execution>
            <id>default-prepare-agent</id>
            <goals>
              <goal>prepare-agent</goal>
            </goals>
          </execution>
          <execution>
            <id>default-report</id>
            <goals>
              <goal>report</goal>
            </goals>
          </execution>
        </executions>
      </plugin>
      <plugin>
        <artifactId>maven-assembly-plugin</artifactId>
        <version>3.2.0</version>
        <executions>
          <execution>
            <phase>package</phase>
            <goals>
              <goal>single</goal>
            </goals>
            <configuration>
              <descriptorRefs>
                <descriptorRef>jar-with-dependencies</descriptorRef>
              </descriptorRefs>
            </configuration>
          </execution>
        </executions>
      </plugin>
    </plugins>
  </build>
  <profiles>
    <profile>
      <id>release-sign-artifacts</id>
      <activation>
        <property>
          <name>performRelease</name>
          <value>true</value>
        </property>
      </activation>
      <build>
        <plugins>
          <plugin>
            <artifactId>maven-gpg-plugin</artifactId>
            <version>1.6</version>
            <executions>
              <execution>
                <id>sign-artifacts</id>
                <phase>verify</phase>
                <goals>
                  <goal>sign</goal>
                </goals>
              </execution>
            </executions>
          </plugin>
        </plugins>
      </build>
    </profile>
  </profiles>
</project>
