<?xml version="1.0"?>
<project xsi:schemaLocation="http://maven.apache.org/POM/4.0.0 http://maven.apache.org/xsd/maven-4.0.0.xsd" xmlns="http://maven.apache.org/POM/4.0.0"
    xmlns:xsi="http://www.w3.org/2001/XMLSchema-instance">
  <modelVersion>4.0.0</modelVersion>
  <parent>
    <groupId>com.woorea</groupId>
    <artifactId>openstack-java-sdk</artifactId>
    <version>3.2.10-SNAPSHOT</version>
  </parent>
  <artifactId>swift-model</artifactId>
  <name>OpenStack Swift Model</name>
  <description>OpenStack Swift Model</description>
  <dependencies>
    <dependency>
      <groupId>com.fasterxml.jackson.core</groupId>
      <artifactId>jackson-databind</artifactId>
      <version>2.9.8</version>
      <scope>provided</scope>
      <exclusions>
        <exclusion>
          <artifactId>jackson-core</artifactId>
          <groupId>com.fasterxml.jackson.core</groupId>
        </exclusion>
      </exclusions>
    </dependency>
    <dependency>
      <groupId>com.fasterxml.jackson.core</groupId>
      <artifactId>jackson-databind</artifactId>
      <version>2.9.8</version>
      <scope>provided</scope>
      <exclusions>
        <exclusion>
          <artifactId>jackson-core</artifactId>
          <groupId>com.fasterxml.jackson.core</groupId>
        </exclusion>
      </exclusions>
    </dependency>
  </dependencies>
</project>
