<?xml version="1.0" encoding="UTF-8"?>
<project xsi:schemaLocation="http://maven.apache.org/POM/4.0.0 https://maven.apache.org/xsd/maven-4.0.0.xsd" xmlns="http://maven.apache.org/POM/4.0.0"
    xmlns:xsi="http://www.w3.org/2001/XMLSchema-instance">
  <modelVersion>4.0.0</modelVersion>
  <groupId>org.springframework.retry</groupId>
  <artifactId>spring-retry</artifactId>
  <version>1.3.2-SNAPSHOT</version>
  <name>Spring Retry</name>
  <description>Spring Retry provides an abstraction around retrying failed operations, with an emphasis on declarative control of the process and policy-based bahaviour that is easy to extend and customize.  For instance, you can configure a plain POJO operation to retry if it fails, based on the type of exception, and with a fixed or exponential backoff.</description>
  <url>https://www.springsource.org</url>
  <organization>
    <name>SpringSource</name>
    <url>https://www.springsource.com</url>
  </organization>
  <licenses>
    <license>
      <name>Apache 2.0</name>
      <url>https://www.apache.org/licenses/LICENSE-2.0.txt</url>
    </license>
  </licenses>
  <developers>
    <developer>
      <id>dsyer</id>
      <name>Dave Syer</name>
      <email>dsyer@gopivotal.com</email>
    </developer>
  </developers>
  <scm>
    <connection>scm:git:git://github.com/spring-projects/spring-retry.git</connection>
    <developerConnection>scm:git:ssh://git@github.com/spring-projects/spring-retry.git</developerConnection>
    <url>https://github.com/spring-projects/spring-retry</url>
  </scm>
  <distributionManagement>
    <repository>
      <id>repo.spring.io</id>
      <name>Spring Release Repository</name>
      <url>https://repo.spring.io/libs-release-local</url>
    </repository>
    <snapshotRepository>
      <id>repo.spring.io</id>
      <name>Spring Snapshot Repository</name>
      <url>https://repo.spring.io/libs-snapshot-local</url>
    </snapshotRepository>
    <site>
      <id>spring-docs</id>
      <url>scp://static.springframework.org/var/www/domains/springframework.org/static/htdocs/spring-retry/docs/${project.version}</url>
    </site>
    <downloadUrl>https://www.springsource.com/download/community</downloadUrl>
  </distributionManagement>
  <properties>
    <maven.test.failure.ignore>true</maven.test.failure.ignore>
    <project.reporting.outputEncoding>UTF-8</project.reporting.outputEncoding>
    <spring.framework.version>4.3.29.RELEASE</spring.framework.version>
    <disable.checks>false</disable.checks>
    <project.build.sourceEncoding>UTF-8</project.build.sourceEncoding>
  </properties>
  <dependencyManagement>
    <dependencies>
      <dependency>
        <groupId>org.springframework</groupId>
        <artifactId>spring-framework-bom</artifactId>
        <version>${spring.framework.version}</version>
        <type>pom</type>
        <scope>import</scope>
      </dependency>
    </dependencies>
  </dependencyManagement>
  <dependencies>
    <dependency>
      <groupId>junit</groupId>
      <artifactId>junit</artifactId>
      <version>4.13.1</version>
      <scope>test</scope>
    </dependency>
    <dependency>
      <groupId>org.easymock</groupId>
      <artifactId>easymock</artifactId>
      <version>2.3</version>
      <scope>test</scope>
    </dependency>
    <dependency>
      <groupId>org.mockito</groupId>
      <artifactId>mockito-core</artifactId>
      <version>1.10.19</version>
      <scope>test</scope>
    </dependency>
    <dependency>
      <groupId>org.aspectj</groupId>
      <artifactId>aspectjweaver</artifactId>
      <version>1.8.9</version>
      <scope>test</scope>
    </dependency>
    <dependency>
      <groupId>org.springframework</groupId>
      <artifactId>spring-test</artifactId>
      <scope>test</scope>
    </dependency>
    <dependency>
      <groupId>org.springframework</groupId>
      <artifactId>spring-context</artifactId>
      <optional>true</optional>
    </dependency>
    <dependency>
      <groupId>org.springframework</groupId>
      <artifactId>spring-core</artifactId>
      <optional>true</optional>
    </dependency>
    <dependency>
      <groupId>org.springframework</groupId>
      <artifactId>spring-tx</artifactId>
      <scope>test</scope>
    </dependency>
    <dependency>
      <groupId>org.apache.logging.log4j</groupId>
      <artifactId>log4j-core</artifactId>
      <version>2.17.1</version>
      <scope>test</scope>
    </dependency>
    <dependency>
      <groupId>org.apache.logging.log4j</groupId>
      <artifactId>log4j-jcl</artifactId>
      <version>2.17.1</version>
      <scope>test</scope>
    </dependency>
  </dependencies>
  <build>
    <plugins>
      <plugin>
        <groupId>org.jacoco</groupId>
        <artifactId>jacoco-maven-plugin</artifactId>
        <version>0.8.8</version>
        <executions>
          <execution>
            <id>default-prepare-agent</id>
            <goals>
              <goal>prepare-agent</goal>
            </goals>
          </execution>
          <execution>
            <id>default-report</id>
            <goals>
              <goal>report</goal>
            </goals>
          </execution>
        </executions>
      </plugin>
      <plugin>
        <artifactId>maven-assembly-plugin</artifactId>
        <version>3.2.0</version>
        <executions>
          <execution>
            <phase>package</phase>
            <goals>
              <goal>single</goal>
            </goals>
            <configuration>
              <descriptorRefs>
                <descriptorRef>jar-with-dependencies</descriptorRef>
              </descriptorRefs>
            </configuration>
          </execution>
        </executions>
      </plugin>
    </plugins>
  </build>
  <reporting>
    <plugins>
      <plugin>
        <artifactId>maven-javadoc-plugin</artifactId>
      </plugin>
    </plugins>
  </reporting>
  <profiles>
    <profile>
      <id>spring</id>
      <repositories>
        <repository>
          <snapshots>
            <enabled>true</enabled>
          </snapshots>
          <id>spring-snapshots</id>
          <name>Spring Snapshots</name>
          <url>https://repo.spring.io/libs-snapshot-local</url>
        </repository>
        <repository>
          <snapshots>
            <enabled>false</enabled>
          </snapshots>
          <id>spring-milestones</id>
          <name>Spring Milestones</name>
          <url>https://repo.spring.io/libs-milestone-local</url>
        </repository>
        <repository>
          <snapshots>
            <enabled>false</enabled>
          </snapshots>
          <id>spring-releases</id>
          <name>Spring Releases</name>
          <url>https://repo.spring.io/release</url>
        </repository>
      </repositories>
      <pluginRepositories>
        <pluginRepository>
          <snapshots>
            <enabled>true</enabled>
          </snapshots>
          <id>spring-snapshots</id>
          <name>Spring Snapshots</name>
          <url>https://repo.spring.io/libs-snapshot-local</url>
        </pluginRepository>
        <pluginRepository>
          <snapshots>
            <enabled>false</enabled>
          </snapshots>
          <id>spring-milestones</id>
          <name>Spring Milestones</name>
          <url>https://repo.spring.io/libs-milestone-local</url>
        </pluginRepository>
      </pluginRepositories>
    </profile>
    <profile>
      <id>strict</id>
      <properties>
        <maven.test.failure.ignore>false</maven.test.failure.ignore>
      </properties>
    </profile>
    <profile>
      <id>fast</id>
      <properties>
        <maven.test.skip>true</maven.test.skip>
        <maven.javadoc.skip>true</maven.javadoc.skip>
      </properties>
    </profile>
    <profile>
      <id>java8</id>
      <activation>
        <jdk>[1.8,)</jdk>
      </activation>
      <build>
        <plugins>
          <plugin>
            <artifactId>maven-javadoc-plugin</artifactId>
            <configuration>
              <doclint>none</doclint>
            </configuration>
          </plugin>
        </plugins>
      </build>
    </profile>
    <profile>
      <id>java11</id>
      <activation>
        <jdk>[11,)</jdk>
      </activation>
      <dependencies>
        <dependency>
          <groupId>javax.annotation</groupId>
          <artifactId>javax.annotation-api</artifactId>
          <version>1.3.2</version>
          <optional>true</optional>
        </dependency>
      </dependencies>
    </profile>
    <profile>
      <id>staging</id>
      <distributionManagement>
        <repository>
          <id>spring-milestone-staging</id>
          <url>file:///${java.io.tmpdir}/spring-retry/milestone</url>
        </repository>
        <snapshotRepository>
          <id>spring-snapshot-staging</id>
          <url>file:///${java.io.tmpdir}/spring-retry/snapshot</url>
        </snapshotRepository>
        <site>
          <id>spring-site-staging</id>
          <url>file:///${java.io.tmpdir}/spring-retry/docs</url>
        </site>
      </distributionManagement>
    </profile>
    <profile>
      <id>milestone</id>
      <distributionManagement>
        <repository>
          <id>repo.spring.io</id>
          <name>Spring Milestone Repository</name>
          <url>https://repo.spring.io/libs-milestone-local</url>
        </repository>
      </distributionManagement>
    </profile>
    <profile>
      <id>central</id>
      <build>
        <plugins>
          <plugin>
            <artifactId>maven-gpg-plugin</artifactId>
            <executions>
              <execution>
                <id>sign-artifacts</id>
                <phase>verify</phase>
                <goals>
                  <goal>sign</goal>
                </goals>
              </execution>
            </executions>
          </plugin>
        </plugins>
      </build>
      <distributionManagement>
        <repository>
          <id>sonatype-nexus-staging</id>
          <name>Nexus Release Repository</name>
          <url>https://oss.sonatype.org/service/local/staging/deploy/maven2/</url>
        </repository>
        <snapshotRepository>
          <id>sonatype-nexus-snapshots</id>
          <name>Sonatype Nexus Snapshots</name>
          <url>https://oss.sonatype.org/content/repositories/snapshots/</url>
        </snapshotRepository>
      </distributionManagement>
    </profile>
  </profiles>
</project>
