<?xml version="1.0" encoding="UTF-8"?>
<project xsi:schemaLocation="http://maven.apache.org/POM/4.0.0 http://maven.apache.org/xsd/maven-4.0.0.xsd" xmlns="http://maven.apache.org/POM/4.0.0"
    xmlns:xsi="http://www.w3.org/2001/XMLSchema-instance">
  <modelVersion>4.0.0</modelVersion>
  <groupId>org.mapstruct.examples.kotlin</groupId>
  <artifactId>mapstruct-examples-kotlin</artifactId>
  <version>1.0.0-SNAPSHOT</version>
  <properties>
    <project.build.sourceEncoding>UTF-8</project.build.sourceEncoding>
    <kotlin.version>1.5.10</kotlin.version>
    <mapstruct.version>1.5.0.Beta2</mapstruct.version>
    <kotlin.compiler.jvmTarget>1.8</kotlin.compiler.jvmTarget>
  </properties>
  <dependencies>
    <dependency>
      <groupId>org.mapstruct</groupId>
      <artifactId>mapstruct</artifactId>
      <version>1.5.0.Beta2</version>
      <scope>compile</scope>
    </dependency>
    <dependency>
      <groupId>org.jetbrains.kotlin</groupId>
      <artifactId>kotlin-stdlib</artifactId>
      <version>1.5.10</version>
      <scope>compile</scope>
      <exclusions>
        <exclusion>
          <artifactId>annotations</artifactId>
          <groupId>org.jetbrains</groupId>
        </exclusion>
        <exclusion>
          <artifactId>kotlin-stdlib-common</artifactId>
          <groupId>org.jetbrains.kotlin</groupId>
        </exclusion>
      </exclusions>
    </dependency>
    <dependency>
      <groupId>org.jetbrains.kotlin</groupId>
      <artifactId>kotlin-test-junit</artifactId>
      <version>1.5.10</version>
      <scope>test</scope>
      <exclusions>
        <exclusion>
          <artifactId>kotlin-stdlib</artifactId>
          <groupId>org.jetbrains.kotlin</groupId>
        </exclusion>
        <exclusion>
          <artifactId>junit</artifactId>
          <groupId>junit</groupId>
        </exclusion>
      </exclusions>
    </dependency>
    <dependency>
      <groupId>junit</groupId>
      <artifactId>junit</artifactId>
      <version>4.13.1</version>
      <scope>test</scope>
    </dependency>
    <dependency>
      <groupId>org.assertj</groupId>
      <artifactId>assertj-core</artifactId>
      <version>3.8.0</version>
      <scope>test</scope>
    </dependency>
    <dependency>
      <groupId>org.jetbrains.kotlin</groupId>
      <artifactId>kotlin-test</artifactId>
      <version>1.5.10</version>
      <scope>test</scope>
    </dependency>
    <dependency>
      <groupId>org.hamcrest</groupId>
      <artifactId>hamcrest-core</artifactId>
      <version>1.3</version>
      <scope>test</scope>
    </dependency>
  </dependencies>
  <build>
    <sourceDirectory>src/main/kotlin</sourceDirectory>
    <testSourceDirectory>src/test/kotlin</testSourceDirectory>
    <plugins>
      <plugin>
        <groupId>org.jetbrains.kotlin</groupId>
        <artifactId>kotlin-maven-plugin</artifactId>
        <version>${kotlin.version}</version>
        <executions>
          <execution>
            <id>kapt</id>
            <goals>
              <goal>kapt</goal>
            </goals>
            <configuration>
              <sourceDirs>
                <sourceDir>src/main/kotlin</sourceDir>
                <sourceDir>src/main/java</sourceDir>
              </sourceDirs>
              <annotationProcessorPaths>
                <annotationProcessorPath>
                  <groupId>org.mapstruct</groupId>
                  <artifactId>mapstruct-processor</artifactId>
                  <version>${mapstruct.version}</version>
                </annotationProcessorPath>
              </annotationProcessorPaths>
            </configuration>
          </execution>
          <execution>
            <id>compile</id>
            <phase>compile</phase>
            <goals>
              <goal>compile</goal>
            </goals>
          </execution>
          <execution>
            <id>test-compile</id>
            <phase>test-compile</phase>
            <goals>
              <goal>test-compile</goal>
            </goals>
          </execution>
        </executions>
      </plugin>
      <plugin>
        <artifactId>maven-compiler-plugin</artifactId>
        <version>3.8.1</version>
        <executions>
          <execution>
            <id>default-compile</id>
            <phase>none</phase>
          </execution>
          <execution>
            <id>default-testCompile</id>
            <phase>none</phase>
          </execution>
          <execution>
            <id>java-compile</id>
            <phase>compile</phase>
            <goals>
              <goal>compile</goal>
            </goals>
          </execution>
          <execution>
            <id>java-test-compile</id>
            <phase>test-compile</phase>
            <goals>
              <goal>testCompile</goal>
            </goals>
          </execution>
        </executions>
        <configuration>
          <proc>none</proc>
          <source>${kotlin.compiler.jvmTarget}</source>
          <target>${kotlin.compiler.jvmTarget}</target>
        </configuration>
      </plugin>
    </plugins>
  </build>
</project>
