<?xml version="1.0"?>
<project xsi:schemaLocation="http://maven.apache.org/POM/4.0.0 https://maven.apache.org/xsd/maven-4.0.0.xsd" xmlns="http://maven.apache.org/POM/4.0.0"
    xmlns:xsi="http://www.w3.org/2001/XMLSchema-instance">
  <modelVersion>4.0.0</modelVersion>
  <groupId>com.github.f4b6a3</groupId>
  <artifactId>uuid-creator</artifactId>
  <version>4.4.2-SNAPSHOT</version>
  <name>uuid-creator</name>
  <description>A Java library to generate RFC-4122 Universally Unique Identifiers (UUID).</description>
  <url>https://github.com/f4b6a3/uuid-creator</url>
  <licenses>
    <license>
      <name>MIT License</name>
      <url>https://opensource.org/licenses/MIT</url>
    </license>
  </licenses>
  <developers>
    <developer>
      <name>Fabio Lima</name>
    </developer>
  </developers>
  <scm>
    <connection>scm:git:ssh://git@github.com/f4b6a3/uuid-creator.git</connection>
    <developerConnection>scm:git:ssh://git@github.com/f4b6a3/uuid-creator.git</developerConnection>
    <url>https://github.com/f4b6a3/uuid-creator</url>
  </scm>
  <distributionManagement>
    <repository>
      <id>ossrh</id>
      <url>https://oss.sonatype.org/service/local/staging/deploy/maven2/</url>
    </repository>
    <snapshotRepository>
      <id>ossrh</id>
      <url>https://oss.sonatype.org/content/repositories/snapshots</url>
    </snapshotRepository>
  </distributionManagement>
  <properties>
    <jdk.version>8</jdk.version>
    <package.name>com.github.f4b6a3.uuid</package.name>
    <maven.compiler.source>${jdk.version}</maven.compiler.source>
    <project.build.sourceEncoding>UTF-8</project.build.sourceEncoding>
    <maven.compiler.target>${jdk.version}</maven.compiler.target>
  </properties>
  <dependencies>
    <dependency>
      <groupId>junit</groupId>
      <artifactId>junit</artifactId>
      <version>4.13.1</version>
      <scope>test</scope>
    </dependency>
  </dependencies>
  <build>
    <plugins>
      <plugin>
        <groupId>org.jacoco</groupId>
        <artifactId>jacoco-maven-plugin</artifactId>
        <version>0.8.8</version>
        <executions>
          <execution>
            <id>default-prepare-agent</id>
            <goals>
              <goal>prepare-agent</goal>
            </goals>
          </execution>
          <execution>
            <id>default-report</id>
            <goals>
              <goal>report</goal>
            </goals>
          </execution>
        </executions>
      </plugin>
      <plugin>
        <artifactId>maven-assembly-plugin</artifactId>
        <version>3.2.0</version>
        <executions>
          <execution>
            <phase>package</phase>
            <goals>
              <goal>single</goal>
            </goals>
            <configuration>
              <descriptorRefs>
                <descriptorRef>jar-with-dependencies</descriptorRef>
              </descriptorRefs>
            </configuration>
          </execution>
        </executions>
      </plugin>
    </plugins>
  </build>
  <profiles>
    <profile>
      <id>release-sign-artifacts</id>
      <activation>
        <property>
          <name>performRelease</name>
          <value>true</value>
        </property>
      </activation>
      <build>
        <plugins>
          <plugin>
            <artifactId>maven-gpg-plugin</artifactId>
            <version>1.6</version>
            <executions>
              <execution>
                <id>sign-artifacts</id>
                <phase>verify</phase>
                <goals>
                  <goal>sign</goal>
                </goals>
              </execution>
            </executions>
          </plugin>
        </plugins>
      </build>
    </profile>
  </profiles>
</project>
