<?xml version="1.0" encoding="UTF-8"?>
<project xsi:schemaLocation="http://maven.apache.org/POM/4.0.0 http://maven.apache.org/xsd/maven-4.0.0.xsd" xmlns="http://maven.apache.org/POM/4.0.0"
    xmlns:xsi="http://www.w3.org/2001/XMLSchema-instance">
  <modelVersion>4.0.0</modelVersion>
  <parent>
    <groupId>org.openengsb.framework</groupId>
    <artifactId>openengsb-framework-parent</artifactId>
    <version>3.0.0-SNAPSHOT</version>
    <relativePath>../../</relativePath>
  </parent>
  <groupId>org.openengsb.tooling.wsdl2dll</groupId>
  <artifactId>wsdl2dll-maven-plugin</artifactId>
  <packaging>maven-plugin</packaging>
  <name>OpenEngSB :: Tooling :: WSDL2DLL Maven Plugin</name>
  <description>Simple maven plugin which converts wsdl files to dll files.</description>
  <licenses>
    <license>
      <name>Apache 2</name>
      <url>http://www.apache.org/licenses/LICENSE-2.0.txt</url>
      <distribution>repo</distribution>
    </license>
  </licenses>
  <scm>
    <connection>scm:git:git://github.com/openengsb/openengsb-framework.git</connection>
    <developerConnection>scm:git:git@github.com:openengsb/openengsb-framework.git</developerConnection>
    <url>http://github.com/openengsb/openengsb-framework</url>
  </scm>
  <dependencies>
    <dependency>
      <groupId>junit</groupId>
      <artifactId>junit</artifactId>
      <version>4.12</version>
      <scope>compile</scope>
      <exclusions>
        <exclusion>
          <artifactId>hamcrest-core</artifactId>
          <groupId>org.hamcrest</groupId>
        </exclusion>
      </exclusions>
    </dependency>
    <dependency>
      <groupId>org.apache.maven</groupId>
      <artifactId>maven-plugin-api</artifactId>
      <version>3.0.4</version>
      <scope>compile</scope>
      <exclusions>
        <exclusion>
          <artifactId>maven-artifact</artifactId>
          <groupId>org.apache.maven</groupId>
        </exclusion>
        <exclusion>
          <artifactId>sisu-inject-plexus</artifactId>
          <groupId>org.sonatype.sisu</groupId>
        </exclusion>
        <exclusion>
          <artifactId>sisu-inject-bean</artifactId>
          <groupId>org.sonatype.sisu</groupId>
        </exclusion>
        <exclusion>
          <artifactId>plexus-component-annotations</artifactId>
          <groupId>org.codehaus.plexus</groupId>
        </exclusion>
        <exclusion>
          <artifactId>plexus-classworlds</artifactId>
          <groupId>org.codehaus.plexus</groupId>
        </exclusion>
        <exclusion>
          <artifactId>sisu-guava</artifactId>
          <groupId>org.sonatype.sisu</groupId>
        </exclusion>
        <exclusion>
          <artifactId>maven-model</artifactId>
          <groupId>org.apache.maven</groupId>
        </exclusion>
        <exclusion>
          <artifactId>plexus-utils</artifactId>
          <groupId>org.codehaus.plexus</groupId>
        </exclusion>
        <exclusion>
          <artifactId>sisu-guice</artifactId>
          <groupId>org.sonatype.sisu</groupId>
        </exclusion>
      </exclusions>
    </dependency>
    <dependency>
      <groupId>org.mockito</groupId>
      <artifactId>mockito-all</artifactId>
      <version>1.9.5</version>
      <scope>compile</scope>
    </dependency>
  </dependencies>
  <repositories>
    <repository>
      <releases>
        <enabled>false</enabled>
      </releases>
      <snapshots>
        <enabled>true</enabled>
      </snapshots>
      <id>sonatype-snapshots</id>
      <name>Sonaype Snapsht Repository</name>
      <url>https://oss.sonatype.org/content/repositories/snapshots/</url>
    </repository>
  </repositories>
</project>
