<?xml version="1.0"?>
<project xsi:schemaLocation="http://maven.apache.org/POM/4.0.0 https://maven.apache.org/xsd/maven-4.0.0.xsd" xmlns="http://maven.apache.org/POM/4.0.0"
    xmlns:xsi="http://www.w3.org/2001/XMLSchema-instance">
  <modelVersion>4.0.0</modelVersion>
  <groupId>org.opensky-network</groupId>
  <artifactId>libadsb</artifactId>
  <version>3.4.0</version>
  <name>libadsb</name>
  <description>A Mode S and ADS-B decoding library for Java</description>
  <url>http://opensky-network.org</url>
  <licenses>
    <license>
      <name>GPL</name>
      <url>http://www.gnu.org/licenses/gpl-3.0.txt</url>
    </license>
  </licenses>
  <developers>
    <developer>
      <name>Matthias Schaefer</name>
      <email>schaefer@opensky-network.org</email>
      <organization>OpenSky Network</organization>
    </developer>
    <developer>
      <name>Markus Fuchs</name>
      <email>fuchs@opensky-network.org</email>
      <organization>OpenSky Network</organization>
    </developer>
  </developers>
  <scm>
    <connection>scm:git:git@github.com:openskynetwork/java-adsb.git</connection>
    <developerConnection>scm:git:git@github.com:openskynetwork/java-adsb.git</developerConnection>
    <url>git@github.com:openskynetwork/java-adsb.git</url>
  </scm>
  <distributionManagement>
    <snapshotRepository>
      <id>ossrh</id>
      <url>https://oss.sonatype.org/content/repositories/snapshots</url>
    </snapshotRepository>
  </distributionManagement>
  <properties>
    <project.build.sourceEncoding>UTF-8</project.build.sourceEncoding>
    <maven.compiler.source>1.8</maven.compiler.source>
    <maven.compiler.target>1.8</maven.compiler.target>
  </properties>
  <dependencies>
    <dependency>
      <groupId>org.slf4j</groupId>
      <artifactId>slf4j-api</artifactId>
      <version>1.7.30</version>
    </dependency>
    <dependency>
      <groupId>org.apache.commons</groupId>
      <artifactId>commons-lang3</artifactId>
      <version>3.12.0</version>
    </dependency>
    <dependency>
      <groupId>junit</groupId>
      <artifactId>junit</artifactId>
      <version>4.13.1</version>
      <scope>test</scope>
    </dependency>
  </dependencies>
  <build>
    <plugins>
      <plugin>
        <groupId>org.jacoco</groupId>
        <artifactId>jacoco-maven-plugin</artifactId>
        <version>0.8.8</version>
        <executions>
          <execution>
            <id>default-prepare-agent</id>
            <goals>
              <goal>prepare-agent</goal>
            </goals>
          </execution>
          <execution>
            <id>default-report</id>
            <goals>
              <goal>report</goal>
            </goals>
          </execution>
        </executions>
      </plugin>
      <plugin>
        <artifactId>maven-assembly-plugin</artifactId>
        <version>3.2.0</version>
        <executions>
          <execution>
            <phase>package</phase>
            <goals>
              <goal>single</goal>
            </goals>
            <configuration>
              <descriptorRefs>
                <descriptorRef>jar-with-dependencies</descriptorRef>
              </descriptorRefs>
            </configuration>
          </execution>
        </executions>
      </plugin>
    </plugins>
  </build>
  <profiles>
    <profile>
      <id>publish-central</id>
      <activation>
        <property>
          <name>publishCentral</name>
          <value>true</value>
        </property>
      </activation>
      <build>
        <plugins>
          <plugin>
            <artifactId>maven-source-plugin</artifactId>
            <version>3.2.1</version>
            <executions>
              <execution>
                <id>attach-sources</id>
                <goals>
                  <goal>jar-no-fork</goal>
                </goals>
              </execution>
            </executions>
          </plugin>
          <plugin>
            <artifactId>maven-javadoc-plugin</artifactId>
            <version>3.2.0</version>
            <executions>
              <execution>
                <id>attach-javadocs</id>
                <goals>
                  <goal>jar</goal>
                </goals>
              </execution>
            </executions>
          </plugin>
          <plugin>
            <groupId>org.sonatype.plugins</groupId>
            <artifactId>nexus-staging-maven-plugin</artifactId>
            <version>1.6.8</version>
            <extensions>true</extensions>
            <configuration>
              <serverId>ossrh</serverId>
              <nexusUrl>https://oss.sonatype.org/</nexusUrl>
              <autoReleaseAfterClose>false</autoReleaseAfterClose>
            </configuration>
          </plugin>
          <plugin>
            <artifactId>maven-gpg-plugin</artifactId>
            <version>1.6</version>
            <executions>
              <execution>
                <id>sign-artifacts</id>
                <phase>verify</phase>
                <goals>
                  <goal>sign</goal>
                </goals>
                <configuration>
                  <keyname>fuchs@opensky-network.org</keyname>
                </configuration>
              </execution>
            </executions>
          </plugin>
        </plugins>
      </build>
    </profile>
  </profiles>
</project>
