<?xml version="1.0" encoding="UTF-8"?>
<project xsi:schemaLocation="http://maven.apache.org/POM/4.0.0 https://maven.apache.org/xsd/maven-4.0.0.xsd" xmlns="http://maven.apache.org/POM/4.0.0"
    xmlns:xsi="http://www.w3.org/2001/XMLSchema-instance">
  <modelVersion>4.0.0</modelVersion>
  <parent>
    <groupId>org.springframework.boot</groupId>
    <artifactId>spring-boot-starter-parent</artifactId>
    <version>2.5.7</version>
    <relativePath></relativePath>
  </parent>
  <groupId>org.springframework.ws</groupId>
  <artifactId>echo-server</artifactId>
  <version>0.0.1-SNAPSHOT</version>
  <name>Spring Web Services Samples - Echo - Server</name>
  <description>Demo project for Spring Web Services</description>
  <properties>
    <wsdl>${project.basedir}/../airline.wsdl</wsdl>
    <classesDir>${project.basedir}/target/classes</classesDir>
    <java.version>1.8</java.version>
    <joda-time.version>2.10.6</joda-time.version>
    <log4j2.version>2.15.0</log4j2.version>
    <sourcesDir>${project.basedir}/target/generated-sources/axis</sourcesDir>
    <xmlschema.version>2.0.2</xmlschema.version>
  </properties>
  <dependencies>
    <dependency>
      <groupId>org.springframework.boot</groupId>
      <artifactId>spring-boot-starter-web-services</artifactId>
    </dependency>
    <dependency>
      <groupId>wsdl4j</groupId>
      <artifactId>wsdl4j</artifactId>
    </dependency>
    <dependency>
      <groupId>org.apache.ws.xmlschema</groupId>
      <artifactId>xmlschema-core</artifactId>
      <version>${xmlschema.version}</version>
      <scope>runtime</scope>
    </dependency>
    <dependency>
      <groupId>org.springframework</groupId>
      <artifactId>spring-test</artifactId>
      <scope>test</scope>
    </dependency>
    <dependency>
      <groupId>org.springframework.boot</groupId>
      <artifactId>spring-boot-starter-test</artifactId>
      <scope>test</scope>
      <exclusions>
        <exclusion>
          <artifactId>junit-vintage-engine</artifactId>
          <groupId>org.junit.vintage</groupId>
        </exclusion>
      </exclusions>
    </dependency>
  </dependencies>
  <build>
    <plugins>
      <plugin>
        <groupId>org.jacoco</groupId>
        <artifactId>jacoco-maven-plugin</artifactId>
        <version>0.8.8</version>
        <executions>
          <execution>
            <id>default-prepare-agent</id>
            <goals>
              <goal>prepare-agent</goal>
            </goals>
          </execution>
          <execution>
            <id>default-report</id>
            <goals>
              <goal>report</goal>
            </goals>
          </execution>
        </executions>
      </plugin>
      <plugin>
        <artifactId>maven-assembly-plugin</artifactId>
        <version>3.2.0</version>
        <executions>
          <execution>
            <phase>package</phase>
            <goals>
              <goal>single</goal>
            </goals>
            <configuration>
              <descriptorRefs>
                <descriptorRef>jar-with-dependencies</descriptorRef>
              </descriptorRefs>
            </configuration>
          </execution>
        </executions>
      </plugin>
    </plugins>
  </build>
</project>
