<?xml version="1.0" encoding="UTF-8"?>
<project xsi:schemaLocation="http://maven.apache.org/POM/4.0.0 http://maven.apache.org/xsd/maven-4.0.0.xsd" xmlns="http://maven.apache.org/POM/4.0.0"
    xmlns:xsi="http://www.w3.org/2001/XMLSchema-instance">
  <modelVersion>4.0.0</modelVersion>
  <parent>
    <groupId>com.github.onblog</groupId>
    <artifactId>SnowJena</artifactId>
    <version>4.0.0.RELEASE</version>
  </parent>
  <artifactId>snowjena-monitor</artifactId>
  <name>snowjena-monitor</name>
  <properties>
    <maven.compiler.source>1.8</maven.compiler.source>
    <project.build.sourceEncoding>UTF-8</project.build.sourceEncoding>
    <maven.compiler.target>1.8</maven.compiler.target>
  </properties>
  <dependencies>
    <dependency>
      <groupId>org.slf4j</groupId>
      <artifactId>slf4j-api</artifactId>
      <version>1.7.26</version>
      <scope>provided</scope>
    </dependency>
    <dependency>
      <groupId>ch.qos.logback</groupId>
      <artifactId>logback-classic</artifactId>
      <version>1.2.3</version>
      <scope>provided</scope>
      <exclusions>
        <exclusion>
          <artifactId>logback-core</artifactId>
          <groupId>ch.qos.logback</groupId>
        </exclusion>
        <exclusion>
          <artifactId>slf4j-api</artifactId>
          <groupId>org.slf4j</groupId>
        </exclusion>
      </exclusions>
    </dependency>
    <dependency>
      <groupId>ch.qos.logback</groupId>
      <artifactId>logback-classic</artifactId>
      <version>1.2.3</version>
      <scope>provided</scope>
      <exclusions>
        <exclusion>
          <artifactId>logback-core</artifactId>
          <groupId>ch.qos.logback</groupId>
        </exclusion>
        <exclusion>
          <artifactId>slf4j-api</artifactId>
          <groupId>org.slf4j</groupId>
        </exclusion>
      </exclusions>
    </dependency>
  </dependencies>
</project>
