<?xml version="1.0" encoding="UTF-8"?>
<project xsi:schemaLocation="http://maven.apache.org/POM/4.0.0 https://maven.apache.org/xsd/maven-4.0.0.xsd" xmlns="http://maven.apache.org/POM/4.0.0"
    xmlns:xsi="http://www.w3.org/2001/XMLSchema-instance">
  <modelVersion>4.0.0</modelVersion>
  <groupId>net.lingala.zip4j</groupId>
  <artifactId>zip4j</artifactId>
  <version>2.9.2-SNAPSHOT</version>
  <name>Zip4j</name>
  <description>Zip4j - A Java library for zip files and streams</description>
  <url>https://github.com/srikanth-lingala/zip4j</url>
  <licenses>
    <license>
      <name>Apache License, Version 2.0</name>
      <url>https://www.apache.org/licenses/LICENSE-2.0.txt</url>
    </license>
  </licenses>
  <developers>
    <developer>
      <name>Srikanth Reddy Lingala</name>
      <email>srikanth.mailbox@gmail.com</email>
    </developer>
  </developers>
  <scm>
    <url>git@github.com:srikanth-lingala/zip4j.git</url>
  </scm>
  <distributionManagement>
    <repository>
      <id>ossrh</id>
      <url>https://oss.sonatype.org/service/local/staging/deploy/maven2/</url>
    </repository>
    <snapshotRepository>
      <id>ossrh</id>
      <url>https://oss.sonatype.org/content/repositories/snapshots</url>
    </snapshotRepository>
  </distributionManagement>
  <properties>
    <mockito.version>2.28.2</mockito.version>
    <assertj.version>2.9.1</assertj.version>
    <powermock.version>2.0.2</powermock.version>
    <maven.compiler.source>1.7</maven.compiler.source>
    <project.build.sourceEncoding>UTF-8</project.build.sourceEncoding>
    <maven.compiler.target>1.7</maven.compiler.target>
    <lombok.version>1.18.8</lombok.version>
    <junit.version>4.13.1</junit.version>
  </properties>
  <dependencies>
    <dependency>
      <groupId>junit</groupId>
      <artifactId>junit</artifactId>
      <version>${junit.version}</version>
      <scope>test</scope>
    </dependency>
    <dependency>
      <groupId>org.assertj</groupId>
      <artifactId>assertj-core</artifactId>
      <version>${assertj.version}</version>
      <scope>test</scope>
    </dependency>
    <dependency>
      <groupId>org.mockito</groupId>
      <artifactId>mockito-core</artifactId>
      <version>${mockito.version}</version>
      <scope>test</scope>
    </dependency>
    <dependency>
      <groupId>org.powermock</groupId>
      <artifactId>powermock-module-junit4</artifactId>
      <version>${powermock.version}</version>
      <scope>test</scope>
    </dependency>
    <dependency>
      <groupId>org.powermock</groupId>
      <artifactId>powermock-api-mockito2</artifactId>
      <version>${powermock.version}</version>
      <scope>test</scope>
    </dependency>
  </dependencies>
  <build>
    <plugins>
      <plugin>
        <groupId>org.jacoco</groupId>
        <artifactId>jacoco-maven-plugin</artifactId>
        <version>0.8.8</version>
        <executions>
          <execution>
            <id>default-prepare-agent</id>
            <goals>
              <goal>prepare-agent</goal>
            </goals>
          </execution>
          <execution>
            <id>default-report</id>
            <goals>
              <goal>report</goal>
            </goals>
          </execution>
        </executions>
      </plugin>
      <plugin>
        <artifactId>maven-assembly-plugin</artifactId>
        <version>3.2.0</version>
        <executions>
          <execution>
            <phase>package</phase>
            <goals>
              <goal>single</goal>
            </goals>
            <configuration>
              <descriptorRefs>
                <descriptorRef>jar-with-dependencies</descriptorRef>
              </descriptorRefs>
            </configuration>
          </execution>
        </executions>
      </plugin>
    </plugins>
  </build>
  <profiles>
    <profile>
      <id>disable-java8-doclint</id>
      <activation>
        <jdk>[1.8,)</jdk>
      </activation>
      <properties>
        <additionalparam>-Xdoclint:none</additionalparam>
      </properties>
    </profile>
  </profiles>
</project>
