<?xml version="1.0" encoding="UTF-8"?>
<project xsi:schemaLocation="http://maven.apache.org/POM/4.0.0 https://maven.apache.org/xsd/maven-4.0.0.xsd" xmlns="http://maven.apache.org/POM/4.0.0"
    xmlns:xsi="http://www.w3.org/2001/XMLSchema-instance">
  <modelVersion>4.0.0</modelVersion>
  <parent>
    <groupId>org.joda</groupId>
    <artifactId>joda-parent</artifactId>
    <version>1.4.0</version>
  </parent>
  <artifactId>joda-money</artifactId>
  <version>1.0.2-SNAPSHOT</version>
  <name>Joda-Money</name>
  <description>Money representation and formatting</description>
  <url>https://www.joda.org/${joda.artifactId}/</url>
  <inceptionYear>2009</inceptionYear>
  <contributors>
    <contributor>
      <name>Ashish Kumar</name>
      <url>https://github.com/ashish12</url>
    </contributor>
    <contributor>
      <name>Tim Molter</name>
    </contributor>
    <contributor>
      <name>Sarp Güney Başaraner</name>
      <url>https://github.com/sgbasaraner</url>
    </contributor>
    <contributor>
      <name>Gabriel Bauman</name>
      <url>https://github.com/gabrielbauman</url>
    </contributor>
    <contributor>
      <name>Joe Bauser</name>
      <url>https://github.com/coderjoe</url>
    </contributor>
    <contributor>
      <name>Ian Ferguson</name>
      <url>https://github.com/ianferguson</url>
    </contributor>
    <contributor>
      <name>Lukas Vogel</name>
      <url>https://github.com/lukedirtwalker</url>
    </contributor>
    <contributor>
      <name>Michael Weiss</name>
      <url>https://github.com/MiWeiss</url>
    </contributor>
  </contributors>
  <scm>
    <connection>scm:git:https://github.com/JodaOrg/${joda.artifactId}.git</connection>
    <developerConnection>scm:git:https://github.com/JodaOrg/${joda.artifactId}.git</developerConnection>
    <url>https://github.com/JodaOrg/${joda.artifactId}</url>
  </scm>
  <properties>
    <joda.osgi.packages>org.joda.money.*</joda.osgi.packages>
    <joda.surefire.moduleargs>--add-modules org.joda.convert</joda.surefire.moduleargs>
    <joda.module.name>org.joda.money</joda.module.name>
    <joda.artifactId>joda-money</joda.artifactId>
  </properties>
  <dependencies>
    <dependency>
      <groupId>org.joda</groupId>
      <artifactId>joda-convert</artifactId>
      <version>2.1.1</version>
      <scope>compile</scope>
      <optional>true</optional>
    </dependency>
    <dependency>
      <groupId>junit</groupId>
      <artifactId>junit</artifactId>
      <version>4.13.1</version>
      <scope>test</scope>
    </dependency>
    <dependency>
      <groupId>com.tngtech.java</groupId>
      <artifactId>junit-dataprovider</artifactId>
      <version>1.10.0</version>
      <scope>test</scope>
    </dependency>
  </dependencies>
  <build>
    <plugins>
      <plugin>
        <groupId>org.jacoco</groupId>
        <artifactId>jacoco-maven-plugin</artifactId>
        <version>0.8.8</version>
        <executions>
          <execution>
            <id>default-prepare-agent</id>
            <goals>
              <goal>prepare-agent</goal>
            </goals>
          </execution>
          <execution>
            <id>default-report</id>
            <goals>
              <goal>report</goal>
            </goals>
          </execution>
        </executions>
      </plugin>
      <plugin>
        <artifactId>maven-assembly-plugin</artifactId>
        <version>3.2.0</version>
        <executions>
          <execution>
            <phase>package</phase>
            <goals>
              <goal>single</goal>
            </goals>
            <configuration>
              <descriptorRefs>
                <descriptorRef>jar-with-dependencies</descriptorRef>
              </descriptorRefs>
            </configuration>
          </execution>
        </executions>
      </plugin>
    </plugins>
  </build>
  <profiles>
    <profile>
      <id>release-artifacts</id>
      <activation>
        <property>
          <name>oss.repo</name>
        </property>
      </activation>
      <build>
        <plugins>
          <plugin>
            <artifactId>maven-assembly-plugin</artifactId>
            <executions>
              <execution>
                <id>make-assembly</id>
                <phase>install</phase>
                <goals>
                  <goal>single</goal>
                </goals>
              </execution>
            </executions>
            <configuration>
              <attach>false</attach>
              <descriptors>
                <descriptor>src/main/assembly/dist.xml</descriptor>
              </descriptors>
              <tarLongFileMode>gnu</tarLongFileMode>
            </configuration>
          </plugin>
          <plugin>
            <groupId>de.jutzig</groupId>
            <artifactId>github-release-plugin</artifactId>
            <version>1.4.0</version>
            <executions>
              <execution>
                <id>github-releases</id>
                <phase>deploy</phase>
                <goals>
                  <goal>release</goal>
                </goals>
              </execution>
            </executions>
            <configuration>
              <releaseName>Release v${project.version}</releaseName>
              <description>See the [change notes](https://www.joda.org/${joda.artifactId}/changes-report.html#a${project.version}) for more information.</description>
              <tag>v${project.version}</tag>
              <overwriteArtifact>true</overwriteArtifact>
              <fileSets>
                <fileSet>
                  <directory>${project.build.directory}</directory>
                  <includes>
                    <include>${joda.artifactId}*-dist.tar.gz</include>
                    <include>${joda.artifactId}*-dist.zip</include>
                  </includes>
                </fileSet>
              </fileSets>
            </configuration>
          </plugin>
        </plugins>
      </build>
    </profile>
  </profiles>
</project>
