<?xml version="1.0"?>
<project xsi:schemaLocation="http://maven.apache.org/POM/4.0.0 https://maven.apache.org/xsd/maven-4.0.0.xsd" xmlns="http://maven.apache.org/POM/4.0.0"
    xmlns:xsi="http://www.w3.org/2001/XMLSchema-instance">
  <modelVersion>4.0.0</modelVersion>
  <parent>
    <groupId>org.sonatype.oss</groupId>
    <artifactId>oss-parent</artifactId>
    <version>6</version>
  </parent>
  <groupId>org.webbitserver</groupId>
  <artifactId>webbit</artifactId>
  <version>0.4.16-SNAPSHOT</version>
  <name>${project.artifactId}</name>
  <description>A Java event based WebSocket and HTTP server</description>
  <url>http://webbitserver.org/</url>
  <licenses>
    <license>
      <name>BSD License</name>
      <url>http://www.opensource.org/licenses/bsd-license</url>
      <distribution>repo</distribution>
    </license>
  </licenses>
  <developers>
    <developer>
      <id>joewalnes</id>
      <name>Joe Walnes</name>
      <email>joe@walnes.com</email>
    </developer>
    <developer>
      <id>aslakhellesoy</id>
      <name>Aslak Hellesøy</name>
      <email>aslak.hellesoy@gmail.com</email>
    </developer>
    <developer>
      <id>KushalP</id>
      <name>Kushal Pisavadia</name>
      <email>kushi.p@gmail.com</email>
    </developer>
    <developer>
      <id>hellige</id>
      <name>Matt Hellige</name>
      <email>mhellige@drw.com</email>
    </developer>
  </developers>
  <scm>
    <connection>scm:git:git://github.com/webbit/webbit.git</connection>
    <developerConnection>scm:git:git@github.com:webbit/webbit.git</developerConnection>
    <url>git://github.com/webbit/webbit.git</url>
  </scm>
  <dependencies>
    <dependency>
      <groupId>io.netty</groupId>
      <artifactId>netty</artifactId>
      <version>3.6.5.Final</version>
      <scope>compile</scope>
    </dependency>
    <dependency>
      <groupId>junit</groupId>
      <artifactId>junit</artifactId>
      <version>4.11</version>
      <scope>test</scope>
    </dependency>
    <dependency>
      <groupId>org.mockito</groupId>
      <artifactId>mockito-all</artifactId>
      <version>1.9.5</version>
      <scope>test</scope>
    </dependency>
    <dependency>
      <groupId>com.google.code.gson</groupId>
      <artifactId>gson</artifactId>
      <version>2.2.4</version>
      <scope>test</scope>
    </dependency>
    <dependency>
      <groupId>org.apache.httpcomponents</groupId>
      <artifactId>httpasyncclient</artifactId>
      <version>4.0.1</version>
      <scope>test</scope>
    </dependency>
  </dependencies>
  <repositories>
    <repository>
      <snapshots>
        <enabled>true</enabled>
      </snapshots>
      <id>repository.jboss.org</id>
      <url>http://repository.jboss.org/nexus/content/groups/public/</url>
    </repository>
    <repository>
      <releases>
        <enabled>true</enabled>
      </releases>
      <snapshots>
        <enabled>true</enabled>
      </snapshots>
      <id>gson</id>
      <url>http://google-gson.googlecode.com/svn/mavenrepo</url>
    </repository>
  </repositories>
  <build>
    <plugins>
      <plugin>
        <groupId>org.jacoco</groupId>
        <artifactId>jacoco-maven-plugin</artifactId>
        <version>0.8.8</version>
        <executions>
          <execution>
            <id>default-prepare-agent</id>
            <goals>
              <goal>prepare-agent</goal>
            </goals>
          </execution>
          <execution>
            <id>default-report</id>
            <goals>
              <goal>report</goal>
            </goals>
          </execution>
        </executions>
      </plugin>
      <plugin>
        <artifactId>maven-assembly-plugin</artifactId>
        <version>3.2.0</version>
        <executions>
          <execution>
            <phase>package</phase>
            <goals>
              <goal>single</goal>
            </goals>
            <configuration>
              <descriptorRefs>
                <descriptorRef>jar-with-dependencies</descriptorRef>
              </descriptorRefs>
            </configuration>
          </execution>
        </executions>
      </plugin>
    </plugins>
  </build>
  <profiles>
    <profile>
      <id>release-sign-artifacts</id>
      <build>
        <plugins>
          <plugin>
            <artifactId>maven-gpg-plugin</artifactId>
            <version>1.4</version>
            <executions>
              <execution>
                <id>sign-artifacts</id>
                <phase>verify</phase>
                <goals>
                  <goal>sign</goal>
                </goals>
              </execution>
            </executions>
            <configuration>
              <useAgent>true</useAgent>
            </configuration>
          </plugin>
        </plugins>
      </build>
    </profile>
  </profiles>
</project>
