<?xml version="1.0" encoding="UTF-8"?>
<!DOCTYPE mapper
  PUBLIC "-//mybatis.org//DTD Mapper 3.0//EN"
  "http://mybatis.org/dtd/mybatis-3-mapper.dtd">
<mapper namespace="pers.kinson.im.chat.data.dao.UserDao">
	<select id="findById" parameterType="java.lang.Long"
		resultType="user">
		select * from user where userId=#{userId}
	</select>
	<select id="getMaxId" resultType="java.lang.Integer">
		select max(userid) from user
	</select>
	<select id="findByName" parameterType="java.lang.String"
		resultType="user">
		select * from user where username=#{nickName}
	</select>
	<insert id="addUser" parameterType="user">
		insert into user(userId,sex,userName,password)
			values(#{userId},#{sex},#{userName},#{password})
	</insert>
	<update id="updateUser" parameterType="user">
		update user
		set
		userName=#{userName}
		sex=#{sex}
		password=#{password}
		where userId=#{userId}
	</update>
	<delete id="delUser" parameterType="java.lang.Long">
		delete from user
		where
		userId=#{userId}
	</delete>
</mapper>