<?xml version="1.0" encoding="UTF-8"?>
<project xsi:schemaLocation="http://maven.apache.org/POM/4.0.0 https://maven.apache.org/xsd/maven-4.0.0.xsd" xmlns="http://maven.apache.org/POM/4.0.0"
    xmlns:xsi="http://www.w3.org/2001/XMLSchema-instance">
  <modelVersion>4.0.0</modelVersion>
  <parent>
    <groupId>site.ycsb</groupId>
    <artifactId>root</artifactId>
    <version>0.18.0-SNAPSHOT</version>
  </parent>
  <artifactId>core</artifactId>
  <name>Core YCSB</name>
  <properties>
    <jackson.api.version>1.9.4</jackson.api.version>
  </properties>
  <dependencies>
    <dependency>
      <groupId>org.apache.htrace</groupId>
      <artifactId>htrace-core4</artifactId>
      <version>4.1.0-incubating</version>
    </dependency>
    <dependency>
      <groupId>org.codehaus.jackson</groupId>
      <artifactId>jackson-mapper-asl</artifactId>
      <version>${jackson.api.version}</version>
    </dependency>
    <dependency>
      <groupId>org.codehaus.jackson</groupId>
      <artifactId>jackson-core-asl</artifactId>
      <version>${jackson.api.version}</version>
    </dependency>
    <dependency>
      <groupId>org.testng</groupId>
      <artifactId>testng</artifactId>
      <version>6.1.1</version>
      <scope>test</scope>
    </dependency>
    <dependency>
      <groupId>org.hdrhistogram</groupId>
      <artifactId>HdrHistogram</artifactId>
      <version>2.1.4</version>
    </dependency>
  </dependencies>
  <build>
    <plugins>
      <plugin>
        <groupId>org.jacoco</groupId>
        <artifactId>jacoco-maven-plugin</artifactId>
        <version>0.8.8</version>
        <executions>
          <execution>
            <id>default-prepare-agent</id>
            <goals>
              <goal>prepare-agent</goal>
            </goals>
          </execution>
          <execution>
            <id>default-report</id>
            <goals>
              <goal>report</goal>
            </goals>
          </execution>
        </executions>
      </plugin>
      <plugin>
        <artifactId>maven-assembly-plugin</artifactId>
        <version>3.2.0</version>
        <executions>
          <execution>
            <phase>package</phase>
            <goals>
              <goal>single</goal>
            </goals>
            <configuration>
              <descriptorRefs>
                <descriptorRef>jar-with-dependencies</descriptorRef>
              </descriptorRefs>
            </configuration>
          </execution>
        </executions>
      </plugin>
    </plugins>
  </build>
  <profiles>
    <profile>
      <id>source-run</id>
      <build>
        <plugins>
          <plugin>
            <artifactId>maven-dependency-plugin</artifactId>
            <executions>
              <execution>
                <id>stage-dependencies</id>
                <phase>package</phase>
                <goals>
                  <goal>copy-dependencies</goal>
                </goals>
                <configuration>
                  <includeScope>runtime</includeScope>
                </configuration>
              </execution>
            </executions>
          </plugin>
        </plugins>
      </build>
    </profile>
  </profiles>
</project>
