<?xml version="1.0" encoding="UTF-8"?>
<project xsi:schemaLocation="http://maven.apache.org/POM/4.0.0 https://maven.apache.org/xsd/maven-4.0.0.xsd" xmlns="http://maven.apache.org/POM/4.0.0"
    xmlns:xsi="http://www.w3.org/2001/XMLSchema-instance">
  <modelVersion>4.0.0</modelVersion>
  <groupId>com.github.alexmojaki</groupId>
  <artifactId>s3-stream-upload</artifactId>
  <version>2.2.4</version>
  <name>S3 Stream Upload</name>
  <description>Manages streaming of data to S3 without knowing the size beforehand and without keeping it all in
        memory or writing to disk.</description>
  <url>https://github.com/alexmojaki/s3-stream-upload</url>
  <licenses>
    <license>
      <name>MIT License</name>
      <url>http://www.opensource.org/licenses/mit-license.php</url>
    </license>
  </licenses>
  <developers>
    <developer>
      <name>Alex Hall</name>
      <email>alex.mojaki@gmail.com</email>
      <organization>None</organization>
      <organizationUrl>https://github.com/alexmojaki</organizationUrl>
    </developer>
  </developers>
  <scm>
    <connection>scm:git:git@github.com:alexmojaki/s3-stream-upload.git</connection>
    <developerConnection>scm:git:git@github.com:alexmojaki/s3-stream-upload.git</developerConnection>
    <url>git@github.com:alexmojaki/s3-stream-upload.git</url>
  </scm>
  <distributionManagement>
    <snapshotRepository>
      <id>ossrh</id>
      <url>https://oss.sonatype.org/content/repositories/snapshots</url>
    </snapshotRepository>
  </distributionManagement>
  <properties>
    <project.build.sourceEncoding>UTF-8</project.build.sourceEncoding>
  </properties>
  <dependencyManagement>
    <dependencies>
      <dependency>
        <groupId>com.amazonaws</groupId>
        <artifactId>aws-java-sdk-bom</artifactId>
        <version>1.11.782</version>
        <type>pom</type>
        <scope>import</scope>
      </dependency>
    </dependencies>
  </dependencyManagement>
  <dependencies>
    <dependency>
      <groupId>com.amazonaws</groupId>
      <artifactId>aws-java-sdk-s3</artifactId>
    </dependency>
    <dependency>
      <groupId>org.slf4j</groupId>
      <artifactId>slf4j-api</artifactId>
      <version>1.7.30</version>
    </dependency>
    <dependency>
      <groupId>org.gaul</groupId>
      <artifactId>s3proxy</artifactId>
      <version>1.7.0</version>
      <scope>test</scope>
    </dependency>
    <dependency>
      <groupId>junit</groupId>
      <artifactId>junit</artifactId>
      <version>4.13.1</version>
      <scope>test</scope>
    </dependency>
  </dependencies>
  <build>
    <plugins>
      <plugin>
        <groupId>org.jacoco</groupId>
        <artifactId>jacoco-maven-plugin</artifactId>
        <version>0.8.8</version>
        <executions>
          <execution>
            <id>default-prepare-agent</id>
            <goals>
              <goal>prepare-agent</goal>
            </goals>
          </execution>
          <execution>
            <id>default-report</id>
            <goals>
              <goal>report</goal>
            </goals>
          </execution>
        </executions>
      </plugin>
      <plugin>
        <artifactId>maven-assembly-plugin</artifactId>
        <version>3.2.0</version>
        <executions>
          <execution>
            <phase>package</phase>
            <goals>
              <goal>single</goal>
            </goals>
            <configuration>
              <descriptorRefs>
                <descriptorRef>jar-with-dependencies</descriptorRef>
              </descriptorRefs>
            </configuration>
          </execution>
        </executions>
      </plugin>
    </plugins>
  </build>
</project>
