<config>    
    <frameworks>
        <framework>CoreData</framework>
        <framework>SystemConfiguration</framework>
    </frameworks>
    <libs>
        <lib>z</lib>
        <lib>sqlite3</lib>
    </libs>
    <unhideSymbols>
        <symbol>kTAGDataLayerObjectNotPresent</symbol>
        <symbol>kGAIErrorDomain</symbol>
        <symbol>kGAIProduct</symbol>
        <symbol>kGAIVersion</symbol>
        <symbol>kGAIUseSecure</symbol>
        <symbol>kGAIHitType</symbol>
        <symbol>kGAITrackingId</symbol>
        <symbol>kGAIClientId</symbol>
        <symbol>kGAIDataSource</symbol>
        <symbol>kGAIAnonymizeIp</symbol>
        <symbol>kGAISessionControl</symbol>
        <symbol>kGAIDeviceModelVersion</symbol>
        <symbol>kGAIScreenResolution</symbol>
        <symbol>kGAIViewportSize</symbol>
        <symbol>kGAIEncoding</symbol>
        <symbol>kGAIScreenColors</symbol>
        <symbol>kGAILanguage</symbol>
        <symbol>kGAIJavaEnabled</symbol>
        <symbol>kGAIFlashVersion</symbol>
        <symbol>kGAINonInteraction</symbol>
        <symbol>kGAIReferrer</symbol>
        <symbol>kGAILocation</symbol>
        <symbol>kGAIHostname</symbol>
        <symbol>kGAIPage</symbol>
        <symbol>kGAIDescription</symbol>
        <symbol>kGAIScreenName</symbol>
        <symbol>kGAITitle</symbol>
        <symbol>kGAIAdMobHitId</symbol>
        <symbol>kGAIAppName</symbol>
        <symbol>kGAIAppVersion</symbol>
        <symbol>kGAIAppId</symbol>
        <symbol>kGAIAppInstallerId</symbol>
        <symbol>kGAIUserId</symbol>
        <symbol>kGAIEventCategory</symbol>
        <symbol>kGAIEventAction</symbol>
        <symbol>kGAIEventLabel</symbol>
        <symbol>kGAIEventValue</symbol>
        <symbol>kGAISocialNetwork</symbol>
        <symbol>kGAISocialAction</symbol>
        <symbol>kGAISocialTarget</symbol>
        <symbol>kGAITransactionId</symbol>
        <symbol>kGAITransactionAffiliation</symbol>
        <symbol>kGAITransactionRevenue</symbol>
        <symbol>kGAITransactionShipping</symbol>
        <symbol>kGAITransactionTax</symbol>
        <symbol>kGAICurrencyCode</symbol>
        <symbol>kGAIItemPrice</symbol>
        <symbol>kGAIItemQuantity</symbol>
        <symbol>kGAIItemSku</symbol>
        <symbol>kGAIItemName</symbol>
        <symbol>kGAIItemCategory</symbol>
        <symbol>kGAICampaignSource</symbol>
        <symbol>kGAICampaignMedium</symbol>
        <symbol>kGAICampaignName</symbol>
        <symbol>kGAICampaignKeyword</symbol>
        <symbol>kGAICampaignContent</symbol>
        <symbol>kGAICampaignId</symbol>
        <symbol>kGAICampaignAdNetworkClickId</symbol>
        <symbol>kGAICampaignAdNetworkId</symbol>
        <symbol>kGAITimingCategory</symbol>
        <symbol>kGAITimingVar</symbol>
        <symbol>kGAITimingValue</symbol>
        <symbol>kGAITimingLabel</symbol>
        <symbol>kGAIExDescription</symbol>
        <symbol>kGAIExFatal</symbol>
        <symbol>kGAISampleRate</symbol>
        <symbol>kGAIIdfa</symbol>
        <symbol>kGAIAdTargetingEnabled</symbol>
        <symbol>kGAIScreenView</symbol>
        <symbol>kGAIEvent</symbol>
        <symbol>kGAISocial</symbol>
        <symbol>kGAITransaction</symbol>
        <symbol>kGAIItem</symbol>
        <symbol>kGAIException</symbol>
        <symbol>kGAITiming</symbol>
        <symbol>kGAIProductId</symbol>
        <symbol>kGAIProductName</symbol>
        <symbol>kGAIProductBrand</symbol>
        <symbol>kGAIProductCategory</symbol>
        <symbol>kGAIProductVariant</symbol>
        <symbol>kGAIProductPrice</symbol>
        <symbol>kGAIProductQuantity</symbol>
        <symbol>kGAIProductCouponCode</symbol>
        <symbol>kGAIProductPosition</symbol>
        <symbol>kGAIProductAction</symbol>
        <symbol>kGAIPADetail</symbol>
        <symbol>kGAIPAClick</symbol>
        <symbol>kGAIPAAdd</symbol>
        <symbol>kGAIPARemove</symbol>
        <symbol>kGAIPACheckout</symbol>
        <symbol>kGAIPACheckoutOption</symbol>
        <symbol>kGAIPAPurchase</symbol>
        <symbol>kGAIPARefund</symbol>
        <symbol>kGAIPATransactionId</symbol>
        <symbol>kGAIPAAffiliation</symbol>
        <symbol>kGAIPARevenue</symbol>
        <symbol>kGAIPATax</symbol>
        <symbol>kGAIPAShipping</symbol>
        <symbol>kGAIPACouponCode</symbol>
        <symbol>kGAICheckoutStep</symbol>
        <symbol>kGAICheckoutOption</symbol>
        <symbol>kGAIProductActionList</symbol>
        <symbol>kGAIProductListSource</symbol>
        <symbol>kGAIImpressionName</symbol>
        <symbol>kGAIImpressionListSource</symbol>
        <symbol>kGAIImpressionProduct</symbol>
        <symbol>kGAIImpressionProductId</symbol>
        <symbol>kGAIImpressionProductName</symbol>
        <symbol>kGAIImpressionProductBrand</symbol>
        <symbol>kGAIImpressionProductCategory</symbol>
        <symbol>kGAIImpressionProductVariant</symbol>
        <symbol>kGAIImpressionProductPosition</symbol>
        <symbol>kGAIImpressionProductPrice</symbol>
        <symbol>kGAIPromotionId</symbol>
        <symbol>kGAIPromotionName</symbol>
        <symbol>kGAIPromotionCreative</symbol>
        <symbol>kGAIPromotionPosition</symbol>
        <symbol>kGAIPromotionAction</symbol>
        <symbol>kGAIPromotionView</symbol>
        <symbol>kGAIPromotionClick</symbol>
    </unhideSymbols>
</config>