<?xml version="1.0" encoding="UTF-8"?>       
<!DOCTYPE log4j:configuration SYSTEM "log4j.dtd">
<log4j:configuration xmlns:log4j='http://jakarta.apache.org/log4j/'>

	<appender name="console" class="org.apache.log4j.ConsoleAppender">
		<layout class="org.apache.log4j.PatternLayout">
			<param name="ConversionPattern" value="[%d{dd HH:mm:ss,SSS\} %-5p] [%t] %c{2\} - %m%n" />
		</layout>
	</appender>

	<appender name="info" class="org.apache.log4j.DailyRollingFileAppender">
		<param name="File" value="logs/backup_info/info" />
		<param name="DatePattern" value="'_'yyyy-MM-dd-HH'.log'" />
		<param name="Append" value="true" />
		<layout class="org.apache.log4j.PatternLayout">
			<param name="ConversionPattern" value="[%d{HH:mm:ss}][%t] - %m%n" />
		</layout>
		<filter class="org.apache.log4j.varia.LevelRangeFilter">
			<param name="LevelMin" value="INFO" />
			<param name="LevelMax" value="ERROR" />
		</filter>
	</appender>

	<appender name="asyn_info" class="org.apache.log4j.AsyncAppender">
		<param name="BufferSize" value="1024" />
		<param name="LocationInfo" value="true" />
		<appender-ref ref="info" />
	</appender>

	<appender name="exception" class="org.apache.log4j.rolling.RollingFileAppender">
		<rollingPolicy class="org.apache.log4j.rolling.TimeBasedRollingPolicy">
			<param name="FileNamePattern"
				value="logs/backup_exception/exception.log.%d{yyyy-MM-dd}" />
		</rollingPolicy>
		<layout class="org.apache.log4j.PatternLayout">
			<param name="ConversionPattern" value="%d{MM-dd HH:mm:ss} %p %F:%L - %m%n" />
		</layout>
	</appender>

	<logger name="EXCEPTION">
		<level value="ALL" />
		<appender-ref ref="exception" />
	</logger>

	<!-- 根logger的设置 -->
	<root>
		<priority value="debug" />
		<appender-ref ref="asyn_info" />
		<appender-ref ref="console" />
	</root>

</log4j:configuration> 