<?xml version="1.0" encoding="UTF-8"?>
<!-- Copyright 2010 simon Licensed under the Apache License, Version 2.0 
	(the "License"); you may not use this file except in compliance with the 
	License. You may obtain a copy of the License at http://www.apache.org/licenses/LICENSE-2.0 
	Unless required by applicable law or agreed to in writing, software distributed 
	under the License is distributed on an "AS IS" BASIS, WITHOUT WARRANTIES 
	OR CONDITIONS OF ANY KIND, either express or implied. See the License for 
	the specific language governing permissions and limitations under the License. -->
<processing xmlns="http://kabeja.org/processing/1.0"
	xmlns:xi="http://www.w3.org/2001/XInclude">

	<configuration>
		<filters>
			<filter class="org.kabeja.inkscape.xml.SAXInkscapeLayerFilter"
				name="inkscape.layer.filter" />
		</filters>
	</configuration>


	<!--+ | The processing pipelines + -->

	<pipelines>




		<pipeline name="Inkscape"
			description="Converts the draft to SVG using the inkscape import filter settings.">
			<postprocess name="polyline.converter" />
			<postprocess name="layer.filter" />
			<generate name="svg" />
			<filter name="rootlayer.filter" />
			<filter name="styleattribute.filter" />
			<filter name="inkscape.layer.filter" />
			<serialize name="svg" />
		</pipeline>


	</pipelines>
</processing>
