<?xml version="1.0" encoding="ISO-8859-1"?>
<project name="Joda-Money">
  <publishDate position="bottom" format="yyyy-MM-dd"/>
  <version position="bottom"/>
  <googleAnalyticsAccountId>UA-1425975-4</googleAnalyticsAccountId>

  <skin>
    <groupId>org.joda.external</groupId>
    <artifactId>reflow-maven-skin</artifactId>
    <version>1.2</version>
  </skin>

  <custom>
    <reflowSkin>
      <smoothScroll>false</smoothScroll>
      <highlightJs>true</highlightJs>
      <highlightJsTheme>github</highlightJsTheme>
      <imgLightbox>false</imgLightbox>
      <theme>bootswatch-cosmo</theme>
      <brand>
        <name>Joda-Money</name>
        <href>index.html</href>
      </brand>
      <topNav>Documentation|Releases|Development|Joda|For Enterprise</topNav>
      <bottomNav>
        <column>Documentation</column>
        <column>Releases</column>
        <column>Development</column>
        <column>Reports</column>
      </bottomNav>
      <bottomDescription><![CDATA[
        Basic monetary types for Java
      ]]></bottomDescription>
      <toc>false</toc>
      <breadcrumbs>false</breadcrumbs>
      <markPageHeader>false</markPageHeader>
      <protocolRelativeURLs>true</protocolRelativeURLs>
      <pages>
        <index>
          <sections>
            <columns>3</columns>
            <columns>1</columns>
            <body />
            <sidebar />
          </sections>
          <shortTitle>Home</shortTitle>
          <highlightJs>false</highlightJs>
        </index>
        <source-repository>
          <highlightJs>false</highlightJs>
        </source-repository>
        <issue-tracking>
          <highlightJs>false</highlightJs>
        </issue-tracking>
        <license>
          <highlightJs>false</highlightJs>
        </license>
      </pages>
    </reflowSkin>
  </custom>

  <body>
    <head>
      <![CDATA[
        <link href="https://cdnjs.cloudflare.com/ajax/libs/font-awesome/4.2.0/css/font-awesome.min.css" rel="stylesheet"/>
        <link rel="author" href="https://plus.google.com/113137868744510231215"/>]]>
    </head>

    <menu name="Documentation">
      <item name="Home" href="index.html"/>
      <item name="User guide" href="userguide.html"/>
      <item name="Javadoc" href="apidocs/index.html"/>
      <item name="License" href="licenses.html"/>
    </menu>

    <menu name="Releases">
      <item name="Release notes" href="changes-report.html"/>
      <item name="Dependency info" href="dependency-info.html"/>
      <item name="Download" href="download.html"/>
    </menu>

    <menu name="Development">
      <item name="GitHub" href="https://github.com/JodaOrg/joda-money"/>
      <item name="Bugs/Issues" href="https://github.com/JodaOrg/joda-money/issues"/>
      <item name="Test results" href="surefire-report.html"/>
      <item name="Test coverage" href="/jacoco/index.html"/>
    </menu>

    <menu name="Joda">
      <item name="Home" href="https://www.joda.org"/>
      <item name="Beans" href="https://www.joda.org/joda-beans/"/>
      <item name="Convert" href="https://www.joda.org/joda-convert/"/>
      <item name="Time" href="https://www.joda.org/joda-time/"/>
    </menu>

    <menu name="For Enterprise">
      <item name="Tidelift" href="enterprise.html"/>
    </menu>

    <menu name="Reports" ref="reports"/>
  </body>
</project>
