<?xml version="1.0"?>
<project xsi:schemaLocation="http://maven.apache.org/POM/4.0.0 https://maven.apache.org/xsd/maven-4.0.0.xsd" xmlns="http://maven.apache.org/POM/4.0.0"
    xmlns:xsi="http://www.w3.org/2001/XMLSchema-instance">
  <modelVersion>4.0.0</modelVersion>
  <parent>
    <groupId>org.sonatype.oss</groupId>
    <artifactId>oss-parent</artifactId>
    <version>7</version>
  </parent>
  <groupId>net.rcarz</groupId>
  <artifactId>jira-client</artifactId>
  <version>0.6-SNAPSHOT</version>
  <name>jira-client</name>
  <description>A simple JIRA REST client</description>
  <url>https://github.com/rcarz/jira-client</url>
  <licenses>
    <license>
      <name>GNU Lesser General Public License (LGPL)</name>
      <url>http://www.gnu.org/licenses/lgpl.html</url>
      <distribution>repo</distribution>
    </license>
  </licenses>
  <developers>
    <developer>
      <id>rcarz</id>
      <name>Bob Carroll</name>
      <email>bob.carroll@alum.rit.edu</email>
    </developer>
  </developers>
  <scm>
    <connection>https://github.com/rcarz/jira-client</connection>
    <url>https://github.com/rcarz/jira-client</url>
  </scm>
  <dependencies>
    <dependency>
      <groupId>org.apache.httpcomponents</groupId>
      <artifactId>httpclient</artifactId>
      <version>4.2.5</version>
    </dependency>
    <dependency>
      <groupId>org.apache.httpcomponents</groupId>
      <artifactId>httpmime</artifactId>
      <version>4.2.5</version>
    </dependency>
    <dependency>
      <groupId>net.sf.json-lib</groupId>
      <artifactId>json-lib</artifactId>
      <version>2.4</version>
      <classifier>jdk15</classifier>
    </dependency>
    <dependency>
      <groupId>joda-time</groupId>
      <artifactId>joda-time</artifactId>
      <version>2.3</version>
    </dependency>
    <dependency>
      <groupId>junit</groupId>
      <artifactId>junit</artifactId>
      <version>4.12</version>
      <scope>test</scope>
    </dependency>
    <dependency>
      <groupId>org.powermock</groupId>
      <artifactId>powermock-module-junit4</artifactId>
      <version>1.6.3</version>
      <scope>test</scope>
    </dependency>
    <dependency>
      <groupId>org.powermock</groupId>
      <artifactId>powermock-api-mockito</artifactId>
      <version>1.6.3</version>
      <scope>test</scope>
    </dependency>
    <dependency>
      <groupId>org.codehaus.groovy</groupId>
      <artifactId>groovy-all</artifactId>
      <version>2.4.6</version>
      <scope>test</scope>
    </dependency>
  </dependencies>
  <build>
    <plugins>
      <plugin>
        <groupId>org.jacoco</groupId>
        <artifactId>jacoco-maven-plugin</artifactId>
        <version>0.8.8</version>
        <executions>
          <execution>
            <id>default-prepare-agent</id>
            <goals>
              <goal>prepare-agent</goal>
            </goals>
          </execution>
          <execution>
            <id>default-report</id>
            <goals>
              <goal>report</goal>
            </goals>
          </execution>
        </executions>
      </plugin>
      <plugin>
        <artifactId>maven-assembly-plugin</artifactId>
        <version>3.2.0</version>
        <executions>
          <execution>
            <phase>package</phase>
            <goals>
              <goal>single</goal>
            </goals>
            <configuration>
              <descriptorRefs>
                <descriptorRef>jar-with-dependencies</descriptorRef>
              </descriptorRefs>
            </configuration>
          </execution>
        </executions>
      </plugin>
    </plugins>
  </build>
</project>
