<?xml version="1.0" encoding="UTF-8"?>
<project xsi:schemaLocation="http://maven.apache.org/POM/4.0.0 https://maven.apache.org/xsd/maven-4.0.0.xsd" xmlns="http://maven.apache.org/POM/4.0.0"
    xmlns:xsi="http://www.w3.org/2001/XMLSchema-instance">
  <modelVersion>4.0.0</modelVersion>
  <groupId>kg.apc</groupId>
  <artifactId>jmeter-plugins-graphs-composite</artifactId>
  <version>2.0</version>
  <name>Composite Graphs Plugins</name>
  <description>Composite Graphs Plugins</description>
  <url>http://jmeter-plugins.org/</url>
  <licenses>
    <license>
      <name>The Apache Software License, Version 2.0</name>
      <url>http://www.apache.org/licenses/LICENSE-2.0.txt</url>
      <distribution>repo</distribution>
    </license>
  </licenses>
  <developers>
    <developer>
      <id>team</id>
      <name>jmeter-plugins.org</name>
      <email>jmeter-plugins@googlegroups.com</email>
    </developer>
  </developers>
  <scm>
    <connection>https://github.com/undera/jmeter-plugins.git</connection>
    <developerConnection>git@github.com:undera/jmeter-plugins.git</developerConnection>
    <url>https://github.com/undera/jmeter-plugins</url>
  </scm>
  <properties>
    <project.build.sourceEncoding>UTF-8</project.build.sourceEncoding>
    <maven.compiler.source>1.7</maven.compiler.source>
    <maven.compiler.target>1.7</maven.compiler.target>
  </properties>
  <dependencies>
    <dependency>
      <groupId>kg.apc</groupId>
      <artifactId>jmeter-plugins-cmn-jmeter</artifactId>
      <version>0.3</version>
    </dependency>
    <dependency>
      <groupId>kg.apc</groupId>
      <artifactId>jmeter-plugins-emulators</artifactId>
      <version>0.2</version>
      <scope>test</scope>
    </dependency>
  </dependencies>
  <build>
    <plugins>
      <plugin>
        <groupId>org.jacoco</groupId>
        <artifactId>jacoco-maven-plugin</artifactId>
        <version>0.8.8</version>
        <executions>
          <execution>
            <id>default-prepare-agent</id>
            <goals>
              <goal>prepare-agent</goal>
            </goals>
          </execution>
          <execution>
            <id>default-report</id>
            <goals>
              <goal>report</goal>
            </goals>
          </execution>
        </executions>
      </plugin>
      <plugin>
        <artifactId>maven-assembly-plugin</artifactId>
        <version>3.2.0</version>
        <executions>
          <execution>
            <phase>package</phase>
            <goals>
              <goal>single</goal>
            </goals>
            <configuration>
              <descriptorRefs>
                <descriptorRef>jar-with-dependencies</descriptorRef>
              </descriptorRefs>
            </configuration>
          </execution>
        </executions>
      </plugin>
    </plugins>
  </build>
</project>
