<config>
    <libs>
        <lib>c++</lib>
        <lib>z</lib>
    </libs>
    <frameworks>
        <framework>AddressBook</framework>
        <framework>AssetsLibrary</framework>
        <framework>CoreData</framework>
        <framework>CoreLocation</framework>
        <framework>CoreMotion</framework>
        <framework>CoreTelephony</framework>
        <framework>CoreText</framework>
        <framework>MediaPlayer</framework>
        <framework>QuartzCore</framework>
        <framework>Security</framework>
        <framework>SystemConfiguration</framework>
    </frameworks>
    <exportedSymbols>
        <symbol>GPG*</symbol>
        <symbol>kGPG*</symbol>
    </exportedSymbols>
</config>