<?xml version="1.0"?>
<project xsi:schemaLocation="http://maven.apache.org/POM/4.0.0 http://maven.apache.org/xsd/maven-4.0.0.xsd" xmlns="http://maven.apache.org/POM/4.0.0"
    xmlns:xsi="http://www.w3.org/2001/XMLSchema-instance">
  <modelVersion>4.0.0</modelVersion>
  <groupId>io.github.bonigarcia</groupId>
  <artifactId>junit5-console-launcher</artifactId>
  <version>1.0.0</version>
  <properties>
    <junit-platform.version>1.8.2</junit-platform.version>
    <slf4j.version>1.7.36</slf4j.version>
    <java.version>1.8</java.version>
    <maven-surefire-plugin.version>2.22.2</maven-surefire-plugin.version>
    <maven.compiler.target>${java.version}</maven.compiler.target>
    <project.reporting.outputEncoding>${project.encondig}</project.reporting.outputEncoding>
    <project.build.sourceEncoding>${project.encondig}</project.build.sourceEncoding>
    <project.encondig>UTF-8</project.encondig>
    <logback.version>1.2.10</logback.version>
    <maven.compiler.source>${java.version}</maven.compiler.source>
    <junit-jupiter.version>5.8.2</junit-jupiter.version>
  </properties>
  <dependencies>
    <dependency>
      <groupId>org.slf4j</groupId>
      <artifactId>slf4j-api</artifactId>
      <version>1.7.36</version>
      <scope>compile</scope>
    </dependency>
    <dependency>
      <groupId>ch.qos.logback</groupId>
      <artifactId>logback-classic</artifactId>
      <version>1.2.10</version>
      <scope>compile</scope>
      <exclusions>
        <exclusion>
          <artifactId>slf4j-api</artifactId>
          <groupId>org.slf4j</groupId>
        </exclusion>
      </exclusions>
    </dependency>
    <dependency>
      <groupId>org.junit.platform</groupId>
      <artifactId>junit-platform-console-standalone</artifactId>
      <version>1.8.2</version>
      <scope>compile</scope>
    </dependency>
    <dependency>
      <groupId>ch.qos.logback</groupId>
      <artifactId>logback-core</artifactId>
      <version>1.2.10</version>
      <scope>compile</scope>
    </dependency>
  </dependencies>
  <build>
    <plugins>
      <plugin>
        <artifactId>maven-surefire-plugin</artifactId>
        <version>${maven-surefire-plugin.version}</version>
      </plugin>
    </plugins>
  </build>
</project>
