<?xml version="1.0" encoding="UTF-8"?>
<project xsi:schemaLocation="http://maven.apache.org/POM/4.0.0 http://maven.apache.org/xsd/maven-4.0.0.xsd" xmlns="http://maven.apache.org/POM/4.0.0"
    xmlns:xsi="http://www.w3.org/2001/XMLSchema-instance">
  <modelVersion>4.0.0</modelVersion>
  <groupId>fr.turri</groupId>
  <artifactId>aXMLRPC</artifactId>
  <version>1.13.0-SNAPSHOT</version>
  <name>aXMLRPC</name>
  <description>Lightweight Java XML-RPC working also on Android.</description>
  <url>https://github.com/gturri/aXMLRPC</url>
  <licenses>
    <license>
      <name>The MIT License (MIT)</name>
    </license>
  </licenses>
  <developers>
    <developer>
      <id>timroes</id>
      <name>Tim Roes</name>
      <email>mail@timroes.de</email>
    </developer>
    <developer>
      <id>gturri</id>
      <name>Guillaume Turri</name>
      <email>guillaume.turri@gmail.com</email>
    </developer>
  </developers>
  <scm>
    <connection>scm:git:https://github.com/gturri/aXMLRPC.git</connection>
    <developerConnection>scm:git:git@github.com:gturri/aXMLRPC.git</developerConnection>
    <tag>aXMLRPC-1.8.2</tag>
    <url>https://github.com/gturri/aXMLRPC</url>
  </scm>
  <distributionManagement>
    <repository>
      <id>ossrh</id>
      <url>https://oss.sonatype.org/service/local/staging/deploy/maven2/</url>
    </repository>
    <snapshotRepository>
      <id>ossrh</id>
      <url>https://oss.sonatype.org/content/repositories/snapshots</url>
    </snapshotRepository>
  </distributionManagement>
  <properties>
    <maven.compiler.source>1.7</maven.compiler.source>
    <project.build.sourceEncoding>UTF-8</project.build.sourceEncoding>
    <maven.compiler.target>1.7</maven.compiler.target>
  </properties>
  <dependencies>
    <dependency>
      <groupId>junit</groupId>
      <artifactId>junit</artifactId>
      <version>4.13.2</version>
      <scope>test</scope>
    </dependency>
    <dependency>
      <groupId>fr.turri</groupId>
      <artifactId>jISO8601</artifactId>
      <version>0.2</version>
      <scope>compile</scope>
    </dependency>
    <dependency>
      <groupId>com.github.tomakehurst</groupId>
      <artifactId>wiremock-jre8</artifactId>
      <version>2.28.0</version>
      <scope>test</scope>
    </dependency>
    <dependency>
      <groupId>org.ow2.asm</groupId>
      <artifactId>asm</artifactId>
      <version>9.1</version>
      <scope>test</scope>
    </dependency>
    <dependency>
      <groupId>org.hamcrest</groupId>
      <artifactId>hamcrest-core</artifactId>
      <version>1.3</version>
      <scope>test</scope>
    </dependency>
    <dependency>
      <groupId>com.google.errorprone</groupId>
      <artifactId>error_prone_annotations</artifactId>
      <version>2.5.1</version>
      <scope>test</scope>
    </dependency>
    <dependency>
      <groupId>org.eclipse.jetty.http2</groupId>
      <artifactId>http2-server</artifactId>
      <version>9.4.40.v20210413</version>
      <scope>test</scope>
    </dependency>
    <dependency>
      <groupId>com.jayway.jsonpath</groupId>
      <artifactId>json-path</artifactId>
      <version>2.5.0</version>
      <scope>test</scope>
    </dependency>
    <dependency>
      <groupId>com.google.j2objc</groupId>
      <artifactId>j2objc-annotations</artifactId>
      <version>1.3</version>
      <scope>test</scope>
    </dependency>
    <dependency>
      <groupId>org.eclipse.jetty</groupId>
      <artifactId>jetty-proxy</artifactId>
      <version>9.4.40.v20210413</version>
      <scope>test</scope>
    </dependency>
    <dependency>
      <groupId>javax.servlet</groupId>
      <artifactId>javax.servlet-api</artifactId>
      <version>3.1.0</version>
      <scope>test</scope>
    </dependency>
    <dependency>
      <groupId>org.eclipse.jetty</groupId>
      <artifactId>jetty-webapp</artifactId>
      <version>9.4.40.v20210413</version>
      <scope>test</scope>
    </dependency>
    <dependency>
      <groupId>org.eclipse.jetty</groupId>
      <artifactId>jetty-http</artifactId>
      <version>9.4.40.v20210413</version>
      <scope>test</scope>
    </dependency>
    <dependency>
      <groupId>com.fasterxml.jackson.core</groupId>
      <artifactId>jackson-databind</artifactId>
      <version>2.12.3</version>
      <scope>test</scope>
    </dependency>
    <dependency>
      <groupId>commons-logging</groupId>
      <artifactId>commons-logging</artifactId>
      <version>1.2</version>
      <scope>test</scope>
    </dependency>
    <dependency>
      <groupId>commons-codec</groupId>
      <artifactId>commons-codec</artifactId>
      <version>1.11</version>
      <scope>test</scope>
    </dependency>
    <dependency>
      <groupId>org.eclipse.jetty</groupId>
      <artifactId>jetty-alpn-conscrypt-server</artifactId>
      <version>9.4.40.v20210413</version>
      <scope>test</scope>
    </dependency>
    <dependency>
      <groupId>net.minidev</groupId>
      <artifactId>json-smart</artifactId>
      <version>2.4.7</version>
      <scope>test</scope>
    </dependency>
    <dependency>
      <groupId>commons-fileupload</groupId>
      <artifactId>commons-fileupload</artifactId>
      <version>1.4</version>
      <scope>test</scope>
    </dependency>
    <dependency>
      <groupId>net.javacrumbs.json-unit</groupId>
      <artifactId>json-unit-core</artifactId>
      <version>2.25.0</version>
      <scope>test</scope>
    </dependency>
    <dependency>
      <groupId>org.conscrypt</groupId>
      <artifactId>conscrypt-openjdk-uber</artifactId>
      <version>2.5.2</version>
      <scope>test</scope>
    </dependency>
    <dependency>
      <groupId>org.eclipse.jetty</groupId>
      <artifactId>jetty-alpn-client</artifactId>
      <version>9.4.40.v20210413</version>
      <scope>test</scope>
    </dependency>
    <dependency>
      <groupId>org.eclipse.jetty</groupId>
      <artifactId>jetty-client</artifactId>
      <version>9.4.40.v20210413</version>
      <scope>test</scope>
    </dependency>
    <dependency>
      <groupId>org.eclipse.jetty</groupId>
      <artifactId>jetty-continuation</artifactId>
      <version>9.4.40.v20210413</version>
      <scope>test</scope>
    </dependency>
    <dependency>
      <groupId>com.fasterxml.jackson.core</groupId>
      <artifactId>jackson-core</artifactId>
      <version>2.12.3</version>
      <scope>test</scope>
    </dependency>
    <dependency>
      <groupId>org.eclipse.jetty.http2</groupId>
      <artifactId>http2-common</artifactId>
      <version>9.4.40.v20210413</version>
      <scope>test</scope>
    </dependency>
    <dependency>
      <groupId>org.apache.httpcomponents</groupId>
      <artifactId>httpclient</artifactId>
      <version>4.5.13</version>
      <scope>test</scope>
    </dependency>
    <dependency>
      <groupId>com.github.jknack</groupId>
      <artifactId>handlebars-helpers</artifactId>
      <version>4.2.0</version>
      <scope>test</scope>
    </dependency>
    <dependency>
      <groupId>org.eclipse.jetty.http2</groupId>
      <artifactId>http2-hpack</artifactId>
      <version>9.4.40.v20210413</version>
      <scope>test</scope>
    </dependency>
    <dependency>
      <groupId>org.xmlunit</groupId>
      <artifactId>xmlunit-placeholders</artifactId>
      <version>2.8.2</version>
      <scope>test</scope>
    </dependency>
    <dependency>
      <groupId>com.google.guava</groupId>
      <artifactId>failureaccess</artifactId>
      <version>1.0.1</version>
      <scope>test</scope>
    </dependency>
    <dependency>
      <groupId>commons-io</groupId>
      <artifactId>commons-io</artifactId>
      <version>2.8.0</version>
      <scope>test</scope>
    </dependency>
    <dependency>
      <groupId>org.slf4j</groupId>
      <artifactId>slf4j-api</artifactId>
      <version>1.7.30</version>
      <scope>test</scope>
    </dependency>
    <dependency>
      <groupId>com.fasterxml.jackson.core</groupId>
      <artifactId>jackson-annotations</artifactId>
      <version>2.12.3</version>
      <scope>test</scope>
    </dependency>
    <dependency>
      <groupId>org.eclipse.jetty</groupId>
      <artifactId>jetty-server</artifactId>
      <version>9.4.40.v20210413</version>
      <scope>test</scope>
    </dependency>
    <dependency>
      <groupId>org.eclipse.jetty</groupId>
      <artifactId>jetty-servlets</artifactId>
      <version>9.4.40.v20210413</version>
      <scope>test</scope>
    </dependency>
    <dependency>
      <groupId>org.eclipse.jetty</groupId>
      <artifactId>jetty-io</artifactId>
      <version>9.4.40.v20210413</version>
      <scope>test</scope>
    </dependency>
    <dependency>
      <groupId>org.eclipse.jetty</groupId>
      <artifactId>jetty-xml</artifactId>
      <version>9.4.40.v20210413</version>
      <scope>test</scope>
    </dependency>
    <dependency>
      <groupId>org.checkerframework</groupId>
      <artifactId>checker-qual</artifactId>
      <version>3.8.0</version>
      <scope>test</scope>
    </dependency>
    <dependency>
      <groupId>com.google.code.findbugs</groupId>
      <artifactId>jsr305</artifactId>
      <version>3.0.2</version>
      <scope>test</scope>
    </dependency>
    <dependency>
      <groupId>org.eclipse.jetty</groupId>
      <artifactId>jetty-alpn-conscrypt-client</artifactId>
      <version>9.4.40.v20210413</version>
      <scope>test</scope>
    </dependency>
    <dependency>
      <groupId>org.xmlunit</groupId>
      <artifactId>xmlunit-core</artifactId>
      <version>2.8.2</version>
      <scope>test</scope>
    </dependency>
    <dependency>
      <groupId>org.xmlunit</groupId>
      <artifactId>xmlunit-legacy</artifactId>
      <version>2.8.2</version>
      <scope>test</scope>
    </dependency>
    <dependency>
      <groupId>net.minidev</groupId>
      <artifactId>accessors-smart</artifactId>
      <version>2.4.7</version>
      <scope>test</scope>
    </dependency>
    <dependency>
      <groupId>org.eclipse.jetty</groupId>
      <artifactId>jetty-alpn-server</artifactId>
      <version>9.4.40.v20210413</version>
      <scope>test</scope>
    </dependency>
    <dependency>
      <groupId>com.google.guava</groupId>
      <artifactId>guava</artifactId>
      <version>30.1.1-jre</version>
      <scope>test</scope>
    </dependency>
    <dependency>
      <groupId>org.apache.commons</groupId>
      <artifactId>commons-lang3</artifactId>
      <version>3.12.0</version>
      <scope>test</scope>
    </dependency>
    <dependency>
      <groupId>com.github.jknack</groupId>
      <artifactId>handlebars</artifactId>
      <version>4.2.0</version>
      <scope>test</scope>
    </dependency>
    <dependency>
      <groupId>org.eclipse.jetty</groupId>
      <artifactId>jetty-util-ajax</artifactId>
      <version>9.4.40.v20210413</version>
      <scope>test</scope>
    </dependency>
    <dependency>
      <groupId>com.google.guava</groupId>
      <artifactId>listenablefuture</artifactId>
      <version>9999.0-empty-to-avoid-conflict-with-guava</version>
      <scope>test</scope>
    </dependency>
    <dependency>
      <groupId>org.eclipse.jetty</groupId>
      <artifactId>jetty-security</artifactId>
      <version>9.4.40.v20210413</version>
      <scope>test</scope>
    </dependency>
    <dependency>
      <groupId>org.eclipse.jetty</groupId>
      <artifactId>jetty-servlet</artifactId>
      <version>9.4.40.v20210413</version>
      <scope>test</scope>
    </dependency>
    <dependency>
      <groupId>org.eclipse.jetty</groupId>
      <artifactId>jetty-util</artifactId>
      <version>9.4.40.v20210413</version>
      <scope>test</scope>
    </dependency>
    <dependency>
      <groupId>org.apache.httpcomponents</groupId>
      <artifactId>httpcore</artifactId>
      <version>4.4.13</version>
      <scope>test</scope>
    </dependency>
    <dependency>
      <groupId>net.sf.jopt-simple</groupId>
      <artifactId>jopt-simple</artifactId>
      <version>5.0.4</version>
      <scope>test</scope>
    </dependency>
  </dependencies>
  <build>
    <pluginManagement>
      <plugins>
        <plugin>
          <artifactId>maven-release-plugin</artifactId>
          <version>2.5.3</version>
          <configuration>
            <useReleaseProfile>false</useReleaseProfile>
            <releaseProfiles>release</releaseProfiles>
            <goals>deploy</goals>
          </configuration>
        </plugin>
      </plugins>
    </pluginManagement>
    <plugins>
      <plugin>
        <artifactId>maven-site-plugin</artifactId>
        <version>3.9.1</version>
      </plugin>
      <plugin>
        <artifactId>maven-jar-plugin</artifactId>
        <version>3.2.0</version>
        <configuration>
          <archive>
            <manifest>
              <addClasspath>true</addClasspath>
            </manifest>
          </archive>
        </configuration>
      </plugin>
      <plugin>
        <groupId>org.sonatype.plugins</groupId>
        <artifactId>nexus-staging-maven-plugin</artifactId>
        <version>1.6.8</version>
        <extensions>true</extensions>
        <configuration>
          <serverId>ossrh</serverId>
          <nexusUrl>https://oss.sonatype.org/</nexusUrl>
          <autoReleaseAfterClose>true</autoReleaseAfterClose>
        </configuration>
      </plugin>
      <plugin>
        <artifactId>maven-javadoc-plugin</artifactId>
        <version>3.3.1</version>
        <executions>
          <execution>
            <id>attach-javadocs</id>
            <goals>
              <goal>jar</goal>
            </goals>
          </execution>
        </executions>
      </plugin>
    </plugins>
  </build>
  <reporting>
    <plugins>
      <plugin>
        <artifactId>maven-project-info-reports-plugin</artifactId>
        <version>3.1.1</version>
      </plugin>
      <plugin>
        <artifactId>maven-surefire-report-plugin</artifactId>
        <version>2.22.2</version>
      </plugin>
      <plugin>
        <groupId>org.codehaus.mojo</groupId>
        <artifactId>cobertura-maven-plugin</artifactId>
        <version>2.7</version>
      </plugin>
      <plugin>
        <artifactId>maven-javadoc-plugin</artifactId>
        <version>3.3.1</version>
        <reportSets>
          <reportSet>
            <reports>
              <report>javadoc</report>
            </reports>
            <configuration>
              <destDir>doc-${project.version}</destDir>
            </configuration>
          </reportSet>
        </reportSets>
      </plugin>
      <plugin>
        <groupId>org.codehaus.mojo</groupId>
        <artifactId>findbugs-maven-plugin</artifactId>
        <version>3.0.5</version>
      </plugin>
    </plugins>
  </reporting>
  <profiles>
    <profile>
      <id>release</id>
      <build>
        <plugins>
          <plugin>
            <artifactId>maven-source-plugin</artifactId>
            <version>3.2.1</version>
            <executions>
              <execution>
                <id>attach-sources</id>
                <goals>
                  <goal>jar-no-fork</goal>
                </goals>
              </execution>
            </executions>
          </plugin>
          <plugin>
            <artifactId>maven-javadoc-plugin</artifactId>
            <version>3.3.1</version>
            <executions>
              <execution>
                <id>attach-javadocs</id>
                <goals>
                  <goal>jar</goal>
                </goals>
              </execution>
            </executions>
          </plugin>
          <plugin>
            <artifactId>maven-gpg-plugin</artifactId>
            <version>3.0.1</version>
            <executions>
              <execution>
                <id>sign-artifacts</id>
                <phase>verify</phase>
                <goals>
                  <goal>sign</goal>
                </goals>
              </execution>
            </executions>
          </plugin>
        </plugins>
      </build>
    </profile>
  </profiles>
</project>
