<?xml version="1.0"?>
<project xsi:schemaLocation="http://maven.apache.org/POM/4.0.0 https://maven.apache.org/xsd/maven-4.0.0.xsd" xmlns="http://maven.apache.org/POM/4.0.0"
    xmlns:xsi="http://www.w3.org/2001/XMLSchema-instance">
  <modelVersion>4.0.0</modelVersion>
  <parent>
    <groupId>org.sonatype.oss</groupId>
    <artifactId>oss-parent</artifactId>
    <version>7</version>
  </parent>
  <groupId>net.logstash.log4j</groupId>
  <artifactId>jsonevent-layout</artifactId>
  <version>1.8-SNAPSHOT</version>
  <name>jsonevent-layout</name>
  <description>Log4j pattern layout that conforms to the logstash json_event format</description>
  <url>http://logstash.net</url>
  <licenses>
    <license>
      <name>The Apache Software License, Version 2.0</name>
      <url>http://www.apache.org/licenses/LICENSE-2.0.txt</url>
      <distribution>repo</distribution>
    </license>
  </licenses>
  <developers>
    <developer>
      <id>lusis</id>
      <name>John E. Vincent</name>
      <email>lusis.org+github.com@gmail.com</email>
    </developer>
    <developer>
      <id>pyr</id>
      <name>Pierre-Yves Ritschard</name>
      <email>pyr@spootnik.org</email>
    </developer>
  </developers>
  <scm>
    <connection>scm:git:git@github.com:git@github.com:logstash/log4j-jsonevent-layout.git</connection>
    <developerConnection>scm:git:git@github.com:logstash/log4j-jsonevent-layout.git</developerConnection>
    <url>git@github.com:logstash/log4j-jsonevent-layout.git</url>
  </scm>
  <distributionManagement>
    <repository>
      <id>ossrh</id>
      <url>https://oss.sonatype.org/service/local/staging/deploy/maven2/</url>
    </repository>
    <snapshotRepository>
      <id>ossrh</id>
      <url>https://oss.sonatype.org/content/repositories/snapshots</url>
    </snapshotRepository>
  </distributionManagement>
  <properties>
    <project.reporting.outputEncoding>UTF-8</project.reporting.outputEncoding>
    <project.build.sourceEncoding>UTF-8</project.build.sourceEncoding>
  </properties>
  <dependencies>
    <dependency>
      <groupId>net.minidev</groupId>
      <artifactId>json-smart</artifactId>
      <version>1.1.1</version>
    </dependency>
    <dependency>
      <groupId>log4j</groupId>
      <artifactId>log4j</artifactId>
      <version>1.2.16</version>
      <scope>provided</scope>
    </dependency>
    <dependency>
      <groupId>commons-lang</groupId>
      <artifactId>commons-lang</artifactId>
      <version>2.6</version>
    </dependency>
    <dependency>
      <groupId>junit</groupId>
      <artifactId>junit</artifactId>
      <version>4.8.1</version>
      <scope>test</scope>
    </dependency>
  </dependencies>
  <build>
    <plugins>
      <plugin>
        <groupId>org.jacoco</groupId>
        <artifactId>jacoco-maven-plugin</artifactId>
        <version>0.8.8</version>
        <executions>
          <execution>
            <id>default-prepare-agent</id>
            <goals>
              <goal>prepare-agent</goal>
            </goals>
          </execution>
          <execution>
            <id>default-report</id>
            <goals>
              <goal>report</goal>
            </goals>
          </execution>
        </executions>
      </plugin>
      <plugin>
        <artifactId>maven-assembly-plugin</artifactId>
        <version>3.2.0</version>
        <executions>
          <execution>
            <phase>package</phase>
            <goals>
              <goal>single</goal>
            </goals>
            <configuration>
              <descriptorRefs>
                <descriptorRef>jar-with-dependencies</descriptorRef>
              </descriptorRefs>
            </configuration>
          </execution>
        </executions>
      </plugin>
    </plugins>
  </build>
  <profiles>
    <profile>
      <id>bundle</id>
      <build>
        <plugins>
          <plugin>
            <groupId>org.apache.felix</groupId>
            <artifactId>maven-bundle-plugin</artifactId>
            <version>2.3.7</version>
            <extensions>true</extensions>
            <configuration>
              <instructions>
                <Bundle-Name>${project.groupId}.${project.artifactId}</Bundle-Name>
                <Bundle-SymbolicName>${project.groupId}.${project.artifactId}</Bundle-SymbolicName>
                <Import-Package>!*</Import-Package>
                <Fragment-Host>org.ops4j.pax.logging.pax-logging-service;bundle-version="[1.6,1.7)"</Fragment-Host>
                <Embed-Dependency>*;scope=compile|runtime;inline=true</Embed-Dependency>
                <Implementation-Version>${project.version}</Implementation-Version>
              </instructions>
            </configuration>
          </plugin>
        </plugins>
      </build>
    </profile>
    <profile>
      <id>release-sign-artifacts</id>
      <activation>
        <property>
          <name>performRelease</name>
          <value>true</value>
        </property>
      </activation>
      <build>
        <plugins>
          <plugin>
            <artifactId>maven-gpg-plugin</artifactId>
            <executions>
              <execution>
                <id>sign-artifacts</id>
                <phase>verify</phase>
                <goals>
                  <goal>sign</goal>
                </goals>
              </execution>
            </executions>
          </plugin>
        </plugins>
      </build>
    </profile>
  </profiles>
</project>
