<assembly xmlns="http://maven.apache.org/plugins/maven-assembly-plugin/assembly/1.1.0"
  xmlns:xsi="http://www.w3.org/2001/XMLSchema-instance"
  xsi:schemaLocation="http://maven.apache.org/plugins/maven-assembly-plugin/assembly/1.1.0 http://maven.apache.org/xsd/assembly-1.1.0.xsd">
  <id>${project.version}</id>
  <includeBaseDirectory>false</includeBaseDirectory>
  <formats>
    <format>zip</format>
  </formats>
  <files>
    <file>
      <source>LICENSE.txt</source>
      <outputDirectory>google-http-java-client</outputDirectory>
    </file>
    <file>
      <source>classpath-include</source>
      <filtered>true</filtered>
      <outputDirectory>google-http-java-client</outputDirectory>
    </file>
    <file>
      <source>proguard-google-http-client.txt</source>
      <outputDirectory>google-http-java-client</outputDirectory>
    </file>
    <file>
      <source>readme.html</source>
      <filtered>true</filtered>
      <outputDirectory>google-http-java-client</outputDirectory>
    </file>
    <!-- properties files -->
    <file>
      <source>properties/google-http-client.jar.properties</source>
      <destName>google-http-client-${project.version}.jar.properties</destName>
      <outputDirectory>google-http-java-client/libs</outputDirectory>
      <filtered>true</filtered>
    </file>
    <file>
      <source>properties/google-http-client-android.jar.properties</source>
      <destName>google-http-client-android-${project.version}.jar.properties</destName>
      <outputDirectory>google-http-java-client/libs</outputDirectory>
      <filtered>true</filtered>
    </file>
    <file>
      <source>properties/google-http-client-apache-v2.jar.properties</source>
      <destName>google-http-client-apache-v2-${project.http-client.version}.jar.properties</destName>
      <outputDirectory>google-http-java-client/libs</outputDirectory>
      <filtered>true</filtered>
    </file>
    <file>
      <source>properties/google-http-client-gson.jar.properties</source>
      <destName>google-http-client-gson-${project.version}.jar.properties</destName>
      <outputDirectory>google-http-java-client/libs</outputDirectory>
      <filtered>true</filtered>
    </file>
    <file>
      <source>properties/google-http-client-jackson2.jar.properties</source>
      <destName>google-http-client-jackson2-${project.version}.jar.properties</destName>
      <outputDirectory>google-http-java-client/libs</outputDirectory>
      <filtered>true</filtered>
    </file>
    <file>
      <source>properties/google-http-client-protobuf.jar.properties</source>
      <destName>google-http-client-protobuf-${project.version}.jar.properties</destName>
      <outputDirectory>google-http-java-client/libs</outputDirectory>
      <filtered>true</filtered>
    </file>
    <file>
      <source>properties/google-http-client-xml.jar.properties</source>
      <destName>google-http-client-xml-${project.version}.jar.properties</destName>
      <outputDirectory>google-http-java-client/libs</outputDirectory>
      <filtered>true</filtered>
    </file>
    <file>
      <source>properties/gson.jar.properties</source>
      <destName>gson-${project.gson.version}.jar.properties</destName>
      <outputDirectory>google-http-java-client/libs</outputDirectory>
      <filtered>true</filtered>
    </file>
    <file>
      <source>properties/jackson-core.jar.properties</source>
      <destName>jackson-core-${project.jackson-core2.version}.jar.properties</destName>
      <outputDirectory>google-http-java-client/libs</outputDirectory>
      <filtered>true</filtered>
    </file>
    <file>
      <source>properties/protobuf-java.jar.properties</source>
      <destName>protobuf-java-${project.protobuf-java.version}.jar.properties</destName>
      <outputDirectory>google-http-java-client/libs</outputDirectory>
      <filtered>true</filtered>
    </file>
    <!-- dependencies.html -->
    <file>
      <source>../google-http-client/target/site/dependencies.html</source>
      <destName>google-http-client-dependencies.html</destName>
      <outputDirectory>google-http-java-client/dependencies</outputDirectory>
    </file>
    <file>
      <source>../google-http-client-android/target/site/dependencies.html</source>
      <destName>google-http-client-android-dependencies.html</destName>
      <outputDirectory>google-http-java-client/dependencies</outputDirectory>
    </file>
    <file>
      <source>../google-http-client-apache-v2/target/site/dependencies.html</source>
      <destName>google-http-client-apache-v2-dependencies.html</destName>
      <outputDirectory>google-http-java-client/dependencies</outputDirectory>
    </file>
    <file>
      <source>../google-http-client-gson/target/site/dependencies.html</source>
      <destName>google-http-client-gson-dependencies.html</destName>
      <outputDirectory>google-http-java-client/dependencies</outputDirectory>
    </file>
    <file>
      <source>../google-http-client-jackson2/target/site/dependencies.html</source>
      <destName>google-http-client-jackson2-dependencies.html</destName>
      <outputDirectory>google-http-java-client/dependencies</outputDirectory>
    </file>
    <file>
      <source>../google-http-client-protobuf/target/site/dependencies.html</source>
      <destName>google-http-client-protobuf-dependencies.html</destName>
      <outputDirectory>google-http-java-client/dependencies</outputDirectory>
    </file>
    <file>
      <source>../google-http-client-xml/target/site/dependencies.html</source>
      <destName>google-http-client-xml-dependencies.html</destName>
      <outputDirectory>google-http-java-client/dependencies</outputDirectory>
    </file>
  </files>
  <fileSets>
    <fileSet>
      <directory>target/site/css</directory>
      <outputDirectory>google-http-java-client/dependencies/css</outputDirectory>
    </fileSet>
    <fileSet>
      <directory>target/site/images</directory>
      <outputDirectory>google-http-java-client/dependencies/images</outputDirectory>
    </fileSet>
    <fileSet>
      <directory>licenses</directory>
      <outputDirectory>google-oauth-java-client/dependencies</outputDirectory>
    </fileSet>
    <fileSet>
      <directory>target/libs</directory>
      <outputDirectory>google-http-java-client/libs</outputDirectory>
    </fileSet>
    <fileSet>
      <directory>target/libs-sources</directory>
      <outputDirectory>google-http-java-client/libs-sources</outputDirectory>
    </fileSet>
  </fileSets>
</assembly>
