<?xml version="1.0" encoding="UTF-8"?>

<beans xmlns="http://www.springframework.org/schema/beans"
       xmlns:xsi="http://www.w3.org/2001/XMLSchema-instance"
       xmlns:jdbc="http://www.springframework.org/schema/jdbc"
       xmlns:p="http://www.springframework.org/schema/p"
       xsi:schemaLocation="http://www.springframework.org/schema/jdbc http://www.springframework.org/schema/jdbc/spring-jdbc-3.0.xsd
		http://www.springframework.org/schema/beans http://www.springframework.org/schema/beans/spring-beans-2.0.xsd">

    <bean id="propertyConfigurer"  class="org.springframework.beans.factory.config.PropertyPlaceholderConfigurer"  p:location="db.properties" />

    <bean id="dataSource"   class="org.springframework.jdbc.datasource.DriverManagerDataSource"
          p:driverClassName="${jdbc.driverClassName}"
          p:url="${jdbc.url}"
          p:username="${jdbc.username}"
          p:password="${jdbc.password}" />

    <bean id="jdbcTemplate"
          class="org.springframework.jdbc.core.simple.SimpleJdbcTemplate">
        <constructor-arg ref="dataSource" />
    </bean>

    <bean id="spitterDao"
          class="com.vonzhou.spitter.persistence.SimpleJdbcTemplateSpitterDao">
        <property name="jdbcTemplate" ref="jdbcTemplate" />
    </bean>

    <bean id="spitterDao2"
          class="com.vonzhou.spitter.persistence.NamedParameterJdbcTemplateSpitterDao">
        <property name="jdbcTemplate" ref="jdbcTemplate" />
    </bean>

    <bean id="spitterDao3"
          class="com.vonzhou.spitter.persistence.JdbcSpitterDao">
        <property name="dataSource" ref="dataSource"/>
    </bean>


</beans>
