<?xml version="1.0" encoding="UTF-8"?>
<project xsi:schemaLocation="http://maven.apache.org/POM/4.0.0 https://maven.apache.org/xsd/maven-4.0.0.xsd" xmlns="http://maven.apache.org/POM/4.0.0"
    xmlns:xsi="http://www.w3.org/2001/XMLSchema-instance">
  <modelVersion>4.0.0</modelVersion>
  <groupId>io.github.gasparbarancelli</groupId>
  <artifactId>spring-native-query</artifactId>
  <version>1.0.31-SNAPSHOT</version>
  <name>spring-native-query</name>
  <description>Spring Native Query</description>
  <url>https://github.com/gasparbarancelli/spring-native-query</url>
  <licenses>
    <license>
      <name>MIT License</name>
      <url>https://opensource.org/licenses/MIT</url>
    </license>
  </licenses>
  <developers>
    <developer>
      <name>Gaspar Barancelli Junior</name>
      <email>gasparbarancelli@gmail.com</email>
      <organization>Viasoft</organization>
      <organizationUrl>http://www.viasoft.com.br</organizationUrl>
    </developer>
  </developers>
  <scm>
    <connection>scm:git:git://github.com/gasparbarancelli/spring-native-query.git</connection>
    <developerConnection>scm:git:ssh://github.com:gasparbarancelli/spring-native-query.git</developerConnection>
    <tag>spring-native-query-1.0.29</tag>
    <url>https://github.com/gasparbarancelli/spring-native-query</url>
  </scm>
  <issueManagement>
    <system>Github</system>
    <url>https://github.com/gasparbarancelli/spring-native-query/issues</url>
  </issueManagement>
  <distributionManagement>
    <repository>
      <id>ossrh</id>
      <url>https://oss.sonatype.org/service/local/staging/deploy/maven2/</url>
    </repository>
    <snapshotRepository>
      <id>ossrh</id>
      <url>https://oss.sonatype.org/content/repositories/snapshots</url>
    </snapshotRepository>
  </distributionManagement>
  <properties>
    <java.version>1.8</java.version>
    <maven.compiler.target>1.8</maven.compiler.target>
    <source.plugin.version>3.0.1</source.plugin.version>
    <nexus.staging.maven.plugin.version>1.6.7</nexus.staging.maven.plugin.version>
    <project.reporting.outputEncoding>UTF-8</project.reporting.outputEncoding>
    <maven.scm.provider.gitexe.version>1.9.5</maven.scm.provider.gitexe.version>
    <project.build.sourceEncoding>UTF-8</project.build.sourceEncoding>
    <maven.release.plugin.version>2.5.3</maven.release.plugin.version>
    <deploy.plugin.version>2.8.2</deploy.plugin.version>
    <maven.compiler.source>1.8</maven.compiler.source>
    <maven.gpg.plugin.version>1.6</maven.gpg.plugin.version>
  </properties>
  <dependencyManagement>
    <dependencies>
      <dependency>
        <groupId>org.springframework.boot</groupId>
        <artifactId>spring-boot-dependencies</artifactId>
        <version>2.3.4.RELEASE</version>
        <type>pom</type>
        <scope>import</scope>
      </dependency>
    </dependencies>
  </dependencyManagement>
  <dependencies>
    <dependency>
      <groupId>org.springframework.boot</groupId>
      <artifactId>spring-boot-autoconfigure</artifactId>
    </dependency>
    <dependency>
      <groupId>org.springframework.boot</groupId>
      <artifactId>spring-boot-starter-data-jpa</artifactId>
    </dependency>
    <dependency>
      <groupId>com.google.guava</groupId>
      <artifactId>guava</artifactId>
      <version>29.0-jre</version>
    </dependency>
    <dependency>
      <groupId>org.mockito</groupId>
      <artifactId>mockito-core</artifactId>
      <version>2.23.0</version>
    </dependency>
    <dependency>
      <groupId>org.reflections</groupId>
      <artifactId>reflections</artifactId>
      <version>0.9.11</version>
    </dependency>
    <dependency>
      <groupId>org.springframework.boot</groupId>
      <artifactId>spring-boot-starter-test</artifactId>
      <scope>test</scope>
    </dependency>
    <dependency>
      <groupId>com.fasterxml.jackson.dataformat</groupId>
      <artifactId>jackson-dataformat-yaml</artifactId>
      <version>2.3.0</version>
    </dependency>
    <dependency>
      <groupId>com.fasterxml.jackson.core</groupId>
      <artifactId>jackson-databind</artifactId>
      <version>2.10.0.pr1</version>
    </dependency>
    <dependency>
      <groupId>org.apache.commons</groupId>
      <artifactId>commons-text</artifactId>
      <version>1.8</version>
    </dependency>
    <dependency>
      <groupId>org.jtwig</groupId>
      <artifactId>jtwig-core</artifactId>
      <version>5.87.0.RELEASE</version>
    </dependency>
  </dependencies>
  <build>
    <plugins>
      <plugin>
        <groupId>org.jacoco</groupId>
        <artifactId>jacoco-maven-plugin</artifactId>
        <version>0.8.8</version>
        <executions>
          <execution>
            <id>default-prepare-agent</id>
            <goals>
              <goal>prepare-agent</goal>
            </goals>
          </execution>
          <execution>
            <id>default-report</id>
            <goals>
              <goal>report</goal>
            </goals>
          </execution>
        </executions>
      </plugin>
      <plugin>
        <artifactId>maven-assembly-plugin</artifactId>
        <version>3.2.0</version>
        <executions>
          <execution>
            <phase>package</phase>
            <goals>
              <goal>single</goal>
            </goals>
            <configuration>
              <descriptorRefs>
                <descriptorRef>jar-with-dependencies</descriptorRef>
              </descriptorRefs>
            </configuration>
          </execution>
        </executions>
      </plugin>
    </plugins>
  </build>
  <profiles>
    <profile>
      <id>release</id>
      <build>
        <plugins>
          <plugin>
            <artifactId>maven-source-plugin</artifactId>
            <version>2.2.1</version>
            <executions>
              <execution>
                <id>attach-sources</id>
                <goals>
                  <goal>jar-no-fork</goal>
                </goals>
              </execution>
            </executions>
          </plugin>
          <plugin>
            <artifactId>maven-javadoc-plugin</artifactId>
            <version>2.9.1</version>
            <executions>
              <execution>
                <id>attach-javadocs</id>
                <goals>
                  <goal>jar</goal>
                </goals>
              </execution>
            </executions>
          </plugin>
          <plugin>
            <artifactId>maven-gpg-plugin</artifactId>
            <version>1.5</version>
            <executions>
              <execution>
                <id>sign-artifacts</id>
                <phase>verify</phase>
                <goals>
                  <goal>sign</goal>
                </goals>
              </execution>
            </executions>
          </plugin>
        </plugins>
      </build>
    </profile>
    <profile>
      <id>sign-artifacts</id>
      <activation>
        <property>
          <name>performRelease</name>
          <value>true</value>
        </property>
      </activation>
      <build>
        <plugins>
          <plugin>
            <artifactId>maven-gpg-plugin</artifactId>
            <version>${maven.gpg.plugin.version}</version>
            <executions>
              <execution>
                <id>sign-artifacts</id>
                <phase>verify</phase>
                <goals>
                  <goal>sign</goal>
                </goals>
                <configuration>
                  <homedir>${gpg.homedir}</homedir>
                  <passphrase>${gpg.passphrase}</passphrase>
                </configuration>
              </execution>
            </executions>
          </plugin>
        </plugins>
      </build>
    </profile>
  </profiles>
</project>
