<?xml version="1.0"?>
<project xsi:schemaLocation="http://maven.apache.org/POM/4.0.0 https://maven.apache.org/xsd/maven-4.0.0.xsd" xmlns="http://maven.apache.org/POM/4.0.0"
    xmlns:xsi="http://www.w3.org/2001/XMLSchema-instance">
  <modelVersion>4.0.0</modelVersion>
  <groupId>org.knowm</groupId>
  <artifactId>yank</artifactId>
  <version>3.4.1-SNAPSHOT</version>
  <name>Yank</name>
  <description>Ultra-Light JDBC Persistance Layer for Java Apps</description>
  <url>http://knowm.org/open-source/yank</url>
  <inceptionYear>2011</inceptionYear>
  <organization>
    <name>Knowm Inc.</name>
    <url>http://knowm.org/open-source/</url>
  </organization>
  <licenses>
    <license>
      <name>The Apache Software License, Version 2.0</name>
      <url>http://www.apache.org/licenses/LICENSE-2.0.txt</url>
      <distribution>repo</distribution>
      <comments>A business-friendly OSS license</comments>
    </license>
  </licenses>
  <developers>
    <developer>
      <name>Tim Molter</name>
    </developer>
  </developers>
  <prerequisites>
    <maven>3.0</maven>
  </prerequisites>
  <scm>
    <connection>scm:git:git@github.com:knowm/Yank.git</connection>
    <developerConnection>scm:git:git@github.com:knowm/Yank.git</developerConnection>
    <url>git@github.com:knowm/Yank.git</url>
  </scm>
  <issueManagement>
    <system>GitHub</system>
    <url>https://github.com/knowm/Yank/issues</url>
  </issueManagement>
  <ciManagement>
    <url>https://travis-ci.org/timmolter/Yank</url>
  </ciManagement>
  <distributionManagement>
    <repository>
      <id>sonatype-nexus-staging</id>
      <name>Nexus Release Repository</name>
      <url>https://oss.sonatype.org/service/local/staging/deploy/maven2/</url>
    </repository>
    <snapshotRepository>
      <id>sonatype-nexus-snapshots</id>
      <name>Sonatype Nexus Snapshots</name>
      <url>https://oss.sonatype.org/content/repositories/snapshots</url>
    </snapshotRepository>
    <downloadUrl>https://oss.sonatype.org/content/groups/public/org/knowm/yank</downloadUrl>
  </distributionManagement>
  <properties>
    <project.reporting.outputEncoding>UTF-8</project.reporting.outputEncoding>
    <project.build.sourceEncoding>UTF-8</project.build.sourceEncoding>
  </properties>
  <dependencies>
    <dependency>
      <groupId>commons-dbutils</groupId>
      <artifactId>commons-dbutils</artifactId>
      <version>1.7</version>
    </dependency>
    <dependency>
      <groupId>org.slf4j</groupId>
      <artifactId>slf4j-api</artifactId>
      <version>1.7.32</version>
    </dependency>
    <dependency>
      <groupId>com.zaxxer</groupId>
      <artifactId>HikariCP</artifactId>
      <version>4.0.3</version>
    </dependency>
    <dependency>
      <groupId>org.slf4j</groupId>
      <artifactId>slf4j-simple</artifactId>
      <version>1.7.32</version>
      <scope>test</scope>
    </dependency>
    <dependency>
      <groupId>mysql</groupId>
      <artifactId>mysql-connector-java</artifactId>
      <version>8.0.26</version>
      <scope>test</scope>
    </dependency>
    <dependency>
      <groupId>org.hsqldb</groupId>
      <artifactId>hsqldb</artifactId>
      <version>2.5.2</version>
      <scope>test</scope>
    </dependency>
    <dependency>
      <groupId>junit</groupId>
      <artifactId>junit</artifactId>
      <version>4.13.2</version>
      <scope>test</scope>
    </dependency>
  </dependencies>
  <build>
    <plugins>
      <plugin>
        <groupId>org.jacoco</groupId>
        <artifactId>jacoco-maven-plugin</artifactId>
        <version>0.8.8</version>
        <executions>
          <execution>
            <id>default-prepare-agent</id>
            <goals>
              <goal>prepare-agent</goal>
            </goals>
          </execution>
          <execution>
            <id>default-report</id>
            <goals>
              <goal>report</goal>
            </goals>
          </execution>
        </executions>
      </plugin>
      <plugin>
        <artifactId>maven-assembly-plugin</artifactId>
        <version>3.2.0</version>
        <executions>
          <execution>
            <phase>package</phase>
            <goals>
              <goal>single</goal>
            </goals>
            <configuration>
              <descriptorRefs>
                <descriptorRef>jar-with-dependencies</descriptorRef>
              </descriptorRefs>
            </configuration>
          </execution>
        </executions>
      </plugin>
    </plugins>
  </build>
  <profiles>
    <profile>
      <id>release-sign-artifacts</id>
      <activation>
        <property>
          <name>performRelease</name>
          <value>true</value>
        </property>
      </activation>
      <build>
        <plugins>
          <plugin>
            <artifactId>maven-gpg-plugin</artifactId>
            <version>1.6</version>
            <executions>
              <execution>
                <id>sign-artifacts</id>
                <phase>verify</phase>
                <goals>
                  <goal>sign</goal>
                </goals>
              </execution>
            </executions>
          </plugin>
        </plugins>
      </build>
    </profile>
  </profiles>
</project>
