<?xml version="1.0" encoding="UTF-8"?>
<project xsi:schemaLocation="http://maven.apache.org/POM/4.0.0 https://maven.apache.org/xsd/maven-4.0.0.xsd" xmlns="http://maven.apache.org/POM/4.0.0"
    xmlns:xsi="http://www.w3.org/2001/XMLSchema-instance">
  <modelVersion>4.0.0</modelVersion>
  <parent>
    <groupId>org.sonatype.oss</groupId>
    <artifactId>oss-parent</artifactId>
    <version>7</version>
  </parent>
  <groupId>com.github.kevinsawicki</groupId>
  <artifactId>http-request</artifactId>
  <version>6.1-SNAPSHOT</version>
  <description>Library for making HTTP requests</description>
  <url>https://github.com/kevinsawicki/http-request</url>
  <inceptionYear>2011</inceptionYear>
  <licenses>
    <license>
      <name>MIT License</name>
      <url>http://www.opensource.org/licenses/mit-license.php</url>
      <distribution>repo</distribution>
    </license>
  </licenses>
  <developers>
    <developer>
      <id>kevinsawicki</id>
      <name>Kevin Sawicki</name>
      <email>kevinsawicki@gmail.com</email>
      <url>https://github.com/kevinsawicki</url>
    </developer>
  </developers>
  <scm>
    <connection>scm:git:git://github.com/kevinsawicki/http-request.git</connection>
    <developerConnection>scm:git:git@github.com:kevinsawicki/http-request.git</developerConnection>
    <url>https://github.com/kevinsawicki/http-request</url>
  </scm>
  <issueManagement>
    <system>GitHub Issues</system>
    <url>https://github.com/kevinsawicki/http-request/issues</url>
  </issueManagement>
  <properties>
    <jetty.version>8.1.9.v20130131</jetty.version>
    <project.build.sourceEncoding>UTF-8</project.build.sourceEncoding>
  </properties>
  <dependencies>
    <dependency>
      <groupId>junit</groupId>
      <artifactId>junit</artifactId>
      <version>4.10</version>
      <scope>test</scope>
    </dependency>
    <dependency>
      <groupId>org.eclipse.jetty</groupId>
      <artifactId>jetty-server</artifactId>
      <version>${jetty.version}</version>
      <scope>test</scope>
    </dependency>
    <dependency>
      <groupId>org.eclipse.jetty</groupId>
      <artifactId>jetty-servlet</artifactId>
      <version>${jetty.version}</version>
      <scope>test</scope>
    </dependency>
    <dependency>
      <groupId>org.eclipse.jetty</groupId>
      <artifactId>jetty-servlets</artifactId>
      <version>${jetty.version}</version>
      <scope>test</scope>
    </dependency>
  </dependencies>
  <build>
    <plugins>
      <plugin>
        <groupId>org.jacoco</groupId>
        <artifactId>jacoco-maven-plugin</artifactId>
        <version>0.8.8</version>
        <executions>
          <execution>
            <id>default-prepare-agent</id>
            <goals>
              <goal>prepare-agent</goal>
            </goals>
          </execution>
          <execution>
            <id>default-report</id>
            <goals>
              <goal>report</goal>
            </goals>
          </execution>
        </executions>
      </plugin>
      <plugin>
        <artifactId>maven-assembly-plugin</artifactId>
        <version>3.2.0</version>
        <executions>
          <execution>
            <phase>package</phase>
            <goals>
              <goal>single</goal>
            </goals>
            <configuration>
              <descriptorRefs>
                <descriptorRef>jar-with-dependencies</descriptorRef>
              </descriptorRefs>
            </configuration>
          </execution>
        </executions>
      </plugin>
    </plugins>
  </build>
  <profiles>
    <profile>
      <id>sign</id>
      <build>
        <plugins>
          <plugin>
            <artifactId>maven-gpg-plugin</artifactId>
            <version>1.4</version>
            <executions>
              <execution>
                <id>sign-artifacts</id>
                <phase>verify</phase>
                <goals>
                  <goal>sign</goal>
                </goals>
              </execution>
            </executions>
          </plugin>
        </plugins>
      </build>
    </profile>
  </profiles>
</project>
