<?xml version="1.0" encoding="UTF-8"?>
<beans xmlns="http://www.springframework.org/schema/beans"
       xmlns:xsi="http://www.w3.org/2001/XMLSchema-instance"
       xmlns:aop="http://www.springframework.org/schema/aop"
       xsi:schemaLocation="http://www.springframework.org/schema/beans
     http://www.springframework.org/schema/beans/spring-beans.xsd
     http://www.springframework.org/schema/aop
     http://www.springframework.org/schema/aop/spring-aop.xsd">

    <bean id="eddie"
          class="com.vonzhou.springinaction.springidol.Instrumentalist">
        <property name="instrument">
            <bean class="com.vonzhou.springinaction.springidol.Guitar"/>
        </property>
    </bean>

    <bean id="audience"
          class="com.vonzhou.springinaction.springidol.Audience"/>

    <bean class="com.vonzhou.springinaction.springidol.ContestantIntroducer"/>

    <aop:aspectj-autoproxy/>

</beans>
