<?xml version="1.0" encoding="utf-8"?>
<!--
 Copyright 2011 CoreMedia AG
 
 Licensed under the Apache License, Version 2.0 (the "License"); 
 you may not use this file except in compliance with the License. 
 You may obtain a copy of the License at
 http://www.apache.org/licenses/LICENSE-2.0 
 
 Unless required by applicable law or agreed to in writing, 
 software distributed under the License is distributed on an "AS
 IS" BASIS, WITHOUT WARRANTIES OR CONDITIONS OF ANY KIND, either 
 express or implied. See the License for the specific language 
 governing permissions and limitations under the License.
-->
<antlib>
  <taskdef
    name="compile"
    classname="net.jangaroo.jooc.ant.JoocTask"
    />
  <macrodef name="war-package">
    <attribute name="src.main.webapp"/>
    <attribute name="target.webapp"/>
    <element name="libs"/>
    <element name="modules"/>

    <sequential>

      <unzip dest="@{target.webapp}">
        <patternset>
          <exclude name="META-INF/**"/>
        </patternset>
        <libs/>
      </unzip>

      <concat destfile="@{target.webapp}/joo/jangaroo-application.js" fixlastline="true" encoding="UTF-8">
        <filelist dir="@{target.webapp}/joo">
          <modules/>
        </filelist>
      </concat>

      <copy todir="@{target.webapp}">
        <fileset dir="@{src.main.webapp}"/>
      </copy>

    </sequential>
  </macrodef>
</antlib>
