<?xml version="1.0"?>
<project xsi:schemaLocation="http://maven.apache.org/POM/4.0.0 http://maven.apache.org/xsd/maven-4.0.0.xsd" xmlns="http://maven.apache.org/POM/4.0.0"
    xmlns:xsi="http://www.w3.org/2001/XMLSchema-instance">
  <modelVersion>4.0.0</modelVersion>
  <parent>
    <groupId>com.woorea</groupId>
    <artifactId>openstack-java-sdk</artifactId>
    <version>3.2.10-SNAPSHOT</version>
  </parent>
  <artifactId>openstack-examples</artifactId>
  <name>OpenStack Examples</name>
  <description>OpenStack Examples</description>
  <properties>
    <openstack-sdk.version>3.2.8</openstack-sdk.version>
    <project.build.sourceEncoding>UTF-8</project.build.sourceEncoding>
  </properties>
  <dependencyManagement />
  <dependencies>
    <dependency>
      <groupId>com.woorea</groupId>
      <artifactId>keystone-client</artifactId>
      <version>3.2.8</version>
      <scope>compile</scope>
      <exclusions>
        <exclusion>
          <artifactId>jackson-databind</artifactId>
          <groupId>com.fasterxml.jackson.core</groupId>
        </exclusion>
      </exclusions>
    </dependency>
    <dependency>
      <groupId>com.woorea</groupId>
      <artifactId>nova-client</artifactId>
      <version>3.2.8</version>
      <scope>compile</scope>
      <exclusions>
        <exclusion>
          <artifactId>jackson-databind</artifactId>
          <groupId>com.fasterxml.jackson.core</groupId>
        </exclusion>
      </exclusions>
    </dependency>
    <dependency>
      <groupId>com.woorea</groupId>
      <artifactId>heat-client</artifactId>
      <version>3.2.8</version>
      <scope>compile</scope>
      <exclusions>
        <exclusion>
          <artifactId>jackson-databind</artifactId>
          <groupId>com.fasterxml.jackson.core</groupId>
        </exclusion>
      </exclusions>
    </dependency>
    <dependency>
      <groupId>com.woorea</groupId>
      <artifactId>swift-client</artifactId>
      <version>3.2.8</version>
      <scope>compile</scope>
      <exclusions>
        <exclusion>
          <artifactId>jackson-databind</artifactId>
          <groupId>com.fasterxml.jackson.core</groupId>
        </exclusion>
      </exclusions>
    </dependency>
    <dependency>
      <groupId>com.woorea</groupId>
      <artifactId>quantum-client</artifactId>
      <version>3.2.8</version>
      <scope>compile</scope>
      <exclusions>
        <exclusion>
          <artifactId>jackson-databind</artifactId>
          <groupId>com.fasterxml.jackson.core</groupId>
        </exclusion>
      </exclusions>
    </dependency>
    <dependency>
      <groupId>com.woorea</groupId>
      <artifactId>glance-client</artifactId>
      <version>3.2.8</version>
      <scope>compile</scope>
      <exclusions>
        <exclusion>
          <artifactId>jackson-databind</artifactId>
          <groupId>com.fasterxml.jackson.core</groupId>
        </exclusion>
      </exclusions>
    </dependency>
    <dependency>
      <groupId>javax.xml.bind</groupId>
      <artifactId>jaxb-api</artifactId>
      <version>2.2.12</version>
      <scope>compile</scope>
    </dependency>
    <dependency>
      <groupId>org.javassist</groupId>
      <artifactId>javassist</artifactId>
      <version>3.18.1-GA</version>
      <scope>compile</scope>
    </dependency>
    <dependency>
      <groupId>com.woorea</groupId>
      <artifactId>swift-model</artifactId>
      <version>3.2.8</version>
      <scope>compile</scope>
    </dependency>
    <dependency>
      <groupId>com.woorea</groupId>
      <artifactId>glance-model</artifactId>
      <version>3.2.8</version>
      <scope>compile</scope>
    </dependency>
    <dependency>
      <groupId>com.woorea</groupId>
      <artifactId>quantum-model</artifactId>
      <version>3.2.8</version>
      <scope>compile</scope>
    </dependency>
    <dependency>
      <groupId>com.woorea</groupId>
      <artifactId>nova-model</artifactId>
      <version>3.2.8</version>
      <scope>compile</scope>
    </dependency>
    <dependency>
      <groupId>com.woorea</groupId>
      <artifactId>keystone-model</artifactId>
      <version>3.2.8</version>
      <scope>compile</scope>
    </dependency>
    <dependency>
      <groupId>com.woorea</groupId>
      <artifactId>openstack-client</artifactId>
      <version>3.2.8</version>
      <scope>compile</scope>
    </dependency>
    <dependency>
      <groupId>com.woorea</groupId>
      <artifactId>heat-model</artifactId>
      <version>3.2.8</version>
      <scope>compile</scope>
    </dependency>
    <dependency>
      <groupId>com.woorea</groupId>
      <artifactId>ceilometer-client</artifactId>
      <version>3.2.8</version>
      <scope>compile</scope>
      <exclusions>
        <exclusion>
          <artifactId>jackson-databind</artifactId>
          <groupId>com.fasterxml.jackson.core</groupId>
        </exclusion>
      </exclusions>
    </dependency>
    <dependency>
      <groupId>com.woorea</groupId>
      <artifactId>ceilometer-model</artifactId>
      <version>3.2.8</version>
      <scope>compile</scope>
    </dependency>
    <dependency>
      <groupId>com.fasterxml.jackson.core</groupId>
      <artifactId>jackson-databind</artifactId>
      <version>2.9.8</version>
      <scope>compile</scope>
      <exclusions>
        <exclusion>
          <artifactId>jackson-annotations</artifactId>
          <groupId>com.fasterxml.jackson.core</groupId>
        </exclusion>
      </exclusions>
    </dependency>
  </dependencies>
  <profiles>
    <profile>
      <id>jersey</id>
      <dependencies>
        <dependency>
          <groupId>com.woorea</groupId>
          <artifactId>jersey-connector</artifactId>
          <version>${openstack-sdk.version}</version>
        </dependency>
      </dependencies>
    </profile>
    <profile>
      <id>jersey2</id>
      <activation>
        <activeByDefault>true</activeByDefault>
      </activation>
      <dependencies>
        <dependency>
          <groupId>com.woorea</groupId>
          <artifactId>jersey2-connector</artifactId>
          <version>${openstack-sdk.version}</version>
        </dependency>
      </dependencies>
    </profile>
    <profile>
      <id>resteasy</id>
      <dependencies>
        <dependency>
          <groupId>com.woorea</groupId>
          <artifactId>resteasy-connector</artifactId>
          <version>${openstack-sdk.version}</version>
        </dependency>
      </dependencies>
    </profile>
  </profiles>
</project>
