<?xml version="1.0" encoding="UTF-8"?>
<beans xmlns="http://www.springframework.org/schema/beans"
       xmlns:xsi="http://www.w3.org/2001/XMLSchema-instance"
       xmlns:p="http://www.springframework.org/schema/p"
       xsi:schemaLocation="http://www.springframework.org/schema/beans http://www.springframework.org/schema/beans/spring-beans-3.0.xsd">


    <bean id="greetingService" class="org.springframework.remoting.rmi.RmiProxyFactoryBean">
        <property name="serviceUrl" value="rmi://localhost:1099/GreetingService"/>
        <property name="serviceInterface" value="com.vonzhou.spitter.rmiclient.GreetingService"/>
    </bean>

    <bean id="spitterService" class="org.springframework.remoting.httpinvoker.HttpInvokerProxyFactoryBean">
        <property name="serviceUrl" value="http://localhost:8080/Spitter/spitter.service"/>
        <property name="serviceInterface" value="com.vonzhou.spitter.rmiclient.SpitterService"/>
    </bean>

</beans>
