<?xml version="1.0" encoding="UTF-8"?>
<!--
  The contents of this file are subject to the OpenMRS Public License
  Version 1.0 (the "License"); you may not use this file except in
  compliance with the License. You may obtain a copy of the License at
  http://license.openmrs.org

  Software distributed under the License is distributed on an "AS IS"
  basis, WITHOUT WARRANTY OF ANY KIND, either express or implied. See the
  License for the specific language governing rights and limitations
  under the License.

  Copyright (C) OpenMRS, LLC.  All Rights Reserved.
  -->

<beans xmlns:xsi="http://www.w3.org/2001/XMLSchema-instance"
	   xmlns="http://www.springframework.org/schema/beans"
	   xsi:schemaLocation="http://www.springframework.org/schema/beans
  		    http://www.springframework.org/schema/beans/spring-beans-3.0.xsd">

	<!-- Add here beans related to the API context -->


	<!-- Services accessible via Context.getService() -->
	<bean parent="serviceContext">
		<property name="moduleService">
			<list>
				<value>${project.parent.groupId}.${project.parent.artifactId}.api.ObsService</value>
				<bean
						class="org.springframework.transaction.interceptor.TransactionProxyFactoryBean">
					<property name="transactionManager">
						<ref bean="transactionManager"/>
					</property>
					<property name="target">
						<bean class="${project.parent.groupId}.${project.parent.artifactId}.api.impl.ObsServiceImpl">
							<property name="dao">
								<bean class="${project.parent.groupId}.${project.parent.artifactId}.api.db.hibernate.HibernateFHIRDAO">
									<property name="sessionFactory">
										<ref bean="sessionFactory"/>
									</property>
								</bean>
							</property>
						</bean>
					</property>
					<property name="preInterceptors">
						<ref bean="serviceInterceptors"/>
					</property>
					<property name="transactionAttributeSource">
						<ref bean="transactionAttributeSource"/>
					</property>
				</bean>
			</list>
		</property>
	</bean>

	<bean parent="serviceContext">
		<property name="moduleService">
			<list>
				<value>${project.parent.groupId}.${project.parent.artifactId}.api.EncounterService</value>
				<bean
						class="org.springframework.transaction.interceptor.TransactionProxyFactoryBean">
					<property name="transactionManager">
						<ref bean="transactionManager"/>
					</property>
					<property name="target">
						<bean class="${project.parent.groupId}.${project.parent.artifactId}.api.impl.EncounterServiceImpl">
							<property name="dao">
								<bean class="${project.parent.groupId}.${project.parent.artifactId}.api.db.hibernate.HibernateFHIRDAO">
									<property name="sessionFactory">
										<ref bean="sessionFactory"/>
									</property>
								</bean>
							</property>
						</bean>
					</property>
					<property name="preInterceptors">
						<ref bean="serviceInterceptors"/>
					</property>
					<property name="transactionAttributeSource">
						<ref bean="transactionAttributeSource"/>
					</property>
				</bean>
			</list>
		</property>
	</bean>

	<bean parent="serviceContext">
		<property name="moduleService">
			<list>
				<value>${project.parent.groupId}.${project.parent.artifactId}.api.PatientService</value>
				<bean
						class="org.springframework.transaction.interceptor.TransactionProxyFactoryBean">
					<property name="transactionManager">
						<ref bean="transactionManager"/>
					</property>
					<property name="target">
						<bean class="${project.parent.groupId}.${project.parent.artifactId}.api.impl.PatientServiceImpl">
							<property name="dao">
								<bean class="${project.parent.groupId}.${project.parent.artifactId}.api.db.hibernate.HibernateFHIRDAO">
									<property name="sessionFactory">
										<ref bean="sessionFactory"/>
									</property>
								</bean>
							</property>
						</bean>
					</property>
					<property name="preInterceptors">
						<ref bean="serviceInterceptors"/>
					</property>
					<property name="transactionAttributeSource">
						<ref bean="transactionAttributeSource"/>
					</property>
				</bean>
			</list>
		</property>
	</bean>

	<!-- Services accessible via Context.getService() -->
	<bean parent="serviceContext">
		<property name="moduleService">
			<list>
				<value>${project.parent.groupId}.${project.parent.artifactId}.api.PractitionerService</value>
				<bean
						class="org.springframework.transaction.interceptor.TransactionProxyFactoryBean">
					<property name="transactionManager">
						<ref bean="transactionManager"/>
					</property>
					<property name="target">
						<bean class="${project.parent.groupId}.${project.parent.artifactId}.api.impl.PractitionerServiceImpl">
							<property name="dao">
								<bean class="${project.parent.groupId}.${project.parent.artifactId}.api.db.hibernate.HibernateFHIRDAO">
									<property name="sessionFactory">
										<ref bean="sessionFactory"/>
									</property>
								</bean>
							</property>
						</bean>
					</property>
					<property name="preInterceptors">
						<ref bean="serviceInterceptors"/>
					</property>
					<property name="transactionAttributeSource">
						<ref bean="transactionAttributeSource"/>
					</property>
				</bean>
			</list>
		</property>
	</bean>

	<bean parent="serviceContext">
		<property name="moduleService">
			<list>
				<value>${project.parent.groupId}.${project.parent.artifactId}.api.LocationService</value>
				<bean
						class="org.springframework.transaction.interceptor.TransactionProxyFactoryBean">
					<property name="transactionManager">
						<ref bean="transactionManager"/>
					</property>
					<property name="target">
						<bean class="${project.parent.groupId}.${project.parent.artifactId}.api.impl.LocationServiceImpl">
							<property name="dao">
								<bean class="${project.parent.groupId}.${project.parent.artifactId}.api.db.hibernate.HibernateFHIRDAO">
									<property name="sessionFactory">
										<ref bean="sessionFactory"/>
									</property>
								</bean>
							</property>
						</bean>
					</property>
					<property name="preInterceptors">
						<ref bean="serviceInterceptors"/>
					</property>
					<property name="transactionAttributeSource">
						<ref bean="transactionAttributeSource"/>
					</property>
				</bean>
			</list>
		</property>
	</bean>

	<bean parent="serviceContext">
		<property name="moduleService">
			<list>
				<value>${project.parent.groupId}.${project.parent.artifactId}.api.FamilyMemberHistoryService</value>
				<bean
						class="org.springframework.transaction.interceptor.TransactionProxyFactoryBean">
					<property name="transactionManager">
						<ref bean="transactionManager"/>
					</property>
					<property name="target">
						<bean class="${project.parent.groupId}.${project.parent.artifactId}.api.impl.FamilyMemberHistoryServiceImpl">
							<property name="dao">
								<bean class="${project.parent.groupId}.${project.parent.artifactId}.api.db.hibernate.HibernateFHIRDAO">
									<property name="sessionFactory">
										<ref bean="sessionFactory"/>
									</property>
								</bean>
							</property>
						</bean>
					</property>
					<property name="preInterceptors">
						<ref bean="serviceInterceptors"/>
					</property>
					<property name="transactionAttributeSource">
						<ref bean="transactionAttributeSource"/>
					</property>
				</bean>
			</list>
		</property>
	</bean>

	<bean parent="serviceContext">
		<property name="moduleService">
			<list>
				<value>${project.parent.groupId}.${project.parent.artifactId}.api.AppointmentService</value>
				<bean
						class="org.springframework.transaction.interceptor.TransactionProxyFactoryBean">
					<property name="transactionManager">
						<ref bean="transactionManager"/>
					</property>
					<property name="target">
						<bean class="${project.parent.groupId}.${project.parent.artifactId}.api.impl.AppointmentServiceImpl">
							<property name="dao">
								<bean class="${project.parent.groupId}.${project.parent.artifactId}.api.db.hibernate.HibernateFHIRDAO">
									<property name="sessionFactory">
										<ref bean="sessionFactory"/>
									</property>
								</bean>
							</property>
						</bean>
					</property>
					<property name="preInterceptors">
						<ref bean="serviceInterceptors"/>
					</property>
					<property name="transactionAttributeSource">
						<ref bean="transactionAttributeSource"/>
					</property>
				</bean>
			</list>
		</property>
	</bean>

	<bean parent="serviceContext">
		<property name="moduleService">
			<list>
				<value>${project.parent.groupId}.${project.parent.artifactId}.api.ConditionService</value>
				<bean
						class="org.springframework.transaction.interceptor.TransactionProxyFactoryBean">
					<property name="transactionManager">
						<ref bean="transactionManager"/>
					</property>
					<property name="target">
						<bean class="${project.parent.groupId}.${project.parent.artifactId}.api.impl.ConditionServiceImpl">
							<property name="dao">
								<bean class="${project.parent.groupId}.${project.parent.artifactId}.api.db.hibernate.HibernateFHIRDAO">
									<property name="sessionFactory">
										<ref bean="sessionFactory"/>
									</property>
								</bean>
							</property>
						</bean>
					</property>
					<property name="preInterceptors">
						<ref bean="serviceInterceptors"/>
					</property>
					<property name="transactionAttributeSource">
						<ref bean="transactionAttributeSource"/>
					</property>
				</bean>
			</list>
		</property>
	</bean>

	<bean parent="serviceContext">
		<property name="moduleService">
			<list>
				<value>${project.parent.groupId}.${project.parent.artifactId}.api.AllergyIntoleranceService</value>
				<bean
						class="org.springframework.transaction.interceptor.TransactionProxyFactoryBean">
					<property name="transactionManager">
						<ref bean="transactionManager"/>
					</property>
					<property name="target">
						<bean class="${project.parent.groupId}.${project.parent.artifactId}.api.impl.AllergyIntoleranceServiceImpl">
							<property name="dao">
								<bean class="${project.parent.groupId}.${project.parent.artifactId}.api.db.hibernate.HibernateFHIRDAO">
									<property name="sessionFactory">
										<ref bean="sessionFactory"/>
									</property>
								</bean>
							</property>
						</bean>
					</property>
					<property name="preInterceptors">
						<ref bean="serviceInterceptors"/>
					</property>
					<property name="transactionAttributeSource">
						<ref bean="transactionAttributeSource"/>
					</property>
				</bean>
			</list>
		</property>
	</bean>

	<bean parent="serviceContext">
		<property name="moduleService">
			<list>
				<value>${project.parent.groupId}.${project.parent.artifactId}.api.GroupService</value>
				<bean class="${project.parent.groupId}.${project.parent.artifactId}.api.impl.GroupServiceImpl"/>
			</list>
		</property>
	</bean>

	<bean parent="serviceContext">
		<property name="moduleService">
			<list>
				<value>${project.parent.groupId}.${project.parent.artifactId}.api.ProcedureRequestService</value>
				<bean class="${project.parent.groupId}.${project.parent.artifactId}.api.impl.ProcedureRequestServiceImpl"/>
			</list>
		</property>
	</bean>

	<bean parent="serviceContext">
		<property name="moduleService">
			<list>
				<value>${project.parent.groupId}.${project.parent.artifactId}.api.PersonService</value>
				<bean
						class="org.springframework.transaction.interceptor.TransactionProxyFactoryBean">
					<property name="transactionManager">
						<ref bean="transactionManager"/>
					</property>
					<property name="target">
						<bean class="${project.parent.groupId}.${project.parent.artifactId}.api.impl.PersonServiceImpl">
							<property name="dao">
								<bean class="${project.parent.groupId}.${project.parent.artifactId}.api.db.hibernate.HibernateFHIRDAO">
									<property name="sessionFactory">
										<ref bean="sessionFactory"/>
									</property>
								</bean>
							</property>
						</bean>
					</property>
					<property name="preInterceptors">
						<ref bean="serviceInterceptors"/>
					</property>
					<property name="transactionAttributeSource">
						<ref bean="transactionAttributeSource"/>
					</property>
				</bean>
			</list>
		</property>
	</bean>

	<bean parent="serviceContext">
		<property name="moduleService">
			<list>
				<value>${project.parent.groupId}.${project.parent.artifactId}.api.MedicationRequestService</value>
				<bean
						class="org.springframework.transaction.interceptor.TransactionProxyFactoryBean">
					<property name="transactionManager">
						<ref bean="transactionManager"/>
					</property>
					<property name="target">
						<bean class="${project.parent.groupId}.${project.parent.artifactId}.api.impl.MedicationRequestServiceImpl">
							<property name="dao">
								<bean class="${project.parent.groupId}.${project.parent.artifactId}.api.db.hibernate.HibernateFHIRDAO">
									<property name="sessionFactory">
										<ref bean="sessionFactory"/>
									</property>
								</bean>
							</property>
						</bean>
					</property>
					<property name="preInterceptors">
						<ref bean="serviceInterceptors"/>
					</property>
					<property name="transactionAttributeSource">
						<ref bean="transactionAttributeSource"/>
					</property>
				</bean>
			</list>
		</property>
	</bean>

	<bean parent="serviceContext">
		<property name="moduleService">
			<list>
				<value>${project.parent.groupId}.${project.parent.artifactId}.api.MedicationService</value>
				<bean
						class="org.springframework.transaction.interceptor.TransactionProxyFactoryBean">
					<property name="transactionManager">
						<ref bean="transactionManager"/>
					</property>
					<property name="target">
						<bean class="${project.parent.groupId}.${project.parent.artifactId}.api.impl.MedicationServiceImpl">
							<property name="dao">
								<bean class="${project.parent.groupId}.${project.parent.artifactId}.api.db.hibernate.HibernateFHIRDAO">
									<property name="sessionFactory">
										<ref bean="sessionFactory"/>
									</property>
								</bean>
							</property>
						</bean>
					</property>
					<property name="preInterceptors">
						<ref bean="serviceInterceptors"/>
					</property>
					<property name="transactionAttributeSource">
						<ref bean="transactionAttributeSource"/>
					</property>
				</bean>
			</list>
		</property>
	</bean>

	<bean parent="serviceContext">
		<property name="moduleService">
			<list>
				<value>${project.parent.groupId}.${project.parent.artifactId}.api.DiagnosticReportService</value>
				<bean
						class="org.springframework.transaction.interceptor.TransactionProxyFactoryBean">
					<property name="transactionManager">
						<ref bean="transactionManager"/>
					</property>
					<property name="target">
						<bean class="${project.parent.groupId}.${project.parent.artifactId}.api.impl.DiagnosticReportServiceImpl">
							<property name="dao">
								<bean class="${project.parent.groupId}.${project.parent.artifactId}.api.db.hibernate.HibernateFHIRDAO">
									<property name="sessionFactory">
										<ref bean="sessionFactory"/>
									</property>
								</bean>
							</property>
							<property name="handlers">
								<map>
									<entry>
										<key>
											<value>DefaultDiagnosticReportHandler</value>
										</key>
										<bean class="org.openmrs.module.fhir.api.diagnosticreport.handler.DefaultDiagnosticReportHandler"/>
									</entry>
									<entry>
										<key>
											<value>LaboratoryHandler</value>
										</key>
										<bean class="org.openmrs.module.fhir.api.diagnosticreport.handler.LaboratoryHandler"/>
									</entry>
									<entry>
										<key>
											<value>RadiologyHandler</value>
										</key>
										<bean class="org.openmrs.module.fhir.api.diagnosticreport.handler.RadiologyHandler"/>
									</entry>
								</map>
							</property>
						</bean>
					</property>
					<property name="preInterceptors">
						<ref bean="serviceInterceptors"/>
					</property>
					<property name="transactionAttributeSource">
						<ref bean="transactionAttributeSource"/>
					</property>
				</bean>
			</list>
		</property>
	</bean>

	<bean parent="serviceContext">
		<property name="moduleService">
			<list>
				<value>${project.parent.groupId}.${project.parent.artifactId}.api.RelatedPersonService</value>
				<bean
						class="org.springframework.transaction.interceptor.TransactionProxyFactoryBean">
					<property name="transactionManager">
						<ref bean="transactionManager"/>
					</property>
					<property name="target">
						<bean class="${project.parent.groupId}.${project.parent.artifactId}.api.impl.RelatedPersonServiceImpl">
							<property name="dao">
								<bean class="${project.parent.groupId}.${project.parent.artifactId}.api.db.hibernate.HibernateFHIRDAO">
									<property name="sessionFactory">
										<ref bean="sessionFactory"/>
									</property>
								</bean>
							</property>
						</bean>
					</property>
					<property name="preInterceptors">
						<ref bean="serviceInterceptors"/>
					</property>
					<property name="transactionAttributeSource">
						<ref bean="transactionAttributeSource"/>
					</property>
				</bean>
			</list>
		</property>
	</bean>

	<bean id="fhir.FHIRHelperService"
		  class="org.springframework.transaction.interceptor.TransactionProxyFactoryBean">
		<property name="transactionManager">
			<ref bean="transactionManager" />
		</property>
		<property name="target">
			<bean class="org.openmrs.module.fhir.api.impl.FHIRHelperServiceImpl">
				<property name="sessionFactory" ref="dbSessionFactory" />
			</bean>
		</property>
		<property name="preInterceptors">
			<ref bean="serviceInterceptors" />
		</property>
		<property name="transactionAttributeSource">
			<bean
					class="org.springframework.transaction.annotation.AnnotationTransactionAttributeSource" />
		</property>
	</bean>

	<bean parent="serviceContext">
		<property name="moduleService">
			<list>
				<value>org.openmrs.module.fhir.api.FHIRHelperService</value> <!-- service interface name -->
				<ref bean="fhir.FHIRHelperService"/>
			</list>
		</property>
	</bean>
</beans>
