<?xml version="1.0" encoding="UTF-8"?>
<!--
  The contents of this file are subject to the OpenMRS Public License
  Version 1.0 (the "License"); you may not use this file except in
  compliance with the License. You may obtain a copy of the License at
  http://license.openmrs.org

  Software distributed under the License is distributed on an "AS IS"
  basis, WITHOUT WARRANTY OF ANY KIND, either express or implied. See the
  License for the specific language governing rights and limitations
  under the License.

  Copyright (C) OpenMRS, LLC.  All Rights Reserved.
  -->

<!DOCTYPE sqldiff PUBLIC "-//OpenMRS//DTD OpenMRS SQL Diff Config 1.0//EN"
		"http://resources.openmrs.org/doctype/sqldiff-1.0.dtd">

<sqldiff version="1.0">
	<help>
		USE:
		The diffs are ordered by data model version number.
		The script can be run in a top down fashion and is
		expected to not fail or overwrite old data

		EXPECT:
		- "use business-database-name;" was called prior to
		calling this script
	</help>

	<!--
		<diff>
			<version>1.0-SNAPSHOT</version>
			<author>snkasthu</author>
			<date></date>
			<description></description>
			<sql></sql>
		</diff>
	 -->

</sqldiff>
