<?xml version="1.0" encoding="UTF-8"?>
<!DOCTYPE log4j:configuration SYSTEM "log4j.dtd">
<!--
~ JBoss, Home of Professional Open Source.
~ Copyright 2016, Red Hat, Inc., and individual contributors
~ as indicated by the @author tags. See the copyright.txt file in the
~ distribution for a full listing of individual contributors.
~
~ This is free software; you can redistribute it and/or modify it
~ under the terms of the GNU Lesser General Public License as
~ published by the Free Software Foundation; either version 2.1 of
~ the License, or (at your option) any later version.
~
~ This software is distributed in the hope that it will be useful,
~ but WITHOUT ANY WARRANTY; without even the implied warranty of
~ MERCHANTABILITY or FITNESS FOR A PARTICULAR PURPOSE. See the GNU
~ Lesser General Public License for more details.
~
~ You should have received a copy of the GNU Lesser General Public
~ License along with this software; if not, write to the Free
~ Software Foundation, Inc., 51 Franklin St, Fifth Floor, Boston, MA
~ 02110-1301 USA, or see the FSF site: http://www.fsf.org.
-->

<log4j:configuration xmlns:log4j="http://jakarta.apache.org/log4j/">

    <appender name="console" class="org.apache.log4j.ConsoleAppender">
        <param name="Target" value="System.out"/>
        <param name="Threshold" value="DEBUG"/>

        <layout class="org.apache.log4j.PatternLayout">
            <param name="ConversionPattern" value="%d{ABSOLUTE} {%8.8t} (%x) [%-5p,%-10c{1}] %m%n"/>
        </layout>
    </appender>

    <appender name="file" class="org.apache.log4j.FileAppender">
        <param name="File" value="logs/test.log"/>
        <param name="Append" value="false"/>
        <param name="Threshold" value="ALL"/>

        <layout class="org.apache.log4j.PatternLayout">
            <param name="ConversionPattern" value="%d [%t] %p - %m%n"/>
        </layout>
    </appender>

    <category name="com.arjuna">
        <level value="INFO"/>
        <appender-ref ref="console"/>
        <appender-ref ref="file"/>
    </category>
    <category name="jacorb">
        <level value="WARN"/>
        <appender-ref ref="console"/>
        <appender-ref ref="file"/>
    </category>
    <category name="org">
        <level value="INFO"/>
        <appender-ref ref="console"/>
        <appender-ref ref="file"/>
    </category>

</log4j:configuration>
