<?xml version="1.0"?>
<project xsi:schemaLocation="http://maven.apache.org/POM/4.0.0 https://maven.apache.org/xsd/maven-4.0.0.xsd" xmlns="http://maven.apache.org/POM/4.0.0"
    xmlns:xsi="http://www.w3.org/2001/XMLSchema-instance">
  <modelVersion>4.0.0</modelVersion>
  <parent>
    <groupId>org.aksw</groupId>
    <artifactId>nliwod</artifactId>
    <version>0.0.8</version>
    <relativePath>..</relativePath>
  </parent>
  <groupId>org.aksw.qa</groupId>
  <artifactId>annotation</artifactId>
  <version>0.3.5</version>
  <dependencies>
    <dependency>
      <groupId>org.springframework.boot</groupId>
      <artifactId>spring-boot-starter-web</artifactId>
      <exclusions>
        <exclusion>
          <artifactId>log4j-over-slf4j</artifactId>
          <groupId>org.slf4j</groupId>
        </exclusion>
        <exclusion>
          <artifactId>logback-classic</artifactId>
          <groupId>ch.qos.logback</groupId>
        </exclusion>
        <exclusion>
          <artifactId>spring-boot-starter-logging</artifactId>
          <groupId>org.springframework.boot</groupId>
        </exclusion>
      </exclusions>
    </dependency>
    <dependency>
      <groupId>edu.stanford.nlp</groupId>
      <artifactId>stanford-corenlp</artifactId>
      <version>3.6.0</version>
    </dependency>
    <dependency>
      <groupId>edu.stanford.nlp</groupId>
      <artifactId>stanford-corenlp</artifactId>
      <version>3.6.0</version>
      <classifier>models</classifier>
    </dependency>
    <dependency>
      <groupId>org.springframework.boot</groupId>
      <artifactId>spring-boot-starter-test</artifactId>
    </dependency>
    <dependency>
      <groupId>org.springframework.boot</groupId>
      <artifactId>spring-boot-starter-log4j2</artifactId>
    </dependency>
    <dependency>
      <groupId>com.googlecode.json-simple</groupId>
      <artifactId>json-simple</artifactId>
    </dependency>
    <dependency>
      <groupId>org.aksw.qa</groupId>
      <artifactId>commons</artifactId>
      <version>0.4.21</version>
      <exclusions>
        <exclusion>
          <artifactId>logback-classic</artifactId>
          <groupId>ch.qos.logback</groupId>
        </exclusion>
        <exclusion>
          <artifactId>logback-core</artifactId>
          <groupId>ch.qos.logback</groupId>
        </exclusion>
      </exclusions>
    </dependency>
    <dependency>
      <groupId>org.aksw</groupId>
      <artifactId>gerbil.nif.transfer</artifactId>
      <version>1.2.2-jena3.1</version>
      <exclusions>
        <exclusion>
          <artifactId>slf4j-log4j12</artifactId>
          <groupId>org.slf4j</groupId>
        </exclusion>
        <exclusion>
          <artifactId>jena-core</artifactId>
          <groupId>org.apache.jena</groupId>
        </exclusion>
        <exclusion>
          <artifactId>jena-arq</artifactId>
          <groupId>org.apache.jena</groupId>
        </exclusion>
      </exclusions>
    </dependency>
  </dependencies>
  <pluginRepositories>
    <pluginRepository>
      <id>spring-releases</id>
      <url>https://repo.spring.io/libs-release</url>
    </pluginRepository>
  </pluginRepositories>
  <build>
    <plugins>
      <plugin>
        <groupId>org.jacoco</groupId>
        <artifactId>jacoco-maven-plugin</artifactId>
        <version>0.8.8</version>
        <executions>
          <execution>
            <id>default-prepare-agent</id>
            <goals>
              <goal>prepare-agent</goal>
            </goals>
          </execution>
          <execution>
            <id>default-report</id>
            <goals>
              <goal>report</goal>
            </goals>
          </execution>
        </executions>
      </plugin>
      <plugin>
        <artifactId>maven-assembly-plugin</artifactId>
        <version>3.2.0</version>
        <executions>
          <execution>
            <phase>package</phase>
            <goals>
              <goal>single</goal>
            </goals>
            <configuration>
              <descriptorRefs>
                <descriptorRef>jar-with-dependencies</descriptorRef>
              </descriptorRefs>
            </configuration>
          </execution>
        </executions>
      </plugin>
    </plugins>
  </build>
</project>
