<?xml version="1.0" encoding="UTF-8"?>
<project xsi:schemaLocation="http://maven.apache.org/POM/4.0.0 https://maven.apache.org/xsd/maven-4.0.0.xsd" xmlns="http://maven.apache.org/POM/4.0.0"
    xmlns:xsi="http://www.w3.org/2001/XMLSchema-instance">
  <modelVersion>4.0.0</modelVersion>
  <parent>
    <groupId>au.com.acegi</groupId>
    <artifactId>acegi-standard-project</artifactId>
    <version>0.6.2</version>
  </parent>
  <groupId>org.lmdbjava</groupId>
  <artifactId>lmdbjava</artifactId>
  <version>0.8.3-SNAPSHOT</version>
  <name>LmdbJava</name>
  <description>Low latency Java API for the ultra-fast, embedded Symas Lightning Database (LMDB)</description>
  <inceptionYear>2016</inceptionYear>
  <organization>
    <name>The LmdbJava Open Source Project</name>
    <url>https://github.com/${github.org}</url>
  </organization>
  <licenses>
    <license>
      <name>The Apache Software License, Version 2.0</name>
      <url>http://www.apache.org/licenses/LICENSE-2.0.txt</url>
    </license>
  </licenses>
  <developers>
    <developer>
      <id>krisskross</id>
      <name>Kristoffer Sjogren</name>
      <email>stoffe -at- gmail.com</email>
      <url>http://stoffe.deephacks.org/</url>
      <organization></organization>
      <timezone>+1</timezone>
    </developer>
    <developer>
      <id>benalexau</id>
      <name>Ben Alex</name>
      <email>ben.alex@acegi.com.au</email>
      <url>https://github.com/benalexau/</url>
      <organization>Acegi Technology Pty Limited</organization>
      <timezone>+10</timezone>
    </developer>
  </developers>
  <scm>
    <connection>scm:git:git@github.com:${github.org}/${github.repo}.git</connection>
    <developerConnection>scm:git:git@github.com:${github.org}/${github.repo}.git</developerConnection>
    <url>git@github.com:${github.org}/${github.repo}.git</url>
  </scm>
  <issueManagement>
    <system>GitHub Issues</system>
    <url>https://github.com/${github.org}/${github.repo}/issues</url>
  </issueManagement>
  <ciManagement>
    <system>GitHub Actions</system>
    <url>https://github.com/${github.org}/${github.repo}/actions</url>
  </ciManagement>
  <properties>
    <license.licenseName>apache_v2</license.licenseName>
    <github.org>lmdbjava</github.org>
    <github.repo>lmdbjava</github.repo>
  </properties>
  <dependencies>
    <dependency>
      <groupId>com.github.jnr</groupId>
      <artifactId>jnr-constants</artifactId>
      <version>0.9.15</version>
    </dependency>
    <dependency>
      <groupId>com.github.jnr</groupId>
      <artifactId>jnr-ffi</artifactId>
      <version>2.2.2</version>
    </dependency>
    <dependency>
      <groupId>com.google.code.findbugs</groupId>
      <artifactId>annotations</artifactId>
    </dependency>
    <dependency>
      <groupId>com.google.guava</groupId>
      <artifactId>guava</artifactId>
      <version>30.1.1-jre</version>
      <scope>test</scope>
      <exclusions>
        <exclusion>
          <artifactId>jsr305</artifactId>
          <groupId>com.google.code.findbugs</groupId>
        </exclusion>
      </exclusions>
    </dependency>
    <dependency>
      <groupId>com.jakewharton.byteunits</groupId>
      <artifactId>byteunits</artifactId>
      <version>0.9.1</version>
      <scope>test</scope>
    </dependency>
    <dependency>
      <groupId>io.netty</groupId>
      <artifactId>netty-all</artifactId>
      <version>4.1.66.Final</version>
      <optional>true</optional>
    </dependency>
    <dependency>
      <groupId>junit</groupId>
      <artifactId>junit</artifactId>
    </dependency>
    <dependency>
      <groupId>org.agrona</groupId>
      <artifactId>agrona</artifactId>
      <version>1.11.0</version>
      <optional>true</optional>
    </dependency>
    <dependency>
      <groupId>org.hamcrest</groupId>
      <artifactId>hamcrest</artifactId>
    </dependency>
    <dependency>
      <groupId>org.lmdbjava</groupId>
      <artifactId>lmdbjava-native-linux-x86_64</artifactId>
      <version>0.9.24-1</version>
      <optional>true</optional>
    </dependency>
    <dependency>
      <groupId>org.lmdbjava</groupId>
      <artifactId>lmdbjava-native-osx-x86_64</artifactId>
      <version>0.9.24-1</version>
      <optional>true</optional>
    </dependency>
    <dependency>
      <groupId>org.lmdbjava</groupId>
      <artifactId>lmdbjava-native-windows-x86_64</artifactId>
      <version>0.9.24-1</version>
      <optional>true</optional>
    </dependency>
  </dependencies>
  <build>
    <plugins>
      <plugin>
        <groupId>org.jacoco</groupId>
        <artifactId>jacoco-maven-plugin</artifactId>
        <version>0.8.8</version>
        <executions>
          <execution>
            <id>default-prepare-agent</id>
            <goals>
              <goal>prepare-agent</goal>
            </goals>
          </execution>
          <execution>
            <id>default-report</id>
            <goals>
              <goal>report</goal>
            </goals>
          </execution>
        </executions>
      </plugin>
      <plugin>
        <artifactId>maven-assembly-plugin</artifactId>
        <version>3.2.0</version>
        <executions>
          <execution>
            <phase>package</phase>
            <goals>
              <goal>single</goal>
            </goals>
            <configuration>
              <descriptorRefs>
                <descriptorRef>jar-with-dependencies</descriptorRef>
              </descriptorRefs>
            </configuration>
          </execution>
        </executions>
      </plugin>
    </plugins>
  </build>
  <profiles>
    <profile>
      <id>add-opens-on-java-9-and-above</id>
      <activation>
        <jdk>[1.9</jdk>
      </activation>
      <build>
        <plugins>
          <plugin>
            <artifactId>maven-surefire-plugin</artifactId>
            <configuration>
              <argLine>--add-opens java.base/java.nio=ALL-UNNAMED --add-opens java.base/sun.nio.ch=ALL-UNNAMED</argLine>
            </configuration>
          </plugin>
        </plugins>
      </build>
    </profile>
  </profiles>
</project>
