<?xml version="1.0"?>
<project xsi:schemaLocation="http://maven.apache.org/POM/4.0.0 https://maven.apache.org/xsd/maven-4.0.0.xsd" xmlns="http://maven.apache.org/POM/4.0.0"
    xmlns:xsi="http://www.w3.org/2001/XMLSchema-instance">
  <modelVersion>4.0.0</modelVersion>
  <parent>
    <groupId>com.github.jcustenborder.kafka.connect</groupId>
    <artifactId>kafka-connect-parent</artifactId>
    <version>2.8.0-1</version>
  </parent>
  <artifactId>kafka-connect-spooldir</artifactId>
  <version>2.0-SNAPSHOT</version>
  <name>kafka-connect-spooldir</name>
  <description>A Kafka Connect connector reading delimited files from the file system.</description>
  <url>https://github.com/jcustenborder/kafka-connect-spooldir</url>
  <inceptionYear>2016</inceptionYear>
  <licenses>
    <license>
      <name>Apache License 2.0</name>
      <url>https:/github.com/jcustenborder/kafka-connect-spooldir/LICENSE</url>
      <distribution>repo</distribution>
    </license>
  </licenses>
  <developers>
    <developer>
      <id>jcustenborder</id>
      <name>Jeremy Custenborder</name>
      <url>https://github.com/jcustenborder</url>
      <roles>
        <role>Committer</role>
      </roles>
    </developer>
  </developers>
  <scm>
    <connection>scm:git:https://github.com/jcustenborder/kafka-connect-spooldir.git</connection>
    <developerConnection>scm:git:git@github.com:jcustenborder/kafka-connect-spooldir.git</developerConnection>
    <url>https://github.com/jcustenborder/kafka-connect-spooldir</url>
  </scm>
  <issueManagement>
    <system>github</system>
    <url>https://github.com/jcustenborder/kafka-connect-spooldir/issues</url>
  </issueManagement>
  <dependencies>
    <dependency>
      <groupId>com.github.jcustenborder.kafka.connect</groupId>
      <artifactId>connect-utils-parser</artifactId>
    </dependency>
    <dependency>
      <groupId>net.sourceforge.argparse4j</groupId>
      <artifactId>argparse4j</artifactId>
      <version>0.7.0</version>
      <scope>provided</scope>
    </dependency>
    <dependency>
      <groupId>com.opencsv</groupId>
      <artifactId>opencsv</artifactId>
      <version>4.6</version>
    </dependency>
    <dependency>
      <groupId>commons-beanutils</groupId>
      <artifactId>commons-beanutils</artifactId>
      <version>1.9.4</version>
    </dependency>
    <dependency>
      <groupId>io.confluent</groupId>
      <artifactId>kafka-connect-avro-converter</artifactId>
      <version>5.2.1</version>
      <scope>provided</scope>
    </dependency>
    <dependency>
      <groupId>org.apache.commons</groupId>
      <artifactId>commons-compress</artifactId>
      <version>[1.19,)</version>
    </dependency>
    <dependency>
      <groupId>com.github.jcustenborder.parsers</groupId>
      <artifactId>extended-log-format</artifactId>
      <version>[0.0.2.12, 0.0.2.1000)</version>
    </dependency>
  </dependencies>
  <build>
    <plugins>
      <plugin>
        <groupId>org.jacoco</groupId>
        <artifactId>jacoco-maven-plugin</artifactId>
        <version>0.8.8</version>
        <executions>
          <execution>
            <id>default-prepare-agent</id>
            <goals>
              <goal>prepare-agent</goal>
            </goals>
          </execution>
          <execution>
            <id>default-report</id>
            <goals>
              <goal>report</goal>
            </goals>
          </execution>
        </executions>
      </plugin>
      <plugin>
        <artifactId>maven-assembly-plugin</artifactId>
        <version>3.2.0</version>
        <executions>
          <execution>
            <phase>package</phase>
            <goals>
              <goal>single</goal>
            </goals>
            <configuration>
              <descriptorRefs>
                <descriptorRef>jar-with-dependencies</descriptorRef>
              </descriptorRefs>
            </configuration>
          </execution>
        </executions>
      </plugin>
    </plugins>
  </build>
</project>
