<?xml version="1.0" encoding="UTF-8" ?>
<!DOCTYPE configuration PUBLIC "-//mybatis.org//DTD Config 3.0//EN" "http://mybatis.org/dtd/mybatis-3-config.dtd">

<configuration>
	<environments default="development">
		<environment id="development">
			<transactionManager type="JDBC" />
			<dataSource type="POOLED">
				<property name="driver" value="org.neo4j.jdbc.bolt.BoltDriver" />
				<property name="url" value="jdbc:neo4j:bolt://localhost?nossl" />
				<property name="username" value="neo4j" />
				<property name="password" value="neo4j" />
			</dataSource>
		</environment>
	</environments>
	<mappers>
		<mapper resource="org/neo4j/jdbc/example/mybatis/mapper/ActorMapper.xml" />
	</mappers>
</configuration>
