<?xml version="1.0"?>
<project xsi:schemaLocation="http://maven.apache.org/POM/4.0.0 http://maven.apache.org/xsd/maven-4.0.0.xsd" xmlns="http://maven.apache.org/POM/4.0.0"
    xmlns:xsi="http://www.w3.org/2001/XMLSchema-instance">
  <modelVersion>4.0.0</modelVersion>
  <groupId>com.vonzhou.learn</groupId>
  <artifactId>spring-security-demo</artifactId>
  <version>1.0-SNAPSHOT</version>
  <packaging>war</packaging>
  <name>spring-security-demo Maven Webapp</name>
  <url>http://maven.apache.org</url>
  <dependencyManagement>
    <dependencies>
      <dependency>
        <groupId>org.apache.tiles</groupId>
        <artifactId>tiles-request-servlet</artifactId>
        <version>1.0.6</version>
        <scope>compile</scope>
      </dependency>
    </dependencies>
  </dependencyManagement>
  <dependencies>
    <dependency>
      <groupId>org.springframework</groupId>
      <artifactId>spring-core</artifactId>
      <version>4.2.5.RELEASE</version>
      <scope>compile</scope>
    </dependency>
    <dependency>
      <groupId>org.springframework</groupId>
      <artifactId>spring-beans</artifactId>
      <version>4.2.5.RELEASE</version>
      <scope>compile</scope>
      <exclusions>
        <exclusion>
          <artifactId>spring-core</artifactId>
          <groupId>org.springframework</groupId>
        </exclusion>
      </exclusions>
    </dependency>
    <dependency>
      <groupId>org.springframework</groupId>
      <artifactId>spring-web</artifactId>
      <version>4.2.5.RELEASE</version>
      <scope>compile</scope>
      <exclusions>
        <exclusion>
          <artifactId>spring-beans</artifactId>
          <groupId>org.springframework</groupId>
        </exclusion>
        <exclusion>
          <artifactId>spring-core</artifactId>
          <groupId>org.springframework</groupId>
        </exclusion>
        <exclusion>
          <artifactId>spring-context</artifactId>
          <groupId>org.springframework</groupId>
        </exclusion>
      </exclusions>
    </dependency>
    <dependency>
      <groupId>org.springframework</groupId>
      <artifactId>spring-context</artifactId>
      <version>4.2.5.RELEASE</version>
      <scope>compile</scope>
      <exclusions>
        <exclusion>
          <artifactId>spring-beans</artifactId>
          <groupId>org.springframework</groupId>
        </exclusion>
        <exclusion>
          <artifactId>spring-core</artifactId>
          <groupId>org.springframework</groupId>
        </exclusion>
      </exclusions>
    </dependency>
    <dependency>
      <groupId>org.springframework</groupId>
      <artifactId>spring-tx</artifactId>
      <version>4.2.5.RELEASE</version>
      <scope>compile</scope>
      <exclusions>
        <exclusion>
          <artifactId>spring-beans</artifactId>
          <groupId>org.springframework</groupId>
        </exclusion>
        <exclusion>
          <artifactId>spring-core</artifactId>
          <groupId>org.springframework</groupId>
        </exclusion>
      </exclusions>
    </dependency>
    <dependency>
      <groupId>org.springframework</groupId>
      <artifactId>spring-orm</artifactId>
      <version>4.2.5.RELEASE</version>
      <scope>compile</scope>
      <exclusions>
        <exclusion>
          <artifactId>spring-beans</artifactId>
          <groupId>org.springframework</groupId>
        </exclusion>
        <exclusion>
          <artifactId>spring-core</artifactId>
          <groupId>org.springframework</groupId>
        </exclusion>
        <exclusion>
          <artifactId>spring-tx</artifactId>
          <groupId>org.springframework</groupId>
        </exclusion>
      </exclusions>
    </dependency>
    <dependency>
      <groupId>org.aspectj</groupId>
      <artifactId>aspectjweaver</artifactId>
      <version>1.6.4</version>
      <scope>compile</scope>
    </dependency>
    <dependency>
      <groupId>org.springframework</groupId>
      <artifactId>spring-webmvc</artifactId>
      <version>4.2.5.RELEASE</version>
      <scope>compile</scope>
      <exclusions>
        <exclusion>
          <artifactId>spring-beans</artifactId>
          <groupId>org.springframework</groupId>
        </exclusion>
        <exclusion>
          <artifactId>spring-context</artifactId>
          <groupId>org.springframework</groupId>
        </exclusion>
        <exclusion>
          <artifactId>spring-core</artifactId>
          <groupId>org.springframework</groupId>
        </exclusion>
        <exclusion>
          <artifactId>spring-web</artifactId>
          <groupId>org.springframework</groupId>
        </exclusion>
      </exclusions>
    </dependency>
    <dependency>
      <groupId>javax.servlet</groupId>
      <artifactId>servlet-api</artifactId>
      <version>2.5</version>
      <scope>provided</scope>
    </dependency>
    <dependency>
      <groupId>javax.servlet.jsp</groupId>
      <artifactId>jsp-api</artifactId>
      <version>2.0</version>
      <scope>provided</scope>
    </dependency>
    <dependency>
      <groupId>javax.servlet</groupId>
      <artifactId>jstl</artifactId>
      <version>1.2</version>
      <scope>compile</scope>
    </dependency>
    <dependency>
      <groupId>mysql</groupId>
      <artifactId>mysql-connector-java</artifactId>
      <version>5.1.34</version>
      <scope>compile</scope>
    </dependency>
    <dependency>
      <groupId>org.hibernate</groupId>
      <artifactId>hibernate-core</artifactId>
      <version>5.0.7.Final</version>
      <scope>compile</scope>
      <exclusions>
        <exclusion>
          <artifactId>geronimo-jta_1.1_spec</artifactId>
          <groupId>org.apache.geronimo.specs</groupId>
        </exclusion>
      </exclusions>
    </dependency>
    <dependency>
      <groupId>org.hibernate</groupId>
      <artifactId>hibernate-validator</artifactId>
      <version>5.2.2.Final</version>
      <scope>compile</scope>
    </dependency>
    <dependency>
      <groupId>org.apache.tiles</groupId>
      <artifactId>tiles-extras</artifactId>
      <version>3.0.5</version>
      <scope>compile</scope>
      <exclusions>
        <exclusion>
          <artifactId>tiles-request-servlet-wildcard</artifactId>
          <groupId>org.apache.tiles</groupId>
        </exclusion>
        <exclusion>
          <artifactId>tiles-freemarker</artifactId>
          <groupId>org.apache.tiles</groupId>
        </exclusion>
        <exclusion>
          <artifactId>jsr305</artifactId>
          <groupId>com.google.code.findbugs</groupId>
        </exclusion>
        <exclusion>
          <artifactId>tiles-el</artifactId>
          <groupId>org.apache.tiles</groupId>
        </exclusion>
        <exclusion>
          <artifactId>tiles-request-mustache</artifactId>
          <groupId>org.apache.tiles</groupId>
        </exclusion>
        <exclusion>
          <artifactId>spring-web</artifactId>
          <groupId>org.springframework</groupId>
        </exclusion>
        <exclusion>
          <artifactId>tiles-jsp</artifactId>
          <groupId>org.apache.tiles</groupId>
        </exclusion>
        <exclusion>
          <artifactId>tiles-servlet</artifactId>
          <groupId>org.apache.tiles</groupId>
        </exclusion>
        <exclusion>
          <artifactId>commons-lang</artifactId>
          <groupId>commons-lang</groupId>
        </exclusion>
      </exclusions>
    </dependency>
    <dependency>
      <groupId>commons-io</groupId>
      <artifactId>commons-io</artifactId>
      <version>2.4</version>
      <scope>compile</scope>
    </dependency>
    <dependency>
      <groupId>commons-lang</groupId>
      <artifactId>commons-lang</artifactId>
      <version>2.6</version>
      <scope>compile</scope>
    </dependency>
    <dependency>
      <groupId>commons-fileupload</groupId>
      <artifactId>commons-fileupload</artifactId>
      <version>1.3.1</version>
      <scope>compile</scope>
      <exclusions>
        <exclusion>
          <artifactId>commons-io</artifactId>
          <groupId>commons-io</groupId>
        </exclusion>
      </exclusions>
    </dependency>
    <dependency>
      <groupId>org.springframework.security</groupId>
      <artifactId>spring-security-core</artifactId>
      <version>4.0.4.RELEASE</version>
      <scope>compile</scope>
      <exclusions>
        <exclusion>
          <artifactId>spring-beans</artifactId>
          <groupId>org.springframework</groupId>
        </exclusion>
        <exclusion>
          <artifactId>spring-context</artifactId>
          <groupId>org.springframework</groupId>
        </exclusion>
        <exclusion>
          <artifactId>spring-core</artifactId>
          <groupId>org.springframework</groupId>
        </exclusion>
      </exclusions>
    </dependency>
    <dependency>
      <groupId>org.springframework.security</groupId>
      <artifactId>spring-security-config</artifactId>
      <version>4.0.4.RELEASE</version>
      <scope>compile</scope>
      <exclusions>
        <exclusion>
          <artifactId>spring-security-core</artifactId>
          <groupId>org.springframework.security</groupId>
        </exclusion>
        <exclusion>
          <artifactId>spring-beans</artifactId>
          <groupId>org.springframework</groupId>
        </exclusion>
        <exclusion>
          <artifactId>spring-context</artifactId>
          <groupId>org.springframework</groupId>
        </exclusion>
        <exclusion>
          <artifactId>spring-core</artifactId>
          <groupId>org.springframework</groupId>
        </exclusion>
      </exclusions>
    </dependency>
    <dependency>
      <groupId>org.springframework.security</groupId>
      <artifactId>spring-security-web</artifactId>
      <version>4.0.4.RELEASE</version>
      <scope>compile</scope>
      <exclusions>
        <exclusion>
          <artifactId>spring-security-core</artifactId>
          <groupId>org.springframework.security</groupId>
        </exclusion>
        <exclusion>
          <artifactId>spring-beans</artifactId>
          <groupId>org.springframework</groupId>
        </exclusion>
        <exclusion>
          <artifactId>spring-context</artifactId>
          <groupId>org.springframework</groupId>
        </exclusion>
        <exclusion>
          <artifactId>spring-core</artifactId>
          <groupId>org.springframework</groupId>
        </exclusion>
        <exclusion>
          <artifactId>spring-web</artifactId>
          <groupId>org.springframework</groupId>
        </exclusion>
      </exclusions>
    </dependency>
    <dependency>
      <groupId>junit</groupId>
      <artifactId>junit</artifactId>
      <version>3.8.1</version>
      <scope>test</scope>
    </dependency>
    <dependency>
      <groupId>org.springframework</groupId>
      <artifactId>spring-jdbc</artifactId>
      <version>4.2.5.RELEASE</version>
      <scope>compile</scope>
    </dependency>
    <dependency>
      <groupId>org.freemarker</groupId>
      <artifactId>freemarker</artifactId>
      <version>2.3.15</version>
      <scope>compile</scope>
    </dependency>
    <dependency>
      <groupId>org.hibernate.javax.persistence</groupId>
      <artifactId>hibernate-jpa-2.1-api</artifactId>
      <version>1.0.0.Final</version>
      <scope>compile</scope>
    </dependency>
    <dependency>
      <groupId>org.javassist</groupId>
      <artifactId>javassist</artifactId>
      <version>3.18.1-GA</version>
      <scope>compile</scope>
    </dependency>
    <dependency>
      <groupId>javax.validation</groupId>
      <artifactId>validation-api</artifactId>
      <version>1.1.0.Final</version>
      <scope>compile</scope>
    </dependency>
    <dependency>
      <groupId>com.github.spullara.mustache.java</groupId>
      <artifactId>compiler</artifactId>
      <version>0.8.4</version>
      <scope>compile</scope>
    </dependency>
    <dependency>
      <groupId>org.jboss.logging</groupId>
      <artifactId>jboss-logging</artifactId>
      <version>3.3.0.Final</version>
      <scope>compile</scope>
    </dependency>
    <dependency>
      <groupId>org.mvel</groupId>
      <artifactId>mvel2</artifactId>
      <version>2.0.11</version>
      <scope>compile</scope>
    </dependency>
    <dependency>
      <groupId>commons-digester</groupId>
      <artifactId>commons-digester</artifactId>
      <version>2.0</version>
      <scope>compile</scope>
    </dependency>
    <dependency>
      <groupId>oro</groupId>
      <artifactId>oro</artifactId>
      <version>2.0.8</version>
      <scope>compile</scope>
    </dependency>
    <dependency>
      <groupId>org.apache.tiles</groupId>
      <artifactId>tiles-compat</artifactId>
      <version>3.0.5</version>
      <scope>compile</scope>
    </dependency>
    <dependency>
      <groupId>aopalliance</groupId>
      <artifactId>aopalliance</artifactId>
      <version>1.0</version>
      <scope>compile</scope>
    </dependency>
    <dependency>
      <groupId>dom4j</groupId>
      <artifactId>dom4j</artifactId>
      <version>1.6.1</version>
      <scope>compile</scope>
    </dependency>
    <dependency>
      <groupId>org.slf4j</groupId>
      <artifactId>jcl-over-slf4j</artifactId>
      <version>1.7.6</version>
      <scope>compile</scope>
    </dependency>
    <dependency>
      <groupId>com.fasterxml</groupId>
      <artifactId>classmate</artifactId>
      <version>1.1.0</version>
      <scope>compile</scope>
    </dependency>
    <dependency>
      <groupId>ognl</groupId>
      <artifactId>ognl</artifactId>
      <version>2.7.3</version>
      <scope>compile</scope>
    </dependency>
    <dependency>
      <groupId>org.jboss</groupId>
      <artifactId>jandex</artifactId>
      <version>2.0.0.Final</version>
      <scope>compile</scope>
    </dependency>
    <dependency>
      <groupId>org.apache.tiles</groupId>
      <artifactId>tiles-request-velocity</artifactId>
      <version>1.0.6</version>
      <scope>compile</scope>
    </dependency>
    <dependency>
      <groupId>org.apache.tiles</groupId>
      <artifactId>tiles-request-freemarker</artifactId>
      <version>1.0.6</version>
      <scope>compile</scope>
    </dependency>
    <dependency>
      <groupId>org.apache.tiles</groupId>
      <artifactId>tiles-mvel</artifactId>
      <version>3.0.5</version>
      <scope>compile</scope>
    </dependency>
    <dependency>
      <groupId>org.apache.tiles</groupId>
      <artifactId>tiles-core</artifactId>
      <version>3.0.5</version>
      <scope>compile</scope>
    </dependency>
    <dependency>
      <groupId>org.apache.tiles</groupId>
      <artifactId>tiles-request-api</artifactId>
      <version>1.0.6</version>
      <scope>compile</scope>
    </dependency>
    <dependency>
      <groupId>commons-logging</groupId>
      <artifactId>commons-logging</artifactId>
      <version>1.2</version>
      <scope>compile</scope>
    </dependency>
    <dependency>
      <groupId>commons-beanutils</groupId>
      <artifactId>commons-beanutils</artifactId>
      <version>1.8.0</version>
      <scope>compile</scope>
    </dependency>
    <dependency>
      <groupId>org.apache.velocity</groupId>
      <artifactId>velocity-tools</artifactId>
      <version>2.0</version>
      <scope>compile</scope>
    </dependency>
    <dependency>
      <groupId>org.apache.tiles</groupId>
      <artifactId>tiles-ognl</artifactId>
      <version>3.0.5</version>
      <scope>compile</scope>
    </dependency>
    <dependency>
      <groupId>com.google.guava</groupId>
      <artifactId>guava</artifactId>
      <version>12.0.1</version>
      <scope>compile</scope>
    </dependency>
    <dependency>
      <groupId>org.springframework</groupId>
      <artifactId>spring-aop</artifactId>
      <version>4.2.5.RELEASE</version>
      <scope>compile</scope>
    </dependency>
    <dependency>
      <groupId>org.springframework</groupId>
      <artifactId>spring-expression</artifactId>
      <version>4.2.5.RELEASE</version>
      <scope>compile</scope>
    </dependency>
    <dependency>
      <groupId>org.apache.tiles</groupId>
      <artifactId>tiles-api</artifactId>
      <version>3.0.5</version>
      <scope>compile</scope>
    </dependency>
    <dependency>
      <groupId>antlr</groupId>
      <artifactId>antlr</artifactId>
      <version>2.7.7</version>
      <scope>compile</scope>
    </dependency>
    <dependency>
      <groupId>org.apache.tiles</groupId>
      <artifactId>tiles-velocity</artifactId>
      <version>3.0.5</version>
      <scope>compile</scope>
    </dependency>
    <dependency>
      <groupId>jboss</groupId>
      <artifactId>javassist</artifactId>
      <version>3.7.ga</version>
      <scope>compile</scope>
    </dependency>
    <dependency>
      <groupId>org.slf4j</groupId>
      <artifactId>slf4j-api</artifactId>
      <version>1.7.6</version>
      <scope>compile</scope>
    </dependency>
    <dependency>
      <groupId>commons-collections</groupId>
      <artifactId>commons-collections</artifactId>
      <version>3.2</version>
      <scope>compile</scope>
    </dependency>
    <dependency>
      <groupId>org.hibernate.common</groupId>
      <artifactId>hibernate-commons-annotations</artifactId>
      <version>5.0.1.Final</version>
      <scope>compile</scope>
    </dependency>
    <dependency>
      <groupId>org.apache.velocity</groupId>
      <artifactId>velocity</artifactId>
      <version>1.6.2</version>
      <scope>compile</scope>
    </dependency>
    <dependency>
      <groupId>xml-apis</groupId>
      <artifactId>xml-apis</artifactId>
      <version>1.0.b2</version>
      <scope>compile</scope>
    </dependency>
  </dependencies>
  <build>
    <finalName>spring-security-demo</finalName>
  </build>
</project>
