<?xml version="1.0" encoding="UTF-8"?>
<configuration>
    <appender name="stdout" class="ch.qos.logback.core.ConsoleAppender">
        <encoder>
            <pattern>%d{ISO8601} %5p [%.-10t] %c{2}:%L - %m%n</pattern>
        </encoder>
    </appender>
    <root level="WARN">
        <appender-ref ref="stdout"/>
    </root>
    <logger name="org.apache.kafka.streams.processor.internals" level="WARN"/>
    <logger name="kafka.streams.inventory.count" level="DEBUG"/>
    <logger name="org.springframework.kafka.config" level="DEBUG"/>
</configuration>