<?xml version="1.0" encoding="UTF-8"?>
<project xsi:schemaLocation="http://maven.apache.org/POM/4.0.0 http://maven.apache.org/xsd/maven-4.0.0.xsd" xmlns="http://maven.apache.org/POM/4.0.0"
    xmlns:xsi="http://www.w3.org/2001/XMLSchema-instance">
  <modelVersion>4.0.0</modelVersion>
  <parent>
    <groupId>com.lbl</groupId>
    <artifactId>springboot2demo</artifactId>
    <version>1.0-SNAPSHOT</version>
  </parent>
  <artifactId>netty-server</artifactId>
  <name>netty-server</name>
  <dependencies>
    <dependency>
      <groupId>javax.activation</groupId>
      <artifactId>activation</artifactId>
      <version>1.1.1</version>
      <scope>compile</scope>
    </dependency>
    <dependency>
      <groupId>com.google.protobuf</groupId>
      <artifactId>protobuf-java</artifactId>
      <version>3.11.4</version>
      <scope>compile</scope>
    </dependency>
    <dependency>
      <groupId>io.netty</groupId>
      <artifactId>netty-all</artifactId>
      <version>4.1.45.Final</version>
      <scope>compile</scope>
    </dependency>
    <dependency>
      <groupId>com.alibaba</groupId>
      <artifactId>fastjson</artifactId>
      <version>1.2.62</version>
      <scope>compile</scope>
    </dependency>
    <dependency>
      <groupId>org.projectlombok</groupId>
      <artifactId>lombok</artifactId>
      <version>1.18.4</version>
      <scope>provided</scope>
    </dependency>
    <dependency>
      <groupId>org.testng</groupId>
      <artifactId>testng</artifactId>
      <version>6.8.7</version>
      <scope>test</scope>
    </dependency>
    <dependency>
      <groupId>org.beanshell</groupId>
      <artifactId>bsh</artifactId>
      <version>2.0b4</version>
      <scope>test</scope>
    </dependency>
    <dependency>
      <groupId>junit</groupId>
      <artifactId>junit</artifactId>
      <version>4.12</version>
      <scope>test</scope>
    </dependency>
    <dependency>
      <groupId>org.hamcrest</groupId>
      <artifactId>hamcrest-core</artifactId>
      <version>1.3</version>
      <scope>test</scope>
    </dependency>
    <dependency>
      <groupId>org.yaml</groupId>
      <artifactId>snakeyaml</artifactId>
      <version>1.23</version>
      <scope>test</scope>
    </dependency>
    <dependency>
      <groupId>com.beust</groupId>
      <artifactId>jcommander</artifactId>
      <version>1.27</version>
      <scope>test</scope>
    </dependency>
  </dependencies>
</project>
