<?xml version="1.0"?>
<project xsi:schemaLocation="http://maven.apache.org/POM/4.0.0 https://maven.apache.org/xsd/maven-4.0.0.xsd" xmlns="http://maven.apache.org/POM/4.0.0"
    xmlns:xsi="http://www.w3.org/2001/XMLSchema-instance">
  <modelVersion>4.0.0</modelVersion>
  <groupId>org.darkphoenixs</groupId>
  <artifactId>messagequeue-framework</artifactId>
  <version>1.5.12-SNAPSHOT</version>
  <name>Message Queue Client Framework</name>
  <description>A message queue client framework (Kafka &amp; ActiveMQ &amp; RocketMQ)</description>
  <url>http://darkphoenixs.org/message-queue-client-framework/</url>
  <inceptionYear>2015</inceptionYear>
  <organization>
    <name>Dark Phoenixs</name>
    <url>http://darkphoenixs.org/</url>
  </organization>
  <licenses>
    <license>
      <name>The Apache Software License, Version 2.0</name>
      <url>http://www.apache.org/licenses/LICENSE-2.0.txt</url>
      <distribution>repo</distribution>
      <comments>A business-friendly OSS license</comments>
    </license>
  </licenses>
  <developers>
    <developer>
      <id>victorzeng</id>
      <name>Victor Zeng</name>
      <email>Victor.Zxy@outlook.com</email>
      <url>https://victorzeng.github.io/</url>
      <organization>Dark Phoenixs</organization>
      <roles>
        <role>designer</role>
        <role>developer</role>
        <role>tester</role>
      </roles>
    </developer>
  </developers>
  <scm>
    <connection>scm:git:https://github.com/DarkPhoenixs/message-queue-client-framework.git</connection>
    <developerConnection>scm:git:https://github.com/DarkPhoenixs/message-queue-client-framework.git</developerConnection>
    <url>http://darkphoenixs.org/message-queue-client-framework/</url>
  </scm>
  <issueManagement>
    <system>Github</system>
    <url>https://github.com/DarkPhoenixs/message-queue-client-framework/issues</url>
  </issueManagement>
  <distributionManagement>
    <repository>
      <id>ossrh</id>
      <url>https://oss.sonatype.org/service/local/staging/deploy/maven2/</url>
    </repository>
    <snapshotRepository>
      <id>ossrh</id>
      <url>https://oss.sonatype.org/content/repositories/snapshots/</url>
    </snapshotRepository>
  </distributionManagement>
  <properties>
    <activemq.version>5.15.9</activemq.version>
    <rocketmq.version>4.2.0</rocketmq.version>
    <test.skip>true</test.skip>
    <spring.version>4.0.0.RELEASE</spring.version>
    <jdk.version>1.7</jdk.version>
    <project.build.sourceEncoding>UTF-8</project.build.sourceEncoding>
    <kafka.version>1.0.0</kafka.version>
  </properties>
  <dependencies>
    <dependency>
      <groupId>org.springframework</groupId>
      <artifactId>spring-jms</artifactId>
      <version>${spring.version}</version>
      <scope>provided</scope>
      <optional>true</optional>
    </dependency>
    <dependency>
      <groupId>org.springframework</groupId>
      <artifactId>spring-test</artifactId>
      <version>${spring.version}</version>
      <scope>test</scope>
    </dependency>
    <dependency>
      <groupId>org.apache.activemq</groupId>
      <artifactId>activemq-client</artifactId>
      <version>${activemq.version}</version>
      <scope>provided</scope>
      <optional>true</optional>
    </dependency>
    <dependency>
      <groupId>org.apache.activemq</groupId>
      <artifactId>activemq-pool</artifactId>
      <version>${activemq.version}</version>
      <scope>provided</scope>
      <optional>true</optional>
    </dependency>
    <dependency>
      <groupId>commons-pool</groupId>
      <artifactId>commons-pool</artifactId>
      <version>1.6</version>
      <scope>provided</scope>
      <optional>true</optional>
    </dependency>
    <dependency>
      <groupId>org.apache.kafka</groupId>
      <artifactId>kafka_2.11</artifactId>
      <version>${kafka.version}</version>
      <scope>provided</scope>
      <exclusions>
        <exclusion>
          <artifactId>log4j</artifactId>
          <groupId>log4j</groupId>
        </exclusion>
      </exclusions>
      <optional>true</optional>
    </dependency>
    <dependency>
      <groupId>org.apache.kafka</groupId>
      <artifactId>kafka_2.11</artifactId>
      <version>${kafka.version}</version>
      <classifier>test</classifier>
      <scope>test</scope>
    </dependency>
    <dependency>
      <groupId>org.apache.kafka</groupId>
      <artifactId>kafka-clients</artifactId>
      <version>${kafka.version}</version>
      <classifier>test</classifier>
      <scope>test</scope>
    </dependency>
    <dependency>
      <groupId>org.apache.curator</groupId>
      <artifactId>curator-framework</artifactId>
      <version>2.8.0</version>
      <scope>provided</scope>
      <optional>true</optional>
    </dependency>
    <dependency>
      <groupId>com.alibaba</groupId>
      <artifactId>fastjson</artifactId>
      <version>1.2.31</version>
      <scope>provided</scope>
      <optional>true</optional>
    </dependency>
    <dependency>
      <groupId>org.apache.rocketmq</groupId>
      <artifactId>rocketmq-client</artifactId>
      <version>${rocketmq.version}</version>
      <scope>provided</scope>
      <optional>true</optional>
    </dependency>
    <dependency>
      <groupId>org.darkphoenixs</groupId>
      <artifactId>log4j</artifactId>
      <version>1.3.5</version>
    </dependency>
    <dependency>
      <groupId>junit</groupId>
      <artifactId>junit</artifactId>
      <version>4.11</version>
      <scope>test</scope>
    </dependency>
  </dependencies>
  <build>
    <plugins>
      <plugin>
        <groupId>org.jacoco</groupId>
        <artifactId>jacoco-maven-plugin</artifactId>
        <version>0.8.8</version>
        <executions>
          <execution>
            <id>default-prepare-agent</id>
            <goals>
              <goal>prepare-agent</goal>
            </goals>
          </execution>
          <execution>
            <id>default-report</id>
            <goals>
              <goal>report</goal>
            </goals>
          </execution>
        </executions>
      </plugin>
      <plugin>
        <artifactId>maven-assembly-plugin</artifactId>
        <version>3.2.0</version>
        <executions>
          <execution>
            <phase>package</phase>
            <goals>
              <goal>single</goal>
            </goals>
            <configuration>
              <descriptorRefs>
                <descriptorRef>jar-with-dependencies</descriptorRef>
              </descriptorRefs>
            </configuration>
          </execution>
        </executions>
      </plugin>
    </plugins>
  </build>
  <profiles>
    <profile>
      <id>travis</id>
      <activation>
        <property>
          <name>env.TRAVIS</name>
          <value>true</value>
        </property>
      </activation>
      <build>
        <plugins>
          <plugin>
            <groupId>org.jacoco</groupId>
            <artifactId>jacoco-maven-plugin</artifactId>
            <version>0.7.7.201606060606</version>
            <executions>
              <execution>
                <goals>
                  <goal>prepare-agent</goal>
                </goals>
              </execution>
              <execution>
                <id>report</id>
                <phase>test</phase>
                <goals>
                  <goal>report</goal>
                </goals>
              </execution>
            </executions>
          </plugin>
        </plugins>
      </build>
    </profile>
    <profile>
      <id>release</id>
      <build>
        <plugins>
          <plugin>
            <groupId>org.sonatype.plugins</groupId>
            <artifactId>nexus-staging-maven-plugin</artifactId>
            <version>1.6.3</version>
            <extensions>true</extensions>
            <configuration>
              <serverId>ossrh</serverId>
              <nexusUrl>https://oss.sonatype.org/</nexusUrl>
              <autoReleaseAfterClose>true</autoReleaseAfterClose>
            </configuration>
          </plugin>
          <plugin>
            <artifactId>maven-release-plugin</artifactId>
            <version>2.5</version>
            <configuration>
              <autoVersionSubmodules>true</autoVersionSubmodules>
              <useReleaseProfile>false</useReleaseProfile>
              <releaseProfiles>release</releaseProfiles>
              <goals>deploy</goals>
            </configuration>
          </plugin>
          <plugin>
            <artifactId>maven-compiler-plugin</artifactId>
            <version>3.0</version>
            <configuration>
              <encoding>UTF-8</encoding>
              <source>${jdk.version}</source>
              <target>${jdk.version}</target>
            </configuration>
          </plugin>
          <plugin>
            <artifactId>maven-gpg-plugin</artifactId>
            <version>1.5</version>
            <executions>
              <execution>
                <id>sign-artifacts</id>
                <phase>verify</phase>
                <goals>
                  <goal>sign</goal>
                </goals>
              </execution>
            </executions>
          </plugin>
          <plugin>
            <artifactId>maven-source-plugin</artifactId>
            <version>2.4</version>
            <executions>
              <execution>
                <id>attach-sources</id>
                <phase>package</phase>
                <goals>
                  <goal>jar-no-fork</goal>
                </goals>
              </execution>
            </executions>
            <configuration>
              <attach>true</attach>
            </configuration>
          </plugin>
          <plugin>
            <artifactId>maven-javadoc-plugin</artifactId>
            <version>2.9</version>
            <executions>
              <execution>
                <id>attach-javadocs</id>
                <phase>package</phase>
                <goals>
                  <goal>jar</goal>
                </goals>
                <configuration>
                  <additionalparam>-Xdoclint:none</additionalparam>
                </configuration>
              </execution>
            </executions>
            <configuration>
              <charset>UTF-8</charset>
              <encoding>UTF-8</encoding>
              <docencoding>UTF-8</docencoding>
              <destDir>${project.build.directory}/apidocs/v${project.version}</destDir>
            </configuration>
          </plugin>
        </plugins>
      </build>
    </profile>
  </profiles>
</project>
