<?xml version="1.0"?>
<!DOCTYPE suppressions PUBLIC
        "-//Puppy Crawl//DTD Suppressions 1.1//EN"
        "http://www.puppycrawl.com/dtds/suppressions_1_1.dtd">
<!--
/*
// Licensed to Julian Hyde under one or more contributor license
// agreements. See the NOTICE file distributed with this work for
// additional information regarding copyright ownership.
//
// Julian Hyde licenses this file to you under the Apache License,
// Version 2.0 (the "License"); you may not use this file except in
// compliance with the License. You may obtain a copy of the License at:
//
// http://www.apache.org/licenses/LICENSE-2.0
//
// Unless required by applicable law or agreed to in writing, software
// distributed under the License is distributed on an "AS IS" BASIS,
// WITHOUT WARRANTIES OR CONDITIONS OF ANY KIND, either express or implied.
// See the License for the specific language governing permissions and
// limitations under the License.
*/
-->
<suppressions>
    <!-- TODO: add class comments, and remove these suppressions -->
    <suppress checks="JavadocType" files="src[/\\]main[/\\]java[/\\]net[/\\]hydromatic[/\\]lambda[/\\]functions[/\\]BiBlock.java"/>
    <suppress checks="JavadocType" files="src[/\\]main[/\\]java[/\\]net[/\\]hydromatic[/\\]lambda[/\\]functions[/\\]BiMapper.java"/>
    <suppress checks="JavadocType" files="src[/\\]main[/\\]java[/\\]net[/\\]hydromatic[/\\]lambda[/\\]functions[/\\]BinaryOperator.java"/>
    <suppress checks="JavadocType" files="src[/\\]main[/\\]java[/\\]net[/\\]hydromatic[/\\]lambda[/\\]functions[/\\]BiPredicate.java"/>
    <suppress checks="JavadocType" files="src[/\\]main[/\\]java[/\\]net[/\\]hydromatic[/\\]lambda[/\\]functions[/\\]BiPredicates.java"/>
    <suppress checks="JavadocType" files="src[/\\]main[/\\]java[/\\]net[/\\]hydromatic[/\\]lambda[/\\]functions[/\\]BiValue.java"/>
    <suppress checks="JavadocType" files="src[/\\]main[/\\]java[/\\]net[/\\]hydromatic[/\\]lambda[/\\]functions[/\\]Block.java"/>
    <suppress checks="JavadocType" files="src[/\\]main[/\\]java[/\\]net[/\\]hydromatic[/\\]lambda[/\\]functions[/\\]Combiner.java"/>
    <suppress checks="JavadocType" files="src[/\\]main[/\\]java[/\\]net[/\\]hydromatic[/\\]lambda[/\\]functions[/\\]Factory.java"/>
    <suppress checks="JavadocType" files="src[/\\]main[/\\]java[/\\]net[/\\]hydromatic[/\\]lambda[/\\]functions[/\\]FlatMapper.java"/>
    <suppress checks="JavadocType" files="src[/\\]main[/\\]java[/\\]net[/\\]hydromatic[/\\]lambda[/\\]functions[/\\]Mapper.java"/>
    <suppress checks="JavadocType" files="src[/\\]main[/\\]java[/\\]net[/\\]hydromatic[/\\]lambda[/\\]functions[/\\]Mappers.java"/>
    <suppress checks="JavadocType" files="src[/\\]main[/\\]java[/\\]net[/\\]hydromatic[/\\]lambda[/\\]functions[/\\]Predicate.java"/>
    <suppress checks="JavadocType" files="src[/\\]main[/\\]java[/\\]net[/\\]hydromatic[/\\]lambda[/\\]functions[/\\]Predicates.java"/>
    <suppress checks="JavadocType" files="src[/\\]main[/\\]java[/\\]net[/\\]hydromatic[/\\]lambda[/\\]functions[/\\]Sink.java"/>
    <suppress checks="JavadocType" files="src[/\\]main[/\\]java[/\\]net[/\\]hydromatic[/\\]lambda[/\\]streams[/\\]MapStream.java"/>
    <suppress checks="JavadocType" files="src[/\\]main[/\\]java[/\\]net[/\\]hydromatic[/\\]lambda[/\\]streams[/\\]SequentialStreamOps.java"/>
    <suppress checks="JavadocType" files="src[/\\]main[/\\]java[/\\]net[/\\]hydromatic[/\\]lambda[/\\]streams[/\\]StatefulSink.java"/>
    <suppress checks="JavadocType" files="src[/\\]main[/\\]java[/\\]net[/\\]hydromatic[/\\]lambda[/\\]streams[/\\]Stream.java"/>
    <suppress checks="JavadocType" files="src[/\\]main[/\\]java[/\\]net[/\\]hydromatic[/\\]linq4j[/\\]EnumerableDefaults.java"/>
    <suppress checks="JavadocType" files="src[/\\]main[/\\]java[/\\]net[/\\]hydromatic[/\\]linq4j[/\\]expressions[/\\]BlockBuilder.java"/>
    <suppress checks="JavadocType" files="src[/\\]main[/\\]java[/\\]net[/\\]hydromatic[/\\]linq4j[/\\]expressions[/\\]Expressions.java"/>
    <suppress checks="JavadocType" files="src[/\\]main[/\\]java[/\\]net[/\\]hydromatic[/\\]linq4j[/\\]function[/\\]Functions.java"/>
    <suppress checks="JavadocType" files="src[/\\]main[/\\]java[/\\]net[/\\]hydromatic[/\\]linq4j[/\\]Linq4j.java"/>
    <suppress checks="JavadocType" files="src[/\\]main[/\\]java[/\\]net[/\\]hydromatic[/\\]linq4j[/\\]OrderedEnumerable.java"/>
    <suppress checks="JavadocType" files="src[/\\]main[/\\]java[/\\]net[/\\]hydromatic[/\\]linq4j[/\\]QueryableDefaults.java"/>
    <suppress checks="JavadocType" files="src[/\\]test[/\\]java[/\\]net[/\\]hydromatic[/\\]linq4j[/\\]test[/\\]ExpressionTest.java"/>
    <suppress checks="JavadocType" files="src[/\\]test[/\\]java[/\\]net[/\\]hydromatic[/\\]linq4j[/\\]test[/\\]Linq4jTest.java"/>
</suppressions>
