<?xml version="1.0" encoding="UTF-8" ?>
<configuration scan="true" scanPeriod="30 seconds">

	<!-- Stop output INFO at start -->
	<statusListener class="ch.qos.logback.core.status.NopStatusListener" />

	<appender name="FILE" class="ch.qos.logback.core.rolling.RollingFileAppender">
		<file>logs/cli.log</file>
		<rollingPolicy class="ch.qos.logback.core.rolling.TimeBasedRollingPolicy">
			<fileNamePattern>logs/cli.%d{yyyy-MM-dd}.%i.log.gz</fileNamePattern>
			<maxHistory>15</maxHistory>
			<timeBasedFileNamingAndTriggeringPolicy class="ch.qos.logback.core.rolling.SizeAndTimeBasedFNATP">
				<maxFileSize>10MB</maxFileSize>
			</timeBasedFileNamingAndTriggeringPolicy>
		</rollingPolicy>

		<encoder>
			<pattern>%d{HH:mm:ss.SSS} [%thread] %-5level %logger{36} \(%L\) - %msg%n</pattern>
		</encoder>
	</appender>

	<logger name="io.quantumdb" level="DEBUG"/>

	<root level="WARN">
		<appender-ref ref="FILE" />
	</root>

</configuration>
