<?xml version="1.0" encoding="UTF-8"?>
<included>
  <appender name="ERROR_APPENDER" class="ch.qos.logback.core.rolling.RollingFileAppender">
    <File>${logPath}/${errorLogFile}.log</File>
    <filter class="ch.qos.logback.classic.filter.ThresholdFilter">
      <level>WARN</level>
    </filter>
    <rollingPolicy class="ch.qos.logback.core.rolling.TimeBasedRollingPolicy">
      <fileNamePattern>${logPath}/${errorLogFile}_${rollingPattern}${rollingSuffix}.log</fileNamePattern>
      <maxHistory>${rollingAppenderMaxHistory}</maxHistory>
    </rollingPolicy>
    <encoder class="ch.qos.logback.core.encoder.LayoutWrappingEncoder">
      <layout class="com.devonfw.module.logging.common.impl.SingleLinePatternLayout">
        <pattern>${logPattern}</pattern>
      </layout>
    </encoder>
  </appender>
</included>