<archetype-descriptor name="aws-serverless-springboot-archetype"
                      xmlns="http://maven.apache.org/plugins/maven-archetype-plugin/archetype-descriptor/1.0.0"
                      xmlns:xsi="http://www.w3.org/2001/XMLSchema-instance"
                      xsi:schemaLocation="http://maven.apache.org/plugins/maven-archetype-plugin/archetype-descriptor/1.0.0 http://maven.apache.org/xsd/archetype-descriptor-1.0.0.xsd">
    <fileSets>
        <fileSet filtered="true" packaged="true">
            <directory>src/main/java</directory>
            <includes>
                <include>**/*.java</include>
            </includes>
        </fileSet>
        <fileSet filtered="true" packaged="true">
            <directory>src/test/java</directory>
            <includes>
                <include>**/*.java</include>
            </includes>
        </fileSet>
        <fileSet>
            <directory>src/main/resources</directory>
            <includes>
                <include>**/*.properties</include>
                <include>**/*.xml</include>
            </includes>
        </fileSet>
        <fileSet>
            <directory>src/main/assembly</directory>
            <includes>
                <include>**/*.xml</include>
            </includes>
        </fileSet>
        <fileSet filtered="true">
            <directory></directory>
            <includes>
                <include>template.yml</include>
                <include>README.md</include>
                <include>build.gradle</include>
            </includes>
        </fileSet>
    </fileSets>
</archetype-descriptor>