<?xml version="1.0"?>
<?xml-stylesheet type="text/xsl" href="configuration.xsl"?>
<!--
     /**
 *
 * Licensed to the Apache Software Foundation (ASF) under one
 * or more contributor license agreements.  See the NOTICE file
 * distributed with this work for additional information
 * regarding copyright ownership.  The ASF licenses this file
 * to you under the Apache License, Version 2.0 (the
 * "License"); you may not use this file except in compliance
 * with the License.  You may obtain a copy of the License at
 *
 *     http://www.apache.org/licenses/LICENSE-2.0
 *
 * Unless required by applicable law or agreed to in writing, software
 * distributed under the License is distributed on an "AS IS" BASIS,
 * WITHOUT WARRANTIES OR CONDITIONS OF ANY KIND, either express or implied.
 * See the License for the specific language governing permissions and
 * limitations under the License.
 */
-->
<configuration>
    <property>
        <name>hbase.rootdir</name>
        <value>hdfs://stanlee-hive/hbase</value>
    </property>
    <property>
        <name>hbase.cluster.distributed</name>
        <value>true</value>
    </property>
    <property>
        <name>hbase.zookeeper.quorum</name>
        <value>172.16.48.191,172.16.48.192,172.16.48.193</value>
    </property>
    <property>
        <name>hbase.zookeeper.property.clientPort</name>
        <value>2181</value>
    </property>
    <property>
        <name>zookeeper.znode.parent</name>
        <value>/hbase</value>
    </property>

    <property>
        <name>hbase.hregion.memstore.flush.size</name>
        <value>268435456</value>
        <description>256MB</description>
    </property>
    <property>
        <name>hbase.ipc.server.read.threadpool.size</name>
        <value>30</value>
        <description>default value 10</description>
    </property>
    <property>
        <name>hbase.regionserver.handler.count</name>
        <value>256</value>
        <description>default value 30</description>
    </property>
    <property>
        <name>hfile.hregion.max.filesize</name>
        <value>4294967296</value>
        <description>4GB</description>
    </property>
    <property>
        <name>hbase.hstore.compaction.min</name>
        <value>4</value>
    </property>
    <property>
        <name>hbase.hregion.major.compaction</name>
        <value>0</value>
    </property>
    <property>
        <name>hbase.wal.provider</name>
        <value>multiwal</value>
        <description>默认一个regionserver只有一个walLog, 会成为瓶颈, 改为每个region一个</description>
    </property>
    <property>
        <name>hbase.block.data.cachecompressed</name>
        <value>true</value>
        <description>blockcache开启压缩</description>
    </property>
    <property>
        <name>hbase.regionserver.wal.codec</name>
        <value>org.apache.hadoop.hbase.regionserver.wal.IndexedWALEditCodec</value>
    </property>
    <property>
        <name>hfile.block.cache.size</name>
        <value>0.55</value>
        <description>Percentage of maximum heap (-Xmx setting) to allocate to block cache
            used by a StoreFile. Default of 0.4 means allocate 40%.
            Set to 0 to disable but it's not recommended; you need at least
            enough cache to hold the storefile indices.</description>
    </property>
    <property>
        <name>hbase.regionserver.global.memstore.size</name>
        <value>0.20</value>
        <description>Maximum size of all memstores in a region server before new
            updates are blocked and flushes are forced. Defaults to 40% of heap (0.4).
            Updates are blocked and flushes are forced until size of all memstores
            in a region server hits hbase.regionserver.global.memstore.size.lower.limit.
            The default value in this configuration has been intentionally left empty in order to
            honor the old hbase.regionserver.global.memstore.upperLimit property if present.</description>
    </property>
    <property>
        <name>hbase.regionserver.global.memstore.size.lower.limit</name>
        <value>0.8</value>
        <description>Maximum size of all memstores in a region server before flushes are forced.
            Defaults to 95% of hbase.regionserver.global.memstore.size (0.95).
            A 100% value for this value causes the minimum possible flushing to occur when updates are
            blocked due to memstore limiting.
            The default value in this configuration has been intentionally left emtpy in order to
            honor the old hbase.regionserver.global.memstore.lowerLimit property if present.</description>
    </property>
    <property>
        <name>hbase.regionserver.maxlogs</name>
        <value>128</value>
        <description>一个rs上的hlog数目超过maxlogs会触发flush(按照时间先后, 不考虑大小)</description>
    </property>

    <!-- hmaster threads config begins -->
    <property>
        <name>hbase.master.handler.count</name>
        <value>75</value>
        <description>default value 25</description>
    </property>
    <property>
        <name>hbase.master.executor.openregion.threads</name>
        <value>30</value>
        <description>default value 5</description>
    </property>
    <property>
        <name>hbase.master.executor.closeregion.threads</name>
        <value>15</value>
        <description>default value 5</description>
    </property>
    <property>
        <name>hbase.master.executor.logreplayops.threads</name>
        <value>30</value>
        <description>default value 10</description>
    </property>
    <property>
        <name>hbase.master.executor.serverops.threads</name>
        <value>10</value>
        <description>default value 5</description>
    </property>
    <!-- hmaster threads config ends -->

    <!-- region server threads config begins -->
    <property>
        <name>hbase.regionserver.metahandler.count</name>
        <value>60</value>
        <description>default value 20</description>
    </property>
    <property>
        <name>hbase.regionserver.executor.openregion.threads</name>
        <value>30</value>
        <description>default value 3</description>
    </property>
    <property>
        <name>hbase.regionserver.executor.openroot.threads</name>
        <value>3</value>
        <description>default value 1</description>
    </property>
    <property>
        <name>hbase.regionserver.executor.openmeta.threads</name>
        <value>3</value>
        <description>default value 1</description>
    </property>
    <property>
        <name>hbase.regionserver.wal.max.splitters</name>
        <value>6</value>
        <description>default value 2</description>
    </property>
    <!-- region server threads config ends -->
</configuration>

