<?xml version="1.0" encoding="UTF-8"?>
<Configuration packages="com.amazonaws.services.lambda.runtime.log4j2.LambdaAppender">
    <Appenders>
        <Lambda name="Lambda">
            <PatternLayout>
                <pattern>%d{yyyy-MM-dd HH:mm:ss} %X{AWSRequestId} %-5p %c{1}:%L - %m%n</pattern>
            </PatternLayout>
        </Lambda>
    </Appenders>
    <Loggers>
        <Logger name="com.opensymphony.xwork2" level="warn"/>
        <Logger name="org.apache.struts2" level="warn"/>
        <Root level="info">
            <AppenderRef ref="Lambda"/>
        </Root>
    </Loggers>
</Configuration>