<configuration>
	<appender name="STDOUT" class="ch.qos.logback.core.ConsoleAppender">
		<encoder>
			<pattern>%d{HH:mm:ss.SSS} [%thread] %-5level %logger{36} - %msg%n </pattern>
		</encoder>
	</appender>
	<logger name="org.mongodb.driver" level="warn" />
	<logger name="fr.inria.spirals.jtravis.helpers" level="info" />
	<logger name="fr.inria.spirals.repairnator" level="info" />
	<logger name="fr.inria.lille.nopol" level="info" />


	<logger name="org.apache" level="OFF" />
	<logger name="ch.qos.logback" level="OFF" />
	<logger name="org.eclipse.jgit" level="OFF" />

	<root level="info">
		<appender-ref ref="STDOUT" />
	</root>
</configuration>