<?xml version="1.0" encoding="UTF-8"?>
<project xsi:schemaLocation="http://maven.apache.org/POM/4.0.0 http://maven.apache.org/xsd/maven-4.0.0.xsd" xmlns="http://maven.apache.org/POM/4.0.0"
    xmlns:xsi="http://www.w3.org/2001/XMLSchema-instance">
  <modelVersion>4.0.0</modelVersion>
  <parent>
    <groupId>fr.inria.repairnator</groupId>
    <artifactId>repairnator-root</artifactId>
    <version>3.3-SNAPSHOT</version>
  </parent>
  <groupId>fr.inria.repairnator</groupId>
  <artifactId>repairnator-realtime</artifactId>
  <version>3.3-SNAPSHOT</version>
  <licenses>
    <license>
      <name>MIT</name>
      <url>https://github.com/eclipse/repairnator/blob/master/LICENSE</url>
      <distribution>repo</distribution>
    </license>
  </licenses>
  <dependencies>
    <dependency>
      <groupId>fr.inria.repairnator</groupId>
      <artifactId>repairnator-core</artifactId>
      <version>${revision}</version>
    </dependency>
    <dependency>
      <groupId>fr.inria.repairnator</groupId>
      <artifactId>repairnator-pipeline</artifactId>
      <version>${revision}</version>
    </dependency>
    <dependency>
      <groupId>org.apache.commons</groupId>
      <artifactId>commons-collections4</artifactId>
      <version>4.1</version>
    </dependency>
    <dependency>
      <groupId>javax.jms</groupId>
      <artifactId>javax.jms-api</artifactId>
      <version>2.0</version>
    </dependency>
    <dependency>
      <groupId>org.apache.activemq</groupId>
      <artifactId>activemq-all</artifactId>
      <version>5.15.8</version>
      <exclusions>
        <exclusion>
          <artifactId>slf4j-log4j12</artifactId>
          <groupId>org.slf4j</groupId>
        </exclusion>
        <exclusion>
          <artifactId>log4j</artifactId>
          <groupId>log4j</groupId>
        </exclusion>
      </exclusions>
    </dependency>
    <dependency>
      <groupId>javax.management</groupId>
      <artifactId>jmx</artifactId>
      <version>1.2.1</version>
    </dependency>
    <dependency>
      <groupId>org.java-websocket</groupId>
      <artifactId>Java-WebSocket</artifactId>
      <version>1.5.0</version>
    </dependency>
    <dependency>
      <groupId>org.json</groupId>
      <artifactId>json</artifactId>
      <version>20180813</version>
    </dependency>
    <dependency>
      <groupId>org.eclipse.jgit</groupId>
      <artifactId>org.eclipse.jgit</artifactId>
      <version>5.5.1.201910021850-r</version>
    </dependency>
    <dependency>
      <groupId>io.github.java-diff-utils</groupId>
      <artifactId>java-diff-utils</artifactId>
      <version>4.0</version>
      <exclusions>
        <exclusion>
          <artifactId>slf4j-log4j12</artifactId>
          <groupId>org.slf4j</groupId>
        </exclusion>
      </exclusions>
    </dependency>
    <dependency>
      <groupId>org.kohsuke</groupId>
      <artifactId>github-api</artifactId>
      <version>1.132</version>
    </dependency>
  </dependencies>
  <repositories>
    <repository>
      <id>jmx.management</id>
      <url>https://www.datanucleus.org/downloads/maven2</url>
    </repository>
  </repositories>
  <build>
    <plugins>
      <plugin>
        <artifactId>maven-resources-plugin</artifactId>
        <version>2.6</version>
        <configuration>
          <encoding>${default.encoding}</encoding>
        </configuration>
      </plugin>
      <plugin>
        <artifactId>maven-assembly-plugin</artifactId>
        <version>2.6</version>
        <executions>
          <execution>
            <id>make-assembly</id>
            <phase>package</phase>
            <goals>
              <goal>single</goal>
            </goals>
          </execution>
        </executions>
        <configuration>
          <archive>
            <manifest>
              <mainClass>fr.inria.spirals.repairnator.realtime.GithubScanner</mainClass>
            </manifest>
          </archive>
          <outputDirectory>${dir}</outputDirectory>
          <finalName>${finalname}</finalName>
          <descriptorRefs>
            <descriptorRef>jar-with-dependencies</descriptorRef>
          </descriptorRefs>
        </configuration>
      </plugin>
    </plugins>
  </build>
</project>
