<?xml version="1.0"?>
<project xsi:schemaLocation="http://maven.apache.org/POM/4.0.0 https://maven.apache.org/xsd/maven-4.0.0.xsd" xmlns="http://maven.apache.org/POM/4.0.0"
    xmlns:xsi="http://www.w3.org/2001/XMLSchema-instance">
  <modelVersion>4.0.0</modelVersion>
  <groupId>io.github.openfeign</groupId>
  <artifactId>feign-vertx</artifactId>
  <version>6.0.0-SNAPSHOT</version>
  <name>feign-vertx</name>
  <description>Use Feign client on Vert.x</description>
  <url>https://github.com/OpenFeign/feign-vertx</url>
  <organization>
    <name>OpenFeign</name>
    <url>https://github.com/openfeign</url>
  </organization>
  <licenses>
    <license>
      <name>The Apache Software License, Version 2.0</name>
      <url>http://www.apache.org/licenses/LICENSE-2.0.txt</url>
      <distribution>repo</distribution>
    </license>
  </licenses>
  <developers>
    <developer>
      <id>hosuaby</id>
      <name>Alexei KLENIN</name>
      <email>alexei.klenin@gmail.com</email>
    </developer>
  </developers>
  <scm>
    <connection>scm:git:https://github.com/OpenFeign/feign-vertx.git</connection>
    <developerConnection>scm:git:https://github.com/OpenFeign/feign-vertx.git</developerConnection>
    <url>https://github.com/OpenFeign/feign-vertx</url>
  </scm>
  <issueManagement>
    <system>Github</system>
    <url>https://github.com/OpenFeign/feign-vertx/issues</url>
  </issueManagement>
  <distributionManagement>
    <repository>
      <id>ossrh</id>
      <url>https://oss.sonatype.org/service/local/staging/deploy/maven2/</url>
    </repository>
  </distributionManagement>
  <properties>
    <vertx.version>4.0.2</vertx.version>
    <assertj.version>3.18.1</assertj.version>
    <maven-compiler-plugin.version>3.8.1</maven-compiler-plugin.version>
    <maven-javadoc-plugin.version>3.2.0</maven-javadoc-plugin.version>
    <slf4j-log4j12.version>1.8.0-beta0</slf4j-log4j12.version>
    <project.build.sourceEncoding>UTF-8</project.build.sourceEncoding>
    <maven.compiler.source>${java.version}</maven.compiler.source>
    <wiremock.version>2.27.2</wiremock.version>
    <junit.version>5.7.0</junit.version>
    <feign.version>11.0</feign.version>
    <maven-gpg-plugin.version>1.6</maven-gpg-plugin.version>
    <java.version>1.8</java.version>
    <maven.compiler.target>${java.version}</maven.compiler.target>
    <maven-surefire-plugin.version>3.0.0-M5</maven-surefire-plugin.version>
    <project.reporting.outputEncoding>UTF-8</project.reporting.outputEncoding>
    <jacoco-plugin.version>0.8.6</jacoco-plugin.version>
    <jackson.version>2.12.0</jackson.version>
    <coveralls-plugin.version>4.3.0</coveralls-plugin.version>
    <versions-maven-plugin.version>2.8.1</versions-maven-plugin.version>
  </properties>
  <dependencyManagement>
    <dependencies>
      <dependency>
        <groupId>com.fasterxml.jackson</groupId>
        <artifactId>jackson-bom</artifactId>
        <version>${jackson.version}</version>
        <type>pom</type>
        <scope>import</scope>
      </dependency>
      <dependency>
        <groupId>org.junit</groupId>
        <artifactId>junit-bom</artifactId>
        <version>${junit.version}</version>
        <type>pom</type>
        <scope>import</scope>
      </dependency>
    </dependencies>
  </dependencyManagement>
  <dependencies>
    <dependency>
      <groupId>io.vertx</groupId>
      <artifactId>vertx-core</artifactId>
      <version>${vertx.version}</version>
      <scope>provided</scope>
    </dependency>
    <dependency>
      <groupId>io.vertx</groupId>
      <artifactId>vertx-web-client</artifactId>
      <version>${vertx.version}</version>
    </dependency>
    <dependency>
      <groupId>io.github.openfeign</groupId>
      <artifactId>feign-core</artifactId>
      <version>${feign.version}</version>
      <scope>provided</scope>
    </dependency>
    <dependency>
      <groupId>org.junit.jupiter</groupId>
      <artifactId>junit-jupiter-api</artifactId>
    </dependency>
    <dependency>
      <groupId>io.vertx</groupId>
      <artifactId>vertx-junit5</artifactId>
      <version>${vertx.version}</version>
      <scope>test</scope>
    </dependency>
    <dependency>
      <groupId>org.assertj</groupId>
      <artifactId>assertj-core</artifactId>
      <version>${assertj.version}</version>
      <scope>test</scope>
    </dependency>
    <dependency>
      <groupId>com.github.tomakehurst</groupId>
      <artifactId>wiremock-jre8</artifactId>
      <version>${wiremock.version}</version>
      <scope>test</scope>
      <exclusions>
        <exclusion>
          <artifactId>junit-bom</artifactId>
          <groupId>org.junit</groupId>
        </exclusion>
      </exclusions>
    </dependency>
    <dependency>
      <groupId>com.fasterxml.jackson.core</groupId>
      <artifactId>jackson-annotations</artifactId>
      <scope>test</scope>
    </dependency>
    <dependency>
      <groupId>com.fasterxml.jackson.datatype</groupId>
      <artifactId>jackson-datatype-jsr310</artifactId>
      <scope>test</scope>
    </dependency>
    <dependency>
      <groupId>io.github.openfeign</groupId>
      <artifactId>feign-jackson</artifactId>
      <version>${feign.version}</version>
      <scope>test</scope>
    </dependency>
    <dependency>
      <groupId>io.github.openfeign</groupId>
      <artifactId>feign-slf4j</artifactId>
      <version>${feign.version}</version>
      <scope>test</scope>
    </dependency>
    <dependency>
      <groupId>org.slf4j</groupId>
      <artifactId>slf4j-log4j12</artifactId>
      <version>${slf4j-log4j12.version}</version>
      <scope>test</scope>
    </dependency>
  </dependencies>
  <build>
    <plugins>
      <plugin>
        <groupId>org.jacoco</groupId>
        <artifactId>jacoco-maven-plugin</artifactId>
        <version>0.8.8</version>
        <executions>
          <execution>
            <id>default-prepare-agent</id>
            <goals>
              <goal>prepare-agent</goal>
            </goals>
          </execution>
          <execution>
            <id>default-report</id>
            <goals>
              <goal>report</goal>
            </goals>
          </execution>
        </executions>
      </plugin>
      <plugin>
        <artifactId>maven-assembly-plugin</artifactId>
        <version>3.2.0</version>
        <executions>
          <execution>
            <phase>package</phase>
            <goals>
              <goal>single</goal>
            </goals>
            <configuration>
              <descriptorRefs>
                <descriptorRef>jar-with-dependencies</descriptorRef>
              </descriptorRefs>
            </configuration>
          </execution>
        </executions>
      </plugin>
    </plugins>
  </build>
  <reporting>
    <plugins>
      <plugin>
        <groupId>org.codehaus.mojo</groupId>
        <artifactId>versions-maven-plugin</artifactId>
        <version>${versions-maven-plugin.version}</version>
        <reportSets>
          <reportSet>
            <reports>
              <report>dependency-updates-report</report>
              <report>plugin-updates-report</report>
              <report>property-updates-report</report>
            </reports>
          </reportSet>
        </reportSets>
      </plugin>
    </plugins>
  </reporting>
</project>
