<?xml version="1.0" encoding="UTF-8"?>
<beans xmlns="http://www.springframework.org/schema/beans"
       xmlns:xsi="http://www.w3.org/2001/XMLSchema-instance"
       xmlns:p="http://www.springframework.org/schema/p"
       xmlns:context="http://www.springframework.org/schema/context"
       xsi:schemaLocation="http://www.springframework.org/schema/beans   http://www.springframework.org/schema/beans/spring-beans.xsd
                           http://www.springframework.org/schema/context http://www.springframework.org/schema/context/spring-context-3.0.xsd">

    <import resource="classpath:yoga-jaxrs-context.xml"/>
    <import resource="classpath:springmvc-resteasy.xml"/>

    <bean id="resteasy.dispatcher" class="org.jboss.resteasy.core.SynchronousDispatcher"
          depends-on="resteasy.intializer">
        <constructor-arg ref="resteasy.providerFactory"/>
        <property name="mediaTypeMappings">
            <map>
                <entry key="json" value="application/json"/>
                <entry key="xml" value="application/xml"/>
                <entry key="yoga" value="text/html"/>
            </map>
        </property>
    </bean>

</beans>