<?xml version="1.0" encoding="UTF-8"?>
<project xsi:schemaLocation="http://maven.apache.org/POM/4.0.0 http://maven.apache.org/xsd/maven-4.0.0.xsd" xmlns="http://maven.apache.org/POM/4.0.0"
    xmlns:xsi="http://www.w3.org/2001/XMLSchema-instance">
  <modelVersion>4.0.0</modelVersion>
  <groupId>com.alibaba.testable</groupId>
  <artifactId>java-demo</artifactId>
  <version>1.0.0-SNAPSHOT</version>
  <name>java-demo</name>
  <description>Demo project for TestableMock</description>
  <properties>
    <testable.version>0.7.4</testable.version>
    <maven.compiler.source>1.8</maven.compiler.source>
    <maven.compiler.target>1.8</maven.compiler.target>
    <junit.version>5.6.2</junit.version>
  </properties>
  <dependencies>
    <dependency>
      <groupId>com.alibaba.testable</groupId>
      <artifactId>testable-all</artifactId>
      <version>0.7.4</version>
      <scope>test</scope>
    </dependency>
    <dependency>
      <groupId>org.junit.jupiter</groupId>
      <artifactId>junit-jupiter-api</artifactId>
      <version>5.6.2</version>
      <scope>test</scope>
    </dependency>
    <dependency>
      <groupId>com.alibaba.testable</groupId>
      <artifactId>testable-core</artifactId>
      <version>0.7.4</version>
      <scope>test</scope>
    </dependency>
    <dependency>
      <groupId>com.alibaba.testable</groupId>
      <artifactId>testable-agent</artifactId>
      <version>0.7.4</version>
      <scope>test</scope>
    </dependency>
    <dependency>
      <groupId>org.apiguardian</groupId>
      <artifactId>apiguardian-api</artifactId>
      <version>1.1.0</version>
      <scope>test</scope>
    </dependency>
    <dependency>
      <groupId>com.alibaba</groupId>
      <artifactId>transmittable-thread-local</artifactId>
      <version>2.12.1</version>
      <scope>test</scope>
    </dependency>
    <dependency>
      <groupId>org.opentest4j</groupId>
      <artifactId>opentest4j</artifactId>
      <version>1.2.0</version>
      <scope>test</scope>
    </dependency>
    <dependency>
      <groupId>org.ow2.asm</groupId>
      <artifactId>asm</artifactId>
      <version>8.0.1</version>
      <scope>test</scope>
    </dependency>
    <dependency>
      <groupId>sun.jdk</groupId>
      <artifactId>tools</artifactId>
      <version>1.6</version>
      <scope>system</scope>
    </dependency>
    <dependency>
      <groupId>org.junit.platform</groupId>
      <artifactId>junit-platform-commons</artifactId>
      <version>1.6.2</version>
      <scope>test</scope>
    </dependency>
    <dependency>
      <groupId>org.ow2.asm</groupId>
      <artifactId>asm-tree</artifactId>
      <version>8.0.1</version>
      <scope>test</scope>
    </dependency>
    <dependency>
      <groupId>com.alibaba.testable</groupId>
      <artifactId>testable-processor</artifactId>
      <version>0.7.4</version>
      <scope>test</scope>
    </dependency>
  </dependencies>
  <build>
    <plugins>
      <plugin>
        <artifactId>maven-surefire-plugin</artifactId>
        <version>3.0.0-M5</version>
        <configuration>
          <argLine>@{argLine} -javaagent:${settings.localRepository}/com/alibaba/testable/testable-agent/${testable.version}/testable-agent-${testable.version}.jar</argLine>
        </configuration>
      </plugin>
      <plugin>
        <groupId>org.jacoco</groupId>
        <artifactId>jacoco-maven-plugin</artifactId>
        <version>0.8.6</version>
        <executions>
          <execution>
            <id>prepare-agent</id>
            <goals>
              <goal>prepare-agent</goal>
            </goals>
          </execution>
          <execution>
            <id>report</id>
            <phase>prepare-package</phase>
            <goals>
              <goal>report</goal>
            </goals>
            <configuration>
              <dataFile>target/jacoco.exec</dataFile>
              <outputDirectory>target/jacoco-ut</outputDirectory>
            </configuration>
          </execution>
        </executions>
      </plugin>
    </plugins>
  </build>
</project>
