<?xml version="1.0" encoding="UTF-8"?>
<persistence version="2.0"
             xmlns="http://java.sun.com/xml/ns/persistence"
             xmlns:xsi="http://www.w3.org/2001/XMLSchema-instance"
             xsi:schemaLocation="http://java.sun.com/xml/ns/persistence http://java.sun.com/xml/ns/persistence/persistence_2_0.xsd">
    <persistence-unit name="persistenceUnit" transaction-type="RESOURCE_LOCAL">
        <provider>org.hibernate.jpa.HibernatePersistenceProvider</provider>
        <exclude-unlisted-classes>false</exclude-unlisted-classes>

        <properties>
            <property name="hibernate.archive.autodetection"
                      value="class, hbm"/>
            <property name="hibernate.dialect"
                      value="org.hibernate.dialect.HSQLDialect"/>

            <property name="hibernate.cache.use_second_level_cache"
                      value="true"/>
            <property name="hibernate.cache.region.factory_class"
                      value="org.hibernate.cache.ehcache.EhCacheRegionFactory"/>
            
            <!--<property name="hibernate.hbm2ddl.auto"
                      value="update"/>-->
        </properties>
    </persistence-unit>
</persistence>
