<?xml version="1.0" encoding="UTF-8"?>
<beans xmlns="http://www.springframework.org/schema/beans"
       xmlns:xsi="http://www.w3.org/2001/XMLSchema-instance"
       xmlns:p="http://www.springframework.org/schema/p"
       xmlns:context="http://www.springframework.org/schema/context"
       xsi:schemaLocation="http://www.springframework.org/schema/beans   http://www.springframework.org/schema/beans/spring-beans.xsd
                           http://www.springframework.org/schema/context http://www.springframework.org/schema/context/spring-context-3.0.xsd">

    <context:annotation-config/>

    <context:component-scan base-package="org.skyscreamer.yoga.demo.jaxrs.resources" use-default-filters="false">
        <context:include-filter type="annotation" expression="javax.inject.Singleton"/>
    </context:component-scan>
    <context:component-scan base-package="org.skyscreamer.yoga.jaxrs.view.builder" use-default-filters="false">
        <context:include-filter type="annotation" expression="javax.inject.Singleton"/>
    </context:component-scan>
    <context:component-scan base-package="org.skyscreamer.yoga.jaxrs.resource" use-default-filters="false">
        <context:include-filter type="annotation" expression="javax.inject.Singleton"/>
    </context:component-scan>
    <context:component-scan base-package="org.skyscreamer.yoga.jaxrs.exceptionhandlers" use-default-filters="false">
        <context:include-filter type="annotation" expression="javax.inject.Singleton"/>
    </context:component-scan>

</beans>