<?xml version="1.0" encoding="UTF-8"?>
<assembly xmlns="http://maven.apache.org/plugins/maven-assembly-plugin/assembly/1.1.0"
          xmlns:xsi="http://www.w3.org/2001/XMLSchema-instance"
          xsi:schemaLocation="http://maven.apache.org/plugins/maven-assembly-plugin/assembly/1.1.0 http://maven.apache.org/xsd/assembly-1.1.0.xsd">
    <!-- copied from jar-with-dependencies (http://maven.apache.org/plugins/maven-assembly-plugin/descriptor-refs.html#jar-with-dependencies) -->
    <id>jar-with-deps-merge-services</id>
    <formats>
        <format>jar</format>
    </formats>
    <includeBaseDirectory>false</includeBaseDirectory>
    <containerDescriptorHandlers>
        <containerDescriptorHandler>
            <handlerName>metaInf-services</handlerName>
        </containerDescriptorHandler>
    </containerDescriptorHandlers>
    <dependencySets>
        <dependencySet>
            <outputDirectory>/</outputDirectory>
            <useProjectArtifact>true</useProjectArtifact>
            <unpack>true</unpack>
            <scope>runtime</scope>
        </dependencySet>
    </dependencySets>
</assembly>