<?xml version="1.0" encoding="UTF-8"?>

<beans xmlns="http://www.springframework.org/schema/beans"
       xmlns:xsi="http://www.w3.org/2001/XMLSchema-instance"
       xmlns:aop="http://www.springframework.org/schema/aop"
       xmlns:context="http://www.springframework.org/schema/context"
       xmlns:tx="http://www.springframework.org/schema/tx"
       xmlns:p="http://www.springframework.org/schema/p"
       xsi:schemaLocation="http://www.springframework.org/schema/aop http://www.springframework.org/schema/aop/spring-aop-2.5.xsd
       http://www.springframework.org/schema/beans http://www.springframework.org/schema/beans/spring-beans-2.0.xsd
		http://www.springframework.org/schema/context http://www.springframework.org/schema/context/spring-context.xsd
		http://www.springframework.org/schema/tx http://www.springframework.org/schema/tx/spring-tx-3.0.xsd">

    <!-- 注意location的语法,如果不指定classpath前缀,就会在ServletContext中找不到指定的文件! -->
    <bean id="propertyConfigurer"  class="org.springframework.beans.factory.config.PropertyPlaceholderConfigurer"  p:location="classpath:db.properties" />

    <bean id="dataSource"   class="org.springframework.jdbc.datasource.DriverManagerDataSource"
          p:driverClassName="${jdbc.driverClassName}"
          p:url="${jdbc.url}"
          p:username="${jdbc.username}"
          p:password="${jdbc.password}" />

    <bean id="sessionFactory"
          class="org.springframework.orm.hibernate5.LocalSessionFactoryBean">
        <property name="dataSource" ref="dataSource"/>
        <property name="mappingResources">
            <list>
                <value>Spitter.hbm.xml</value>
                <value>Spittle.hbm.xml</value>
            </list>
        </property>
        <property name="hibernateProperties">
            <props>
                <prop key="dialect">org.hibernate.dialect.MySQLDialect</prop>
            </props>
        </property>
    </bean>

    <bean id="spitterDao" class="com.vonzhou.spitter.persistence.HibernateSpitterDao"/>


    <!--
    <property name="packagesToScan">
        <list>
            <value>com.habuma.spitter.domain</value>
        </list>
    </property>
    -->

    <!--
    <property name="annotatedClasses">
        <list>
            <value>com.habuma.spitter.domain.Spitter</value>
            <value>com.habuma.spitter.domain.Spittle</value>
       </list>
    </property>
    -->

    <bean id="transactionManager" class="org.springframework.jdbc.datasource.DataSourceTransactionManager">
        <property name="dataSource" ref="dataSource" />
    </bean>

    <bean class="org.springframework.dao.annotation.PersistenceExceptionTranslationPostProcessor"/>

    <context:component-scan
            base-package="com.vonzhou.spitter.persistence"/>

    <tx:annotation-driven />

    <context:component-scan base-package="com.vonzhou.spitter.service" />

    <tx:advice id="txAdvice">
        <tx:attributes>
            <tx:method name="add*" propagation="REQUIRED" />
            <tx:method name="save*" propagation="REQUIRED" />
            <tx:method name="*" propagation="SUPPORTS"
                       read-only="true"/>
        </tx:attributes>
    </tx:advice>

    <aop:config>
        <aop:advisor
                pointcut="execution(* *..SpitterService.*(..))"
                advice-ref="txAdvice" />
    </aop:config>

</beans>
