<?xml version="1.0" encoding="UTF-8"?>
<!DOCTYPE hibernate-mapping PUBLIC
        "-//Hibernate/Hibernate Mapping DTD 3.0//EN"
        "http://hibernate.sourceforge.net/hibernate-mapping-3.0.dtd">

<hibernate-mapping>
    <class name="com.vonzhou.spitter.persistence.Spitter" table="spitter" lazy="false">
        <id column="id" name="id" type="java.lang.Long">
            <generator class="native"/>
        </id>
        <property column="username" name="username" type="java.lang.String"/>
        <property column="password" name="password" type="java.lang.String"/>
        <property column="fullname" name="fullName" type="java.lang.String"/>
        <property column="email" name="email" type="java.lang.String"/>
        <!-- 设置可以为空,否则HibernateSystemException:
        Null value was assigned to a property of primitive type setter of com.vonzhou.spitter.persistence.Spitter.updateByEmail
        -->
        <property column="update_by_email" name="updateByEmail" type="boolean" not-null="false"/>
    </class>
</hibernate-mapping>