<?xml version="1.0" encoding="UTF-8"?>
<flow xmlns="http://www.springframework.org/schema/webflow"
      xmlns:xsi="http://www.w3.org/2001/XMLSchema-instance"
      xsi:schemaLocation="http://www.springframework.org/schema/webflow
  http://www.springframework.org/schema/webflow/spring-webflow.xsd">

    <var name="customer" class="com.vonzhou.springinaction.pizza.domain.Customer"/>
    <var name="pizzaFlowActions" class="com.vonzhou.springinaction.pizza.flow.PizzaFlowActions"/>

    <view-state id="welcome"> <!--<co id="welcome_view_state"/>-->
        <transition on="phoneEntered" to="lookupCustomer"/>
    </view-state>

    <action-state id="lookupCustomer"><!--<co id="lookup_customer_action_state"/>-->
        <evaluate result="customer" expression=
                "pizzaFlowActions.lookupCustomer(requestParameters.phoneNumber)"/>
        <transition to="registrationForm" on-exception=
                "com.vonzhou.springinaction.pizza.service.CustomerNotFoundException"/>
        <transition to="customerReady"/>
    </action-state>

    <view-state id="registrationForm" model="customer"><!--<co id="registration_view_state"/>-->
        <on-entry>
            <evaluate expression=
                              "customer.phoneNumber = requestParameters.phoneNumber"/>
        </on-entry>
        <transition on="submit" to="checkDeliveryArea"/>
    </view-state>

    <decision-state id="checkDeliveryArea"><!--<co id="check_delivery_area_decision_state"/>-->
        <if test="pizzaFlowActions.checkDeliveryArea(customer.zipCode)"
            then="addCustomer"
            else="deliveryWarning"/>
    </decision-state>

    <view-state id="deliveryWarning"><!--<co id="delivery_warning_view_state"/>-->
        <transition on="accept" to="addCustomer"/>
    </view-state>

    <action-state id="addCustomer"><!--<co id="add_customer_action_state"/>-->
        <evaluate expression="pizzaFlowActions.addCustomer(customer)"/>
        <transition to="customerReady"/>
    </action-state>

    <end-state id="cancel"/>
    <end-state id="customerReady">
        <output name="customer"/>
    </end-state>

    <global-transitions>
        <transition on="cancel" to="cancel"/>
    </global-transitions>
</flow>
