<?xml version="1.0"?>
<project xsi:schemaLocation="http://maven.apache.org/POM/4.0.0 https://maven.apache.org/xsd/maven-4.0.0.xsd" xmlns="http://maven.apache.org/POM/4.0.0"
    xmlns:xsi="http://www.w3.org/2001/XMLSchema-instance">
  <modelVersion>4.0.0</modelVersion>
  <groupId>com.sforce.cd.ApexUnit</groupId>
  <artifactId>ApexUnit-core</artifactId>
  <version>4.0.0</version>
  <name>ApexUnit</name>
  <description>Apex Unit v 2.0 with enhanced metrics and advanced features</description>
  <prerequisites>
    <maven>3.0.4</maven>
  </prerequisites>
  <dependencies>
    <dependency>
      <groupId>org.slf4j</groupId>
      <artifactId>slf4j-simple</artifactId>
      <version>1.7.5</version>
    </dependency>
    <dependency>
      <groupId>org.testng</groupId>
      <artifactId>testng</artifactId>
      <version>6.8.7</version>
    </dependency>
    <dependency>
      <groupId>com.beust</groupId>
      <artifactId>jcommander</artifactId>
      <version>1.35</version>
    </dependency>
    <dependency>
      <groupId>org.daisy.libs</groupId>
      <artifactId>commons-httpclient</artifactId>
      <version>3.1.0</version>
    </dependency>
    <dependency>
      <groupId>com.google.code.gson</groupId>
      <artifactId>gson</artifactId>
      <version>2.2.2</version>
    </dependency>
    <dependency>
      <groupId>com.force.api</groupId>
      <artifactId>force-partner-api</artifactId>
      <version>37.0.3</version>
    </dependency>
    <dependency>
      <groupId>com.force.api</groupId>
      <artifactId>force-wsc</artifactId>
      <version>37.0.3</version>
    </dependency>
    <dependency>
      <groupId>commons-lang</groupId>
      <artifactId>commons-lang</artifactId>
      <version>2.3</version>
    </dependency>
    <dependency>
      <groupId>org.apache.commons</groupId>
      <artifactId>commons-io</artifactId>
      <version>1.3.2</version>
    </dependency>
    <dependency>
      <groupId>org.jdom</groupId>
      <artifactId>jdom</artifactId>
      <version>1.1</version>
    </dependency>
    <dependency>
      <groupId>com.googlecode.json-simple</groupId>
      <artifactId>json-simple</artifactId>
      <version>1.1</version>
    </dependency>
  </dependencies>
  <repositories>
    <repository>
      <releases>
        <enabled>true</enabled>
        <updatePolicy>daily</updatePolicy>
        <checksumPolicy>warn</checksumPolicy>
      </releases>
      <snapshots>
        <enabled>true</enabled>
        <updatePolicy>never</updatePolicy>
        <checksumPolicy>warn</checksumPolicy>
      </snapshots>
      <id>oss-nexus-releases</id>
      <name>oss sonatype nexus</name>
      <url>https://oss.sonatype.org/content/repositories/releases</url>
    </repository>
  </repositories>
  <build>
    <plugins>
      <plugin>
        <groupId>org.jacoco</groupId>
        <artifactId>jacoco-maven-plugin</artifactId>
        <version>0.8.8</version>
        <executions>
          <execution>
            <id>default-prepare-agent</id>
            <goals>
              <goal>prepare-agent</goal>
            </goals>
          </execution>
          <execution>
            <id>default-report</id>
            <goals>
              <goal>report</goal>
            </goals>
          </execution>
        </executions>
      </plugin>
      <plugin>
        <artifactId>maven-assembly-plugin</artifactId>
        <version>3.2.0</version>
        <executions>
          <execution>
            <phase>package</phase>
            <goals>
              <goal>single</goal>
            </goals>
            <configuration>
              <descriptorRefs>
                <descriptorRef>jar-with-dependencies</descriptorRef>
              </descriptorRefs>
            </configuration>
          </execution>
        </executions>
      </plugin>
    </plugins>
  </build>
</project>
