[
  {
    "id": "blazemeter-debugger",
    "name": "BlazeMeter Step-by-step Debugger",
    "description": "This plugin enables step-by-step debugging of JMeter scripts",
    "screenshotUrl": "https://raw.githubusercontent.com/Blazemeter/jmeter-debugger/master/src/main/resources/com/blazemeter/jmeter/debugger/logo.png",
    "helpUrl": "https://github.com/Blazemeter/jmeter-debugger",
    "vendor": "BlazeMeter.com",
    "markerClass": "com.blazemeter.jmeter.debugger.engine.Debugger",
    "versions": {
      "0.1": {
        "downloadUrl": "https://jmeter-plugins.org/files/thirdparty/jmeter-debugger-0.1.jar",
        "depends": [
          "jmeter-core"
        ]
      },
      "0.2": {
        "downloadUrl": "https://jmeter-plugins.org/files/thirdparty/jmeter-debugger-0.2.jar",
        "depends": [
          "jmeter-core"
        ]
      },
      "0.3": {
        "downloadUrl": "https://jmeter-plugins.org/files/thirdparty/jmeter-debugger-0.3.jar",
        "depends": [
          "jmeter-core"
        ]
      },
      "0.4": {
        "changes": "Fixed bugs on not evaluating variables",
        "downloadUrl": "https://github.com/Blazemeter/jmeter-debugger/releases/download/0.4/jmeter-debugger-0.4.jar",
        "depends": [
          "jmeter-core"
        ]
      },
      "0.5": {
        "changes": "<p>- Add last sampler result tab;</p><p>- Choose TG from context of tree;</p><p>- Fixed italic font in tree not shown on Mac;</p><p>- Fixed blue color for current element is blue-on-blue for Mac;</p><p>- Fixed logging lab for old jmeter versions;</p><p>- Fixed clear data in info tabs and listeners;</p><p>- Fixed modification thread groups;</p>",
        "downloadUrl": "https://github.com/Blazemeter/jmeter-debugger/releases/download/0.5/jmeter-debugger-0.5.jar",
        "depends": [
          "jmeter-core"
        ]
      },
      "0.6": {
        "changes": "Fix variables in assertions",
        "downloadUrl": "https://github.com/Blazemeter/jmeter-debugger/releases/download/0.6/jmeter-debugger-0.6.jar",
        "depends": [
          "jmeter-core"
        ]
      }
    }
  },
  {
    "id": "jpgc-directory-listing",
    "name": "Directory Listing Config",
    "description": "Directory listing config allows to set file path from source directory into jmeter-variable",
    "screenshotUrl": "https://raw.githubusercontent.com/Blazemeter/jmeter-bzm-plugins/master/directory-listing/directoryListing.png",
    "helpUrl": "https://github.com/Blazemeter/jmeter-bzm-plugins/blob/master/directory-listing/DirectoryListing.md",
    "vendor": "BlazeMeter",
    "markerClass": "com.blazemeter.jmeter.DirectoryListingConfig",
    "componentClasses": [
      "com.blazemeter.jmeter.DirectoryListingConfig",
      "com.blazemeter.jmeter.DirectoryListingConfigGui"
    ],
    "versions": {
      "0.1": {
        "downloadUrl": "https://search.maven.org/remotecontent?filepath=kg/apc/jmeter-plugins-directory-listing/0.1/jmeter-plugins-directory-listing-0.1.jar",
        "libs": {
          "jmeter-plugins-cmn-jmeter": "https://search.maven.org/remotecontent?filepath=kg/apc/jmeter-plugins-cmn-jmeter/0.4/jmeter-plugins-cmn-jmeter-0.4.jar"
        }
      },
      "0.2": {
        "changes": "<p>Fixed resolve JMeter variables for Destination Variable name</p><p>Fix relative path</p>",
        "downloadUrl": "https://search.maven.org/remotecontent?filepath=com/blazemeter/jmeter-plugins-directory-listing/0.2/jmeter-plugins-directory-listing-0.2.jar",
        "libs": {
          "jmeter-plugins-cmn-jmeter": "https://search.maven.org/remotecontent?filepath=kg/apc/jmeter-plugins-cmn-jmeter/0.4/jmeter-plugins-cmn-jmeter-0.4.jar"
        }
      },
      "0.3": {
        "changes": "<p>Fixed synchronize access to underlying iterator</p><p>Allow copying Directory Listing Config elements in GUI</p>",
        "downloadUrl": "https://search.maven.org/remotecontent?filepath=com/blazemeter/jmeter-plugins-directory-listing/0.3/jmeter-plugins-directory-listing-0.3.jar",
        "libs": {
          "jmeter-plugins-cmn-jmeter": "https://search.maven.org/remotecontent?filepath=kg/apc/jmeter-plugins-cmn-jmeter/0.7/jmeter-plugins-cmn-jmeter-0.7.jar"
        }
      }
    }
  },
  {
    "id": "bzm-random-csv",
    "name": "Random CSV Data Set",
    "description": "Config item that allows reading CSV files in random order",
    "screenshotUrl": "https://raw.githubusercontent.com/Blazemeter/jmeter-bzm-plugins/master/random-csv-data-set/randomCSVDataSetConfig.png",
    "helpUrl": "https://github.com/Blazemeter/jmeter-bzm-plugins/blob/master/random-csv-data-set/RandomCSVDataSetConfig.md",
    "vendor": "BlazeMeter",
    "markerClass": "com.blazemeter.jmeter.RandomCSVDataSetConfig",
    "componentClasses": [
      "com.blazemeter.jmeter.RandomCSVDataSetConfig",
      "com.blazemeter.jmeter.RandomCSVDataSetConfigGui"
    ],
    "versions": {
      "0.1": {
        "downloadUrl": "https://github.com/Blazemeter/jmeter-bzm-plugins/releases/download/csv-random-0.1/jmeter-plugins-random-csv-data-set-0.1.jar",
        "libs": {
          "jmeter-plugins-cmn-jmeter": "https://search.maven.org/remotecontent?filepath=kg/apc/jmeter-plugins-cmn-jmeter/0.4/jmeter-plugins-cmn-jmeter-0.4.jar"
        }
      },
      "0.2": {
        "downloadUrl": "https://github.com/Blazemeter/jmeter-bzm-plugins/releases/download/csv-random-0.2/jmeter-plugins-random-csv-data-set-0.2.jar",
        "libs": {
          "jmeter-plugins-cmn-jmeter": "https://search.maven.org/remotecontent?filepath=kg/apc/jmeter-plugins-cmn-jmeter/0.4/jmeter-plugins-cmn-jmeter-0.4.jar"
        }
      },
      "0.3": {
        "downloadUrl": "https://github.com/Blazemeter/jmeter-bzm-plugins/releases/download/csv-random-0.3/jmeter-plugins-random-csv-data-set-0.3.jar",
        "libs": {
          "jmeter-plugins-cmn-jmeter": "https://search.maven.org/remotecontent?filepath=kg/apc/jmeter-plugins-cmn-jmeter/0.4/jmeter-plugins-cmn-jmeter-0.4.jar"
        }
      },
      "0.4": {
        "changes": "optimize performance, fix empty lines processing, fix browse button dialog",
        "downloadUrl": "https://github.com/Blazemeter/jmeter-bzm-plugins/releases/download/csv-random-0.4/jmeter-plugins-random-csv-data-set-0.4.jar",
        "libs": {
          "jmeter-plugins-cmn-jmeter": "https://search.maven.org/remotecontent?filepath=kg/apc/jmeter-plugins-cmn-jmeter/0.4/jmeter-plugins-cmn-jmeter-0.4.jar"
        }
      },
      "0.5": {
        "changes": "fix distributed functioning",
        "downloadUrl": "https://github.com/Blazemeter/jmeter-bzm-plugins/releases/download/csv-random-0.5/jmeter-plugins-random-csv-data-set-0.5.jar",
        "libs": {
          "jmeter-plugins-cmn-jmeter": "https://search.maven.org/remotecontent?filepath=kg/apc/jmeter-plugins-cmn-jmeter/0.4/jmeter-plugins-cmn-jmeter-0.4.jar"
        }
      },
      "0.6": {
        "changes": "fix leak with open files",
        "downloadUrl": "https://search.maven.org/remotecontent?filepath=com/blazemeter/jmeter-plugins-random-csv-data-set/0.6/jmeter-plugins-random-csv-data-set-0.6.jar",
        "libs": {
          "jmeter-plugins-cmn-jmeter": "https://search.maven.org/remotecontent?filepath=kg/apc/jmeter-plugins-cmn-jmeter/0.4/jmeter-plugins-cmn-jmeter-0.4.jar"
        }
      },
      "0.7": {
        "changes": "added variable substitution in filenames",
        "downloadUrl": "https://search.maven.org/remotecontent?filepath=com/blazemeter/jmeter-plugins-random-csv-data-set/0.7/jmeter-plugins-random-csv-data-set-0.7.jar",
        "libs": {
          "jmeter-plugins-cmn-jmeter": "https://search.maven.org/remotecontent?filepath=kg/apc/jmeter-plugins-cmn-jmeter/0.4/jmeter-plugins-cmn-jmeter-0.4.jar"
        }
      },
      "0.8": {
        "changes": "fix nulll point exception when independent list",
        "downloadUrl": "https://search.maven.org/remotecontent?filepath=com/blazemeter/jmeter-plugins-random-csv-data-set/0.8/jmeter-plugins-random-csv-data-set-0.8.jar",
        "libs": {
          "jmeter-plugins-cmn-jmeter": "https://search.maven.org/remotecontent?filepath=kg/apc/jmeter-plugins-cmn-jmeter/0.7/jmeter-plugins-cmn-jmeter-0.7.jar"
        }
      }
    }
  },
  {
    "id": "bzm-parallel",
    "name": "Parallel Controller & Sampler",
    "description": "Parallel Controller makes all of its children to run in parallel to each other",
    "screenshotUrl": "https://github.com/Blazemeter/jmeter-bzm-plugins/raw/master/parallel/ParallelController.png",
    "helpUrl": "https://github.com/Blazemeter/jmeter-bzm-plugins/blob/master/parallel/Parallel.md",
    "vendor": "BlazeMeter",
    "markerClass": "com.blazemeter.jmeter.controller.ParallelSampler",
    "componentClasses": [
      "com.blazemeter.jmeter.controller.DummyThreadGroup",
      "com.blazemeter.jmeter.controller.ParallelControllerGui",
      "com.blazemeter.jmeter.controller.ParallelSampler",
      "com.blazemeter.jmeter.http.ParallelHTTPSampler",
      "com.blazemeter.jmeter.http.ParallelHTTPSamplerGui"
    ],
    "versions": {
      "0.1": {
        "downloadUrl": "https://github.com/Blazemeter/jmeter-bzm-plugins/releases/download/jmeter-parallel-0.1/jmeter-parallel-0.1.jar",
        "libs": {
          "jmeter-plugins-cmn-jmeter": "https://search.maven.org/remotecontent?filepath=kg/apc/jmeter-plugins-cmn-jmeter/0.4/jmeter-plugins-cmn-jmeter-0.4.jar"
        },
        "depends": [
          "jmeter-http"
        ]
      },
      "0.2": {
        "changes": "Fixed class name clash with Debugger plugin",
        "downloadUrl": "https://github.com/Blazemeter/jmeter-bzm-plugins/releases/download/jmeter-parallel-0.2/jmeter-parallel-0.2.jar",
        "libs": {
          "jmeter-plugins-cmn-jmeter": "https://search.maven.org/remotecontent?filepath=kg/apc/jmeter-plugins-cmn-jmeter/0.4/jmeter-plugins-cmn-jmeter-0.4.jar"
        },
        "depends": [
          "jmeter-http"
        ]
      },
      "0.3": {
        "changes": "Fixed remote execution",
        "downloadUrl": "https://search.maven.org/remotecontent?filepath=com/blazemeter/jmeter-parallel/0.3/jmeter-parallel-0.3.jar",
        "libs": {
          "jmeter-plugins-cmn-jmeter": "https://search.maven.org/remotecontent?filepath=kg/apc/jmeter-plugins-cmn-jmeter/0.4/jmeter-plugins-cmn-jmeter-0.4.jar"
        },
        "depends": [
          "jmeter-http"
        ]
      },
      "0.4": {
        "changes": "Fixed reset Thread Context in all AbstractTestElements",
        "downloadUrl": "https://search.maven.org/remotecontent?filepath=com/blazemeter/jmeter-parallel/0.4/jmeter-parallel-0.4.jar",
        "libs": {
          "jmeter-plugins-cmn-jmeter": "https://search.maven.org/remotecontent?filepath=kg/apc/jmeter-plugins-cmn-jmeter/0.4/jmeter-plugins-cmn-jmeter-0.4.jar"
        },
        "depends": [
          "jmeter-http"
        ]
      },
      "0.5": {
        "changes": "Fixed Concurrency Modification exception for Config elements",
        "downloadUrl": "https://search.maven.org/remotecontent?filepath=com/blazemeter/jmeter-parallel/0.5/jmeter-parallel-0.5.jar",
        "libs": {
          "jmeter-plugins-cmn-jmeter": "https://search.maven.org/remotecontent?filepath=kg/apc/jmeter-plugins-cmn-jmeter/0.4/jmeter-plugins-cmn-jmeter-0.4.jar"
        },
        "depends": [
          "jmeter-http"
        ]
      },
      "0.7": {
        "changes": "Fixed unnecessary TE clone",
        "downloadUrl": "https://search.maven.org/remotecontent?filepath=com/blazemeter/jmeter-parallel/0.7/jmeter-parallel-0.7.jar",
        "libs": {
          "jmeter-plugins-cmn-jmeter": "https://search.maven.org/remotecontent?filepath=kg/apc/jmeter-plugins-cmn-jmeter/0.4/jmeter-plugins-cmn-jmeter-0.4.jar"
        },
        "depends": [
          "jmeter-http"
        ]
      },
      "0.8": {
        "changes": "Fixed sample labels for JMeter 5.0",
        "downloadUrl": "https://search.maven.org/remotecontent?filepath=com/blazemeter/jmeter-parallel/0.8/jmeter-parallel-0.8.jar",
        "libs": {
          "jmeter-plugins-cmn-jmeter": "https://search.maven.org/remotecontent?filepath=kg/apc/jmeter-plugins-cmn-jmeter/0.4/jmeter-plugins-cmn-jmeter-0.4.jar"
        },
        "depends": [
          "jmeter-http"
        ]
      },
      "0.9": {
        "changes": "Fixed Test Actions (Start Next Thread Loop, Stop Thread, Stop All Threads)",
        "downloadUrl": "https://search.maven.org/remotecontent?filepath=com/blazemeter/jmeter-parallel/0.9/jmeter-parallel-0.9.jar",
        "libs": {
          "jmeter-plugins-cmn-jmeter": "https://search.maven.org/remotecontent?filepath=kg/apc/jmeter-plugins-cmn-jmeter/0.4/jmeter-plugins-cmn-jmeter-0.4.jar"
        },
        "depends": [
          "jmeter-http"
        ]
      },
      "0.10": {
        "changes": "Add ability to limit the number of thread to start to simulate browser's real threading",
        "downloadUrl": "https://search.maven.org/remotecontent?filepath=com/blazemeter/jmeter-parallel/0.10/jmeter-parallel-0.10.jar",
        "libs": {
          "jmeter-plugins-cmn-jmeter": "https://search.maven.org/remotecontent?filepath=kg/apc/jmeter-plugins-cmn-jmeter/0.4/jmeter-plugins-cmn-jmeter-0.4.jar"
        },
        "depends": [
          "jmeter-http"
        ]
      },
      "0.11": {
        "changes": "Fix parallel controller for JMeter 5.3+",
        "downloadUrl": "https://search.maven.org/remotecontent?filepath=com/blazemeter/jmeter-parallel/0.11/jmeter-parallel-0.11.jar",
        "libs": {
          "jmeter-plugins-cmn-jmeter": "https://search.maven.org/remotecontent?filepath=kg/apc/jmeter-plugins-cmn-jmeter/0.7/jmeter-plugins-cmn-jmeter-0.7.jar"
        },
        "depends": [
          "jmeter-http"
        ]
      }
    }
  },
  {
    "id": "jpgc-rotating-listener",
    "name": "Rotating JTL Listener",
    "description": "Rotating listener provides writing sequence of files, limited by number of samples per file.",
    "screenshotUrl": "https://github.com/Blazemeter/jmeter-bzm-plugins/blob/master/rotating-listener/rotatingListener.png?raw=true",
    "helpUrl": "https://github.com/Blazemeter/jmeter-bzm-plugins/blob/master/rotating-listener/RotatingListener.md",
    "vendor": "BlazeMeter",
    "markerClass": "com.blazemeter.jmeter.RotatingResultCollector",
    "componentClasses": [
      "com.blazemeter.jmeter.RotatingResultCollector",
      "com.blazemeter.jmeter.RotatingResultCollectorGui"
    ],
    "versions": {
      "0.1": {
        "downloadUrl": "https://search.maven.org/remotecontent?filepath=kg/apc/jmeter-plugins-rotating-listener/0.1/jmeter-plugins-rotating-listener-0.1.jar",
        "libs": {
          "jmeter-plugins-cmn-jmeter": "https://search.maven.org/remotecontent?filepath=kg/apc/jmeter-plugins-cmn-jmeter/0.4/jmeter-plugins-cmn-jmeter-0.4.jar"
        }
      },
      "0.2": {
        "changes": "Fixed file naming when file hasn't extension",
        "downloadUrl": "https://search.maven.org/remotecontent?filepath=com/blazemeter/jmeter-plugins-rotating-listener/0.2/jmeter-plugins-rotating-listener-0.2.jar",
        "libs": {
          "jmeter-plugins-cmn-jmeter": "https://search.maven.org/remotecontent?filepath=kg/apc/jmeter-plugins-cmn-jmeter/0.7/jmeter-plugins-cmn-jmeter-0.7.jar"
        }
      }
    }
  },
  {
    "id": "jpgc-sense",
    "name": "BlazeMeter Uploader",
    "description": "This is special plugin in for uploading results to BlazeMeter/BlazeMeter Sense during test running or immediately after test end",
    "screenshotUrl": "https://raw.githubusercontent.com/artem-fedorov/jmeter-bzm-plugins/bzm-uploader/sense-uploader/BlazeMeterPlugin.png",
    "helpUrl": "https://github.com/Blazemeter/jmeter-bzm-plugins/blob/master/sense-uploader/BlazemeterPlugin.md",
    "vendor": "BlazeMeter",
    "markerClass": "kg.apc.jmeter.reporters.LoadosophiaUploader",
    "componentClasses": [
      "kg.apc.jmeter.reporters.LoadosophiaUploader",
      "kg.apc.jmeter.reporters.LoadosophiaUploaderGui",
      "kg.apc.jmeter.reporters.bzm.BlazeMeterUploader",
      "kg.apc.jmeter.reporters.bzm.BlazeMeterUploaderGui"
    ],
    "versions": {
      "2.0": {
        "downloadUrl": "https://search.maven.org/remotecontent?filepath=kg/apc/jmeter-plugins-senseuploader/2.0/jmeter-plugins-senseuploader-2.0.jar",
        "libs": {
          "jmeter-plugins-cmn-jmeter": "https://search.maven.org/remotecontent?filepath=kg/apc/jmeter-plugins-cmn-jmeter/0.4/jmeter-plugins-cmn-jmeter-0.4.jar"
        }
      },
      "2.1": {
        "downloadUrl": "https://search.maven.org/remotecontent?filepath=kg/apc/jmeter-plugins-senseuploader/2.1/jmeter-plugins-senseuploader-2.1.jar",
        "libs": {
          "jmeter-plugins-cmn-jmeter": "https://search.maven.org/remotecontent?filepath=kg/apc/jmeter-plugins-cmn-jmeter/0.4/jmeter-plugins-cmn-jmeter-0.4.jar"
        }
      },
      "2.2": {
        "downloadUrl": "https://search.maven.org/remotecontent?filepath=kg/apc/jmeter-plugins-senseuploader/2.2/jmeter-plugins-senseuploader-2.2.jar",
        "libs": {
          "jmeter-plugins-cmn-jmeter": "https://search.maven.org/remotecontent?filepath=kg/apc/jmeter-plugins-cmn-jmeter/0.4/jmeter-plugins-cmn-jmeter-0.4.jar"
        }
      },
      "2.3": {
        "downloadUrl": "https://search.maven.org/remotecontent?filepath=kg/apc/jmeter-plugins-senseuploader/2.3/jmeter-plugins-senseuploader-2.3.jar",
        "libs": {
          "jmeter-plugins-cmn-jmeter": "https://search.maven.org/remotecontent?filepath=kg/apc/jmeter-plugins-cmn-jmeter/0.4/jmeter-plugins-cmn-jmeter-0.4.jar"
        }
      },
      "2.4": {
        "downloadUrl": "https://search.maven.org/remotecontent?filepath=kg/apc/jmeter-plugins-senseuploader/2.4/jmeter-plugins-senseuploader-2.4.jar",
        "libs": {
          "jmeter-plugins-cmn-jmeter": "https://search.maven.org/remotecontent?filepath=kg/apc/jmeter-plugins-cmn-jmeter/0.4/jmeter-plugins-cmn-jmeter-0.4.jar"
        }
      },
      "3.0": {
        "changes": "Added BlazeMeter Uploader",
        "downloadUrl": "https://search.maven.org/remotecontent?filepath=kg/apc/jmeter-plugins-senseuploader/3.0/jmeter-plugins-senseuploader-3.0.jar",
        "libs": {
          "jmeter-plugins-cmn-jmeter": "https://search.maven.org/remotecontent?filepath=kg/apc/jmeter-plugins-cmn-jmeter/0.4/jmeter-plugins-cmn-jmeter-0.4.jar"
        }
      },
      "3.2": {
        "changes": "Migrated to BackendListener",
        "downloadUrl": "https://github.com/Blazemeter/jmeter-bzm-plugins/releases/download/jpgc-sense-3.2/jmeter-plugins-senseuploader-3.2.jar",
        "libs": {
          "jmeter-plugins-cmn-jmeter": "https://search.maven.org/remotecontent?filepath=kg/apc/jmeter-plugins-cmn-jmeter/0.4/jmeter-plugins-cmn-jmeter-0.4.jar"
        }
      },
      "3.3": {
        "changes": "Fixed distributed mode",
        "downloadUrl": "https://github.com/Blazemeter/jmeter-bzm-plugins/releases/download/jpgc-sense-3.3/jmeter-plugins-senseuploader-3.3.jar",
        "libs": {
          "jmeter-plugins-cmn-jmeter": "https://search.maven.org/remotecontent?filepath=kg/apc/jmeter-plugins-cmn-jmeter/0.4/jmeter-plugins-cmn-jmeter-0.4.jar"
        }
      },
      "3.4": {
        "changes": "Fixed results saving",
        "downloadUrl": "https://github.com/Blazemeter/jmeter-bzm-plugins/releases/download/jpgc-sense-3.4/jmeter-plugins-senseuploader-3.4.jar",
        "libs": {
          "jmeter-plugins-cmn-jmeter": "https://search.maven.org/remotecontent?filepath=kg/apc/jmeter-plugins-cmn-jmeter/0.4/jmeter-plugins-cmn-jmeter-0.4.jar"
        }
      },
      "3.5": {
        "changes": "Fixed upload errors to BlazeMeter",
        "downloadUrl": "https://search.maven.org/remotecontent?filepath=com/blazemeter/jmeter-plugins-senseuploader/3.5/jmeter-plugins-senseuploader-3.5.jar",
        "libs": {
          "jmeter-plugins-cmn-jmeter": "https://search.maven.org/remotecontent?filepath=kg/apc/jmeter-plugins-cmn-jmeter/0.7/jmeter-plugins-cmn-jmeter-0.7.jar"
        }
      }
    }
  },
  {
    "id": "jpgc-wsc",
    "name": "Weighted Switch Controller",
    "description": "This controller takes the information about child elements and offers managing relative weights for them.",
    "screenshotUrl": "https://raw.githubusercontent.com/Blazemeter/jmeter-bzm-plugins/master/wsc/WeightedSwitchController.png",
    "helpUrl": "https://github.com/Blazemeter/jmeter-bzm-plugins/blob/master/wsc/WeightedSwitchController.md",
    "vendor": "JMeter-Plugins.org",
    "markerClass": "com.blazemeter.jmeter.control.WeightedSwitchController",
    "componentClasses": [
      "com.blazemeter.jmeter.control.WeightedSwitchController",
      "com.blazemeter.jmeter.control.WeightedSwitchControllerGui"
    ],
    "versions": {
      "0.1": {
        "downloadUrl": "https://search.maven.org/remotecontent?filepath=kg/apc/jmeter-plugins-wsc/0.1/jmeter-plugins-wsc-0.1.jar",
        "libs": {
          "jmeter-plugins-cmn-jmeter": "https://search.maven.org/remotecontent?filepath=kg/apc/jmeter-plugins-cmn-jmeter/0.4/jmeter-plugins-cmn-jmeter-0.4.jar"
        }
      },
      "0.2": {
        "changes": "<p>Fixed samples generation in nested controllers(Transaction, Simple, Weighted Switch);</p><p>- Fixed samples generation with disabled subgroups;</p><p>- Added effect of disabled subgroups in GUI;</p><p>- Added a ban on changing the column 'Name' and the disabled subgroup in GUI</p>",
        "downloadUrl": "https://search.maven.org/remotecontent?filepath=kg/apc/jmeter-plugins-wsc/0.2/jmeter-plugins-wsc-0.2.jar",
        "libs": {
          "jmeter-plugins-cmn-jmeter>=0.5": "https://search.maven.org/remotecontent?filepath=kg/apc/jmeter-plugins-cmn-jmeter/0.5/jmeter-plugins-cmn-jmeter-0.5.jar"
        }
      },
      "0.3": {
        "changes": "fix test plan reloading",
        "downloadUrl": "https://search.maven.org/remotecontent?filepath=com/blazemeter/jmeter-plugins-wsc/0.3/jmeter-plugins-wsc-0.3.jar",
        "libs": {
          "jmeter-plugins-cmn-jmeter>=0.5": "https://search.maven.org/remotecontent?filepath=kg/apc/jmeter-plugins-cmn-jmeter/0.5/jmeter-plugins-cmn-jmeter-0.5.jar"
        }
      },
      "0.4": {
        "changes": "<p>Fixed samples generation in transaction controllers</p><p>Fixed styles for JMeter Darcula</p>",
        "downloadUrl": "https://search.maven.org/remotecontent?filepath=com/blazemeter/jmeter-plugins-wsc/0.4/jmeter-plugins-wsc-0.4.jar",
        "libs": {
          "jmeter-plugins-cmn-jmeter>=0.5": "https://search.maven.org/remotecontent?filepath=kg/apc/jmeter-plugins-cmn-jmeter/0.5/jmeter-plugins-cmn-jmeter-0.5.jar"
        }
      },
      "0.5": {
        "changes": "<p>Fixed samples generation in transaction controllers (all nested levels)</p><p>Fixed samples generation with disabled subgroups</p>",
        "downloadUrl": "https://search.maven.org/remotecontent?filepath=com/blazemeter/jmeter-plugins-wsc/0.5/jmeter-plugins-wsc-0.5.jar",
        "libs": {
          "jmeter-plugins-cmn-jmeter>=0.5": "https://search.maven.org/remotecontent?filepath=kg/apc/jmeter-plugins-cmn-jmeter/0.5/jmeter-plugins-cmn-jmeter-0.5.jar"
        }
      },
      "0.6": {
        "changes": "Added `Randomize choice`",
        "downloadUrl": "https://search.maven.org/remotecontent?filepath=com/blazemeter/jmeter-plugins-wsc/0.6/jmeter-plugins-wsc-0.6.jar",
        "libs": {
          "jmeter-plugins-cmn-jmeter>=0.5": "https://search.maven.org/remotecontent?filepath=kg/apc/jmeter-plugins-cmn-jmeter/0.5/jmeter-plugins-cmn-jmeter-0.5.jar"
        }
      },
      "0.7": {
        "changes": "Fixed random weight choose",
        "downloadUrl": "https://search.maven.org/remotecontent?filepath=com/blazemeter/jmeter-plugins-wsc/0.7/jmeter-plugins-wsc-0.7.jar",
        "libs": {
          "jmeter-plugins-cmn-jmeter>=0.7": "https://search.maven.org/remotecontent?filepath=kg/apc/jmeter-plugins-cmn-jmeter/0.7/jmeter-plugins-cmn-jmeter-0.7.jar"
        }
      }
    }
  },
  {
    "id": "jpgc-xmpp",
    "name": "XMPP Protocol Support",
    "description": "Enables testing XMPP (Jabber) protocol servers",
    "screenshotUrl": "https://raw.githubusercontent.com/Blazemeter/jmeter-bzm-plugins/master/xmpp/xmpp-sampler.png",
    "helpUrl": "https://github.com/Blazemeter/jmeter-bzm-plugins/blob/master/xmpp/XMPPSampler.md",
    "vendor": "BlazeMeter.com",
    "markerClass": "com.blazemeter.jmeter.xmpp.JMeterXMPPSampler",
    "componentClasses": [
      "com.blazemeter.jmeter.xmpp.JMeterXMPPConnection",
      "com.blazemeter.jmeter.xmpp.JMeterXMPPConnectionGui",
      "com.blazemeter.jmeter.xmpp.JMeterXMPPSampler",
      "com.blazemeter.jmeter.xmpp.JMeterXMPPSamplerGui"
    ],
    "versions": {
      "1.4.0": {
        "downloadUrl": "https://search.maven.org/remotecontent?filepath=kg/apc/jmeter-plugins-xmpp/1.4.0/jmeter-plugins-xmpp-1.4.0.jar",
        "libs": {
          "jmeter-plugins-cmn-jmeter": "https://search.maven.org/remotecontent?filepath=kg/apc/jmeter-plugins-cmn-jmeter/0.4/jmeter-plugins-cmn-jmeter-0.4.jar",
          "smack-core": "https://search.maven.org/remotecontent?filepath=org/igniterealtime/smack/smack-core/4.0.7/smack-core-4.0.7.jar",
          "smack-tcp": "https://search.maven.org/remotecontent?filepath=org/igniterealtime/smack/smack-tcp/4.0.7/smack-tcp-4.0.7.jar",
          "smack-bosh": "https://search.maven.org/remotecontent?filepath=org/igniterealtime/smack/smack-bosh/4.0.7/smack-bosh-4.0.7.jar",
          "smack-extensions": "https://search.maven.org/remotecontent?filepath=org/igniterealtime/smack/smack-extensions/4.0.7/smack-extensions-4.0.7.jar",
          "jbosh": "https://search.maven.org/remotecontent?filepath=org/igniterealtime/jbosh/jbosh/0.8.0/jbosh-0.8.0.jar"
        }
      },
      "1.5.1": {
        "changes": "Added support for 'from mode' option in XMPP Connection",
        "downloadUrl": "https://search.maven.org/remotecontent?filepath=kg/apc/jmeter-plugins-xmpp/1.5.1/jmeter-plugins-xmpp-1.5.1.jar",
        "libs": {
          "jmeter-plugins-cmn-jmeter": "https://search.maven.org/remotecontent?filepath=kg/apc/jmeter-plugins-cmn-jmeter/0.7/jmeter-plugins-cmn-jmeter-0.7.jar",
          "smack-core": "https://search.maven.org/remotecontent?filepath=org/igniterealtime/smack/smack-core/4.0.7/smack-core-4.0.7.jar",
          "smack-tcp": "https://search.maven.org/remotecontent?filepath=org/igniterealtime/smack/smack-tcp/4.0.7/smack-tcp-4.0.7.jar",
          "smack-bosh": "https://search.maven.org/remotecontent?filepath=org/igniterealtime/smack/smack-bosh/4.0.7/smack-bosh-4.0.7.jar",
          "smack-extensions": "https://search.maven.org/remotecontent?filepath=org/igniterealtime/smack/smack-extensions/4.0.7/smack-extensions-4.0.7.jar",
          "jbosh": "https://search.maven.org/remotecontent?filepath=org/igniterealtime/jbosh/jbosh/0.8.0/jbosh-0.8.0.jar"
        }
      }
    }
  },
  {
    "id": "bzm-hls",
    "name": "BlazeMeter - HLS Plugin",
    "description": "HLS protocol sampler, enabling testing for streaming applications",
    "screenshotUrl": "https://raw.githubusercontent.com/Blazemeter/HLSPlugin/master/docs/sampler.png",
    "helpUrl": "https://github.com/Blazemeter/HLSPlugin/blob/master/README.md",
    "vendor": "BlazeMeter",
    "markerClass": "com.blazemeter.jmeter.hls.logic.HlsSampler",
    "componentClasses": [
      "com.blazemeter.jmeter.hls.gui.HlsSamplerGui",
      "com.blazemeter.jmeter.hls.logic.HlsSampler"
    ],
    "versions": {
      "1.0": {
        "downloadUrl": "https://github.com/Blazemeter/jmeter-bzm-plugins/releases/download/jmeter-hls-1.0/jmeter-hls-1.0.jar",
        "depends": [
          "jmeter-http"
        ]
      },
      "1.1": {
        "downloadUrl": "https://github.com/Blazemeter/jmeter-bzm-plugins/releases/download/jmeter-hls-1.1/jmeter-hls-1.1.jar",
        "depends": [
          "jmeter-http"
        ]
      },
      "1.2": {
        "changes": "Some bugs fixed",
        "downloadUrl": "https://github.com/Blazemeter/jmeter-bzm-plugins/releases/download/jmeter-hls-1.2/jmeter-hls-1.2.jar",
        "depends": [
          "jmeter-http"
        ]
      },
      "1.3": {
        "changes": "Plugin name has been changed to continue with the convention of BlazeMeter plugins.\nLogo has been added.\nIssue in live stream when it did not show results in View Results Tree has been fixed.",
        "downloadUrl": "https://github.com/Blazemeter/HLSPlugin/releases/download/v1.3/jmeter-hls-1.3.jar",
        "depends": [
          "jmeter-http"
        ]
      },
      "2.0": {
        "changes": "Major new release with a lot of bug fixes and new features (simplified UI, granular assertions, etc). Please check the readme",
        "downloadUrl": "https://github.com/Blazemeter/HLSPlugin/releases/download/v2.0/jmeter-bzm-hls-2.0.jar",
        "libs": {
          "hlsparserj>=1.0.0": "https://github.com/Blazemeter/HLSPlugin/releases/download/v2.0/hlsparserj-1.0.0.jar"
        },
        "depends": [
          "jmeter-http"
        ]
      },
      "3.0": {
        "changes": "Major new release with support for MPEG DASH and new features (like automatic protocol recognition, sampler renaming, etc). Please check the readme",
        "downloadUrl": "https://github.com/Blazemeter/HLSPlugin/releases/download/v3.0/jmeter-bzm-hls-3.0.jar",
        "libs": {
          "hlsparserj>=1.0.0": "https://github.com/Blazemeter/HLSPlugin/releases/download/v3.0/hlsparserj-1.0.0.jar",
          "mpd-parser>=release-0.8-jdk8": "https://github.com/Blazemeter/HLSPlugin/releases/download/v3.0/mpd-parser-0.8-jdk8.jar",
          "jackson-core>=2.10.2" : "https://github.com/Blazemeter/HLSPlugin/releases/download/v3.0/jackson-core-2.10.2.jar",
          "jackson-dataformat-xml>=2.10.2":"https://github.com/Blazemeter/HLSPlugin/releases/download/v3.0/jackson-dataformat-xml-2.10.2.jar",
          "jackson-annotations>=2.10.2" : "https://github.com/Blazemeter/HLSPlugin/releases/download/v3.0/jackson-annotations-2.10.2.jar",
          "jackson-databind>=2.10.2" : "https://github.com/Blazemeter/HLSPlugin/releases/download/v3.0/jackson-databind-2.10.2.jar",
          "jackson-module-jaxb-annotations>=2.10.2":"https://github.com/Blazemeter/HLSPlugin/releases/download/v3.0/jackson-module-jaxb-annotations-2.10.2.jar",
          "stax2-api>=4.2":"https://github.com/Blazemeter/HLSPlugin/releases/download/v3.0/stax2-api-4.2.jar",
          "woodstox-core>=5.3.0":"https://github.com/Blazemeter/HLSPlugin/releases/download/v3.0/woodstox-core-5.3.0.jar"
        },
        "depends": [
          "jmeter-http"
        ]
      },
      "3.0.1": {
        "changes": "Patch fix for playlist reload timing and behaviour for interrupted tests",
        "downloadUrl": "https://github.com/Blazemeter/HLSPlugin/releases/download/v3.0.1/jmeter-bzm-hls-3.0.1.jar",
        "libs": {
          "hlsparserj>=1.0.0": "https://github.com/Blazemeter/HLSPlugin/releases/download/v3.0.1/hlsparserj-1.0.0.jar",
          "mpd-parser>=release-0.8-jdk8": "https://github.com/Blazemeter/HLSPlugin/releases/download/v3.0.1/mpd-parser-0.8-jdk8.jar",
          "jackson-core>=2.10.2" : "https://github.com/Blazemeter/HLSPlugin/releases/download/v3.0.1/jackson-core-2.10.2.jar",
          "jackson-dataformat-xml>=2.10.2":"https://github.com/Blazemeter/HLSPlugin/releases/download/v3.0.1/jackson-dataformat-xml-2.10.2.jar",
          "jackson-annotations>=2.10.2" : "https://github.com/Blazemeter/HLSPlugin/releases/download/v3.0.1/jackson-annotations-2.10.2.jar",
          "jackson-databind>=2.10.2" : "https://github.com/Blazemeter/HLSPlugin/releases/download/v3.0.1/jackson-databind-2.10.2.jar",
          "jackson-module-jaxb-annotations>=2.10.2":"https://github.com/Blazemeter/HLSPlugin/releases/download/v3.0.1/jackson-module-jaxb-annotations-2.10.2.jar",
          "stax2-api>=4.2":"https://github.com/Blazemeter/HLSPlugin/releases/download/v3.0.1/stax2-api-4.2.jar",
          "woodstox-core>=5.3.0":"https://github.com/Blazemeter/HLSPlugin/releases/download/v3.0.1/woodstox-core-5.3.0.jar"
        },
        "depends": [
          "jmeter-http"
        ]
      },
      "3.0.2": {
        "changes": "Patch fix for equals signs on URIs, subtitles better handled",
        "downloadUrl": "https://github.com/Blazemeter/HLSPlugin/releases/download/v3.0.2/jmeter-bzm-hls-3.0.2.jar",
        "libs": {
          "hlsparserj>=1.0.1-c287e78": "https://github.com/Blazemeter/HLSPlugin/releases/download/v3.0.2/hlsparserj-c287e78.jar",
          "mpd-parser>=release-0.8-jdk8": "https://github.com/Blazemeter/HLSPlugin/releases/download/v3.0.2/mpd-parser-0.8-jdk8.jar",
          "jackson-core>=2.10.2" : "https://github.com/Blazemeter/HLSPlugin/releases/download/v3.0.2/jackson-core-2.10.2.jar",
          "jackson-dataformat-xml>=2.10.2":"https://github.com/Blazemeter/HLSPlugin/releases/download/v3.0.2/jackson-dataformat-xml-2.10.2.jar",
          "jackson-annotations>=2.10.2" : "https://github.com/Blazemeter/HLSPlugin/releases/download/v3.0.2/jackson-annotations-2.10.2.jar",
          "jackson-databind>=2.10.2" : "https://github.com/Blazemeter/HLSPlugin/releases/download/v3.0.2/jackson-databind-2.10.2.jar",
          "jackson-module-jaxb-annotations>=2.10.2":"https://github.com/Blazemeter/HLSPlugin/releases/download/v3.0.2/jackson-module-jaxb-annotations-2.10.2.jar",
          "stax2-api>=4.2":"https://github.com/Blazemeter/HLSPlugin/releases/download/v3.0.2/stax2-api-4.2.jar",
          "woodstox-core>=5.3.0":"https://github.com/Blazemeter/HLSPlugin/releases/download/v3.0.2/woodstox-core-5.3.0.jar"
        },
        "depends": [
          "jmeter-http"
        ]
      },
      "3.0.3": {
        "changes": "Patch fix master-slave tests & URL protocol recognition improved",
        "downloadUrl": "https://github.com/Blazemeter/HLSPlugin/releases/download/v3.0.3/jmeter-bzm-hls-3.0.3.jar",
        "libs": {
          "hlsparserj>=1.0.1-c287e78": "https://github.com/Blazemeter/HLSPlugin/releases/download/v3.0.3/hlsparserj-c287e78.jar",
          "mpd-parser>=release-0.8-jdk8": "https://github.com/Blazemeter/HLSPlugin/releases/download/v3.0.3/mpd-parser-0.8-jdk8.jar",
          "jackson-core>=2.10.2" : "https://github.com/Blazemeter/HLSPlugin/releases/download/v3.0.3/jackson-core-2.10.2.jar",
          "jackson-dataformat-xml>=2.10.2":"https://github.com/Blazemeter/HLSPlugin/releases/download/v3.0.3/jackson-dataformat-xml-2.10.2.jar",
          "jackson-annotations>=2.10.2" : "https://github.com/Blazemeter/HLSPlugin/releases/download/v3.0.3/jackson-annotations-2.10.2.jar",
          "jackson-databind>=2.10.2" : "https://github.com/Blazemeter/HLSPlugin/releases/download/v3.0.3/jackson-databind-2.10.2.jar",
          "jackson-module-jaxb-annotations>=2.10.2":"https://github.com/Blazemeter/HLSPlugin/releases/download/v3.0.3/jackson-module-jaxb-annotations-2.10.2.jar",
          "stax2-api>=4.2":"https://github.com/Blazemeter/HLSPlugin/releases/download/v3.0.3/stax2-api-4.2.jar",
          "woodstox-core>=5.3.0":"https://github.com/Blazemeter/HLSPlugin/releases/download/v3.0.3/woodstox-core-5.3.0.jar"
        },
        "depends": [
          "jmeter-http"
        ]
      },
      "3.1": {
        "changes": "Improved protocol recognition and fixed minor dash issues",
        "downloadUrl": "https://github.com/Blazemeter/HLSPlugin/releases/download/v3.1/jmeter-bzm-hls-3.1.jar",
        "libs": {
          "hlsparserj>=1.0.1-c287e78": "https://github.com/Blazemeter/HLSPlugin/releases/download/v3.1/hlsparserj-c287e78.jar",
          "mpd-parser>=release-0.8-jdk8": "https://github.com/Blazemeter/HLSPlugin/releases/download/v3.1/mpd-parser-0.8-jdk8.jar",
          "jackson-core>=2.10.2" : "https://github.com/Blazemeter/HLSPlugin/releases/download/v3.1/jackson-core-2.10.2.jar",
          "jackson-dataformat-xml>=2.10.2":"https://github.com/Blazemeter/HLSPlugin/releases/download/v3.1/jackson-dataformat-xml-2.10.2.jar",
          "jackson-annotations>=2.10.2" : "https://github.com/Blazemeter/HLSPlugin/releases/download/v3.1/jackson-annotations-2.10.2.jar",
          "jackson-databind>=2.10.2" : "https://github.com/Blazemeter/HLSPlugin/releases/download/v3.1/jackson-databind-2.10.2.jar",
          "jackson-module-jaxb-annotations>=2.10.2":"https://github.com/Blazemeter/HLSPlugin/releases/download/v3.1/jackson-module-jaxb-annotations-2.10.2.jar",
          "stax2-api>=4.2":"https://github.com/Blazemeter/HLSPlugin/releases/download/v3.1/stax2-api-4.2.jar",
          "woodstox-core>=5.3.0":"https://github.com/Blazemeter/HLSPlugin/releases/download/v3.1/woodstox-core-5.3.0.jar"
        },
        "depends": [
          "jmeter-http"
        ]
      }
    }
  },
  {
    "id": "bzm-http2-legacy",
    "name": "BlazeMeter - HTTP/2 Legacy Plugin",
    "description": "This is a deprecated HTTP/2 plugin which allows to test the HTTP2 protocol in java 8 (Recommended to migrate to v2.0 or higher)",
    "helpUrl": "https://github.com/Blazemeter/jmeter-http2-plugin/blob/LEGACY/README.md",
    "screenshotUrl": "https://raw.githubusercontent.com/Blazemeter/jmeter-http2-plugin/LEGACY/syncRequest.png",
    "vendor": "BlazeMeter",
    "markerClass": "com.blazemeter.jmeter.http2.sampler.HTTP2Request",
    "componentClasses": [
      "com.blazemeter.jmeter.http2.sampler.HTTP2Request",
      "com.blazemeter.jmeter.http2.sampler.gui.HTTP2RequestGui",
      "com.blazemeter.jmeter.http2.sampler.gui.Http2DefaultsGui",
      "com.blazemeter.jmeter.http2.visualizers.ResultCollector",
      "com.blazemeter.jmeter.http2.visualizers.SimpleDataWriter",
      "com.blazemeter.jmeter.http2.visualizers.ViewResultsFullVisualizer"
    ],
    "versions": {
      "1.6.2": {
        "changes": "Archive Java 8 HTTP2 Plugin",
        "downloadUrl": "https://github.com/Blazemeter/jmeter-http2-plugin/releases/download/v1.6.2/jmeter-bzm-http2-1.6.2.jar",
        "depends": [
          "jmeter-http"
        ],
        "libs": {
          "http2-client>=9.4.35.v20201120": "https://github.com/Blazemeter/jmeter-http2-plugin/releases/download/v1.6.2/http2-client-9.4.35.v20201120.jar",
          "http2-common>=9.4.35.v20201120": "https://github.com/Blazemeter/jmeter-http2-plugin/releases/download/v1.6.2/http2-common-9.4.35.v20201120.jar",
          "http2-hpack>=9.4.35.v20201120": "https://github.com/Blazemeter/jmeter-http2-plugin/releases/download/v1.6.2/http2-hpack-9.4.35.v20201120.jar",
          "jetty-alpn-client>=9.4.35.v20201120": "https://github.com/Blazemeter/jmeter-http2-plugin/releases/download/v1.6.2/jetty-alpn-client-9.4.35.v20201120.jar",
          "jetty-alpn-openjdk8-client>=9.4.35.v20201120": "https://github.com/Blazemeter/jmeter-http2-plugin/releases/download/v1.6.2/jetty-alpn-openjdk8-client-9.4.35.v20201120.jar",
          "jetty-http>=9.4.35.v20201120": "https://github.com/Blazemeter/jmeter-http2-plugin/releases/download/v1.6.2/jetty-http-9.4.35.v20201120.jar",
          "jetty-io>=9.4.35.v20201120": "https://github.com/Blazemeter/jmeter-http2-plugin/releases/download/v1.6.2/jetty-io-9.4.35.v20201120.jar",
          "jetty-util>=9.4.35.v20201120": "https://github.com/Blazemeter/jmeter-http2-plugin/releases/download/v1.6.2/jetty-util-9.4.35.v20201120.jar"
        }
      }
    }
  },
  {
    "id": "bzm-http2",
    "name": "BlazeMeter - HTTP/2 Plugin",
    "description": "HTTP/2 protocol sampler",
    "helpUrl": "https://github.com/Blazemeter/jmeter-http2-plugin/blob/master/README.md",
    "screenshotUrl": "https://raw.githubusercontent.com/Blazemeter/jmeter-http2-plugin/master/syncRequest.png",
    "vendor": "BlazeMeter",
    "installerClass": "com.blazemeter.jmeter.http2.Installer",
    "markerClass": "com.blazemeter.jmeter.http2.sampler.HTTP2Sampler",
    "componentClasses": [
      "com.blazemeter.jmeter.http2.sampler.gui.HTTP2SamplerGui"
    ],
    "versions": {
      "1.0": {
        "downloadUrl": "https://github.com/Blazemeter/jmeter-bzm-plugins/releases/download/http2-1.0/jmeter-bzm-http2-1.0.jar",
        "depends": [
          "jmeter-http"
        ],
        "libs": {
          "jmeter-plugins-cmn-jmeter": "https://search.maven.org/remotecontent?filepath=kg/apc/jmeter-plugins-cmn-jmeter/0.5/jmeter-plugins-cmn-jmeter-0.5.jar",
          "jetty-client": "http://search.maven.org/remotecontent?filepath=org/eclipse/jetty/jetty-client/9.4.0.v20161208/jetty-client-9.4.0.v20161208.jar",
          "jetty-util": "http://search.maven.org/remotecontent?filepath=org/eclipse/jetty/jetty-util/9.4.0.v20161208/jetty-util-9.4.0.v20161208.jar",
          "jetty-http": "http://search.maven.org/remotecontent?filepath=org/eclipse/jetty/jetty-http/9.4.0.v20161208/jetty-http-9.4.0.v20161208.jar",
          "jetty-io": "http://search.maven.org/remotecontent?filepath=org/eclipse/jetty/jetty-io/9.4.0.v20161208/jetty-io-9.4.0.v20161208.jar",
          "jetty-alpn-client": "http://search.maven.org/remotecontent?filepath=org/eclipse/jetty/jetty-alpn-client/9.4.0.v20161208/jetty-alpn-client-9.4.0.v20161208.jar",
          "http2-client": "http://search.maven.org/remotecontent?filepath=org/eclipse/jetty/http2/http2-client/9.4.0.v20161208/http2-client-9.4.0.v20161208.jar",
          "http2-common": "http://search.maven.org/remotecontent?filepath=org/eclipse/jetty/http2/http2-common/9.4.0.v20161208/http2-common-9.4.0.v20161208.jar",
          "http2-hpack": "http://search.maven.org/remotecontent?filepath=org/eclipse/jetty/http2/http2-hpack/9.4.0.v20161208/http2-hpack-9.4.0.v20161208.jar",
          "jetty-osgi-alpn": "http://search.maven.org/remotecontent?filepath=org/eclipse/jetty/osgi/jetty-osgi-alpn/9.4.0.v20161208/jetty-osgi-alpn-9.4.0.v20161208.jar"
        }
      },
      "1.1": {
        "changes": "Fix memory leak and JTL output error",
        "downloadUrl": "https://search.maven.org/remotecontent?filepath=com/blazemeter/jmeter-bzm-http2/1.1/jmeter-bzm-http2-1.1.jar",
        "depends": [
          "jmeter-http"
        ],
        "libs": {
          "jmeter-plugins-cmn-jmeter": "https://search.maven.org/remotecontent?filepath=kg/apc/jmeter-plugins-cmn-jmeter/0.5/jmeter-plugins-cmn-jmeter-0.5.jar",
          "jetty-client": "http://search.maven.org/remotecontent?filepath=org/eclipse/jetty/jetty-client/9.4.0.v20161208/jetty-client-9.4.0.v20161208.jar",
          "jetty-util": "http://search.maven.org/remotecontent?filepath=org/eclipse/jetty/jetty-util/9.4.0.v20161208/jetty-util-9.4.0.v20161208.jar",
          "jetty-http": "http://search.maven.org/remotecontent?filepath=org/eclipse/jetty/jetty-http/9.4.0.v20161208/jetty-http-9.4.0.v20161208.jar",
          "jetty-io": "http://search.maven.org/remotecontent?filepath=org/eclipse/jetty/jetty-io/9.4.0.v20161208/jetty-io-9.4.0.v20161208.jar",
          "jetty-alpn-client": "http://search.maven.org/remotecontent?filepath=org/eclipse/jetty/jetty-alpn-client/9.4.0.v20161208/jetty-alpn-client-9.4.0.v20161208.jar",
          "http2-client": "http://search.maven.org/remotecontent?filepath=org/eclipse/jetty/http2/http2-client/9.4.0.v20161208/http2-client-9.4.0.v20161208.jar",
          "http2-common": "http://search.maven.org/remotecontent?filepath=org/eclipse/jetty/http2/http2-common/9.4.0.v20161208/http2-common-9.4.0.v20161208.jar",
          "http2-hpack": "http://search.maven.org/remotecontent?filepath=org/eclipse/jetty/http2/http2-hpack/9.4.0.v20161208/http2-hpack-9.4.0.v20161208.jar",
          "jetty-osgi-alpn": "http://search.maven.org/remotecontent?filepath=org/eclipse/jetty/osgi/jetty-osgi-alpn/9.4.0.v20161208/jetty-osgi-alpn-9.4.0.v20161208.jar"
        }
      },
      "1.2": {
        "changes": "Fix HTTP2 plugin POST support to include proper request and fix issue with callback handler",
        "downloadUrl": "https://search.maven.org/remotecontent?filepath=com/blazemeter/jmeter-bzm-http2/1.2/jmeter-bzm-http2-1.2.jar",
        "depends": [
          "jmeter-http"
        ],
        "libs": {
          "http2-client>=9.4.9.v20180320": "http://search.maven.org/remotecontent?filepath=org/eclipse/jetty/http2/http2-client/9.4.9.v20180320/http2-client-9.4.9.v20180320.jar",
          "http2-common>=9.4.9.v20180320": "http://search.maven.org/remotecontent?filepath=org/eclipse/jetty/http2/http2-common/9.4.9.v20180320/http2-common-9.4.9.v20180320.jar",
          "http2-hpack>=9.4.9.v20180320": "http://search.maven.org/remotecontent?filepath=org/eclipse/jetty/http2/http2-hpack/9.4.9.v20180320/http2-hpack-9.4.9.v20180320.jar",
          "jetty-alpn-client>=9.4.9.v20180320": "http://search.maven.org/remotecontent?filepath=org/eclipse/jetty/jetty-alpn-client/9.4.9.v20180320/jetty-alpn-client-9.4.9.v20180320.jar",
          "jetty-alpn-openjdk8-client>=9.4.9.v20180320": "http://search.maven.org/remotecontent?filepath=org/eclipse/jetty/jetty-alpn-openjdk8-client/9.4.9.v20180320/jetty-alpn-openjdk8-client-9.4.9.v20180320.jar",
          "jetty-http>=9.4.9.v20180320": "http://search.maven.org/remotecontent?filepath=org/eclipse/jetty/jetty-http/9.4.9.v20180320/jetty-http-9.4.9.v20180320.jar",
          "jetty-io>=9.4.9.v20180320": "http://search.maven.org/remotecontent?filepath=org/eclipse/jetty/jetty-io/9.4.9.v20180320/jetty-io-9.4.9.v20180320.jar",
          "jetty-util>=9.4.9.v20180320": "http://search.maven.org/remotecontent?filepath=org/eclipse/jetty/jetty-util/9.4.9.v20180320/jetty-util-9.4.9.v20180320.jar"
        }
      },
      "1.3": {
        "changes": "Added support for standards JMeter listeners and partial support for push promise",
        "downloadUrl": "https://search.maven.org/remotecontent?filepath=com/blazemeter/jmeter-bzm-http2/1.3/jmeter-bzm-http2-1.3.jar",
        "depends": [
          "jmeter-http"
        ],
        "libs": {
          "http2-client>=9.4.9.v20180320": "http://search.maven.org/remotecontent?filepath=org/eclipse/jetty/http2/http2-client/9.4.9.v20180320/http2-client-9.4.9.v20180320.jar",
          "http2-common>=9.4.9.v20180320": "http://search.maven.org/remotecontent?filepath=org/eclipse/jetty/http2/http2-common/9.4.9.v20180320/http2-common-9.4.9.v20180320.jar",
          "http2-hpack>=9.4.9.v20180320": "http://search.maven.org/remotecontent?filepath=org/eclipse/jetty/http2/http2-hpack/9.4.9.v20180320/http2-hpack-9.4.9.v20180320.jar",
          "jetty-alpn-client>=9.4.9.v20180320": "http://search.maven.org/remotecontent?filepath=org/eclipse/jetty/jetty-alpn-client/9.4.9.v20180320/jetty-alpn-client-9.4.9.v20180320.jar",
          "jetty-alpn-openjdk8-client>=9.4.9.v20180320": "http://search.maven.org/remotecontent?filepath=org/eclipse/jetty/jetty-alpn-openjdk8-client/9.4.9.v20180320/jetty-alpn-openjdk8-client-9.4.9.v20180320.jar",
          "jetty-http>=9.4.9.v20180320": "http://search.maven.org/remotecontent?filepath=org/eclipse/jetty/jetty-http/9.4.9.v20180320/jetty-http-9.4.9.v20180320.jar",
          "jetty-io>=9.4.9.v20180320": "http://search.maven.org/remotecontent?filepath=org/eclipse/jetty/jetty-io/9.4.9.v20180320/jetty-io-9.4.9.v20180320.jar",
          "jetty-util>=9.4.9.v20180320": "http://search.maven.org/remotecontent?filepath=org/eclipse/jetty/jetty-util/9.4.9.v20180320/jetty-util-9.4.9.v20180320.jar"
        }
      },
      "1.4": {
        "changes": "Fixed serialization issue for JMeter distributed mode",
        "downloadUrl": "https://search.maven.org/remotecontent?filepath=com/blazemeter/jmeter-bzm-http2/1.4/jmeter-bzm-http2-1.4.jar",
        "depends": [
          "jmeter-http"
        ],
        "libs": {
          "http2-client>=9.4.9.v20180320": "http://search.maven.org/remotecontent?filepath=org/eclipse/jetty/http2/http2-client/9.4.9.v20180320/http2-client-9.4.9.v20180320.jar",
          "http2-common>=9.4.9.v20180320": "http://search.maven.org/remotecontent?filepath=org/eclipse/jetty/http2/http2-common/9.4.9.v20180320/http2-common-9.4.9.v20180320.jar",
          "http2-hpack>=9.4.9.v20180320": "http://search.maven.org/remotecontent?filepath=org/eclipse/jetty/http2/http2-hpack/9.4.9.v20180320/http2-hpack-9.4.9.v20180320.jar",
          "jetty-alpn-client>=9.4.9.v20180320": "http://search.maven.org/remotecontent?filepath=org/eclipse/jetty/jetty-alpn-client/9.4.9.v20180320/jetty-alpn-client-9.4.9.v20180320.jar",
          "jetty-alpn-openjdk8-client>=9.4.9.v20180320": "http://search.maven.org/remotecontent?filepath=org/eclipse/jetty/jetty-alpn-openjdk8-client/9.4.9.v20180320/jetty-alpn-openjdk8-client-9.4.9.v20180320.jar",
          "jetty-http>=9.4.9.v20180320": "http://search.maven.org/remotecontent?filepath=org/eclipse/jetty/jetty-http/9.4.9.v20180320/jetty-http-9.4.9.v20180320.jar",
          "jetty-io>=9.4.9.v20180320": "http://search.maven.org/remotecontent?filepath=org/eclipse/jetty/jetty-io/9.4.9.v20180320/jetty-io-9.4.9.v20180320.jar",
          "jetty-util>=9.4.9.v20180320": "http://search.maven.org/remotecontent?filepath=org/eclipse/jetty/jetty-util/9.4.9.v20180320/jetty-util-9.4.9.v20180320.jar"
        }
      },
      "1.4.1": {
        "changes": "Fix issue handling http responses without body (like 204 status code)",
        "downloadUrl": "https://github.com/Blazemeter/jmeter-http2-plugin/releases/download/v1.4.1/jmeter-bzm-http2-1.4.1.jar",
        "depends": [
          "jmeter-http"
        ],
        "libs": {
          "http2-client>=9.4.9.v20180320": "https://github.com/Blazemeter/jmeter-http2-plugin/releases/download/v1.4.1/http2-client-9.4.9.v20180320.jar",
          "http2-common>=9.4.9.v20180320": "https://github.com/Blazemeter/jmeter-http2-plugin/releases/download/v1.4.1/http2-common-9.4.9.v20180320.jar",
          "http2-hpack>=9.4.9.v20180320": "https://github.com/Blazemeter/jmeter-http2-plugin/releases/download/v1.4.1/http2-hpack-9.4.9.v20180320.jar",
          "jetty-alpn-client>=9.4.9.v20180320": "https://github.com/Blazemeter/jmeter-http2-plugin/releases/download/v1.4.1/jetty-alpn-client-9.4.9.v20180320.jar",
          "jetty-alpn-openjdk8-client>=9.4.9.v20180320": "https://github.com/Blazemeter/jmeter-http2-plugin/releases/download/v1.4.1/jetty-alpn-openjdk8-client-9.4.9.v20180320.jar",
          "jetty-http>=9.4.9.v20180320": "https://github.com/Blazemeter/jmeter-http2-plugin/releases/download/v1.4.1/jetty-http-9.4.9.v20180320.jar",
          "jetty-io>=9.4.9.v20180320": "https://github.com/Blazemeter/jmeter-http2-plugin/releases/download/v1.4.1/jetty-io-9.4.9.v20180320.jar",
          "jetty-util>=9.4.9.v20180320": "https://github.com/Blazemeter/jmeter-http2-plugin/releases/download/v1.4.1/jetty-util-9.4.9.v20180320.jar"
        }
      },
      "1.5": {
        "changes": "Request methods PATCH & DELETE were added. Also support for no SSL connections and libraries updated.",
        "downloadUrl": "https://github.com/Blazemeter/jmeter-http2-plugin/releases/download/v1.5/jmeter-bzm-http2-1.5.jar",
        "depends": [
          "jmeter-http"
        ],
        "libs": {
          "http2-client>=9.4.26.v20200117": "https://github.com/Blazemeter/jmeter-http2-plugin/releases/download/v1.5/http2-client-9.4.26.v20200117.jar",
          "http2-common>=9.4.26.v20200117": "https://github.com/Blazemeter/jmeter-http2-plugin/releases/download/v1.5/http2-common-9.4.26.v20200117.jar",
          "http2-hpack>=9.4.26.v20200117": "https://github.com/Blazemeter/jmeter-http2-plugin/releases/download/v1.5/http2-hpack-9.4.26.v20200117.jar",
          "jetty-alpn-client>=9.4.26.v20200117": "https://github.com/Blazemeter/jmeter-http2-plugin/releases/download/v1.5/jetty-alpn-client-9.4.26.v20200117.jar",
          "jetty-alpn-openjdk8-client>=9.4.26.v20200117": "https://github.com/Blazemeter/jmeter-http2-plugin/releases/download/v1.5/jetty-alpn-openjdk8-client-9.4.26.v20200117.jar",
          "jetty-http>=9.4.26.v20200117": "https://github.com/Blazemeter/jmeter-http2-plugin/releases/download/v1.5/jetty-http-9.4.26.v20200117.jar",
          "jetty-io>=9.4.26.v20200117": "https://github.com/Blazemeter/jmeter-http2-plugin/releases/download/v1.5/jetty-io-9.4.26.v20200117.jar",
          "jetty-util>=9.4.26.v20200117": "https://github.com/Blazemeter/jmeter-http2-plugin/releases/download/v1.5/jetty-util-9.4.26.v20200117.jar"
        }
      },
      "1.6": {
        "changes": "Added support for Gzip in response headers and added data frame to PUT method",
        "downloadUrl": "https://github.com/Blazemeter/jmeter-http2-plugin/releases/download/v1.6/jmeter-bzm-http2-1.6.jar",
        "depends": [
          "jmeter-http"
        ],
        "libs": {
          "http2-client>=9.4.26.v20200117": "https://github.com/Blazemeter/jmeter-http2-plugin/releases/download/v1.6/http2-client-9.4.26.v20200117.jar",
          "http2-common>=9.4.26.v20200117": "https://github.com/Blazemeter/jmeter-http2-plugin/releases/download/v1.6/http2-common-9.4.26.v20200117.jar",
          "http2-hpack>=9.4.26.v20200117": "https://github.com/Blazemeter/jmeter-http2-plugin/releases/download/v1.6/http2-hpack-9.4.26.v20200117.jar",
          "jetty-alpn-client>=9.4.26.v20200117": "https://github.com/Blazemeter/jmeter-http2-plugin/releases/download/v1.6/jetty-alpn-client-9.4.26.v20200117.jar",
          "jetty-alpn-openjdk8-client>=9.4.26.v20200117": "https://github.com/Blazemeter/jmeter-http2-plugin/releases/download/v1.6/jetty-alpn-openjdk8-client-9.4.26.v20200117.jar",
          "jetty-http>=9.4.26.v20200117": "https://github.com/Blazemeter/jmeter-http2-plugin/releases/download/v1.6/jetty-http-9.4.26.v20200117.jar",
          "jetty-io>=9.4.26.v20200117": "https://github.com/Blazemeter/jmeter-http2-plugin/releases/download/v1.6/jetty-io-9.4.26.v20200117.jar",
          "jetty-util>=9.4.26.v20200117": "https://github.com/Blazemeter/jmeter-http2-plugin/releases/download/v1.6/jetty-util-9.4.26.v20200117.jar"
        }
      },
      "1.6.1": {
        "changes": "Updated Jetty dependencies",
        "downloadUrl": "https://github.com/Blazemeter/jmeter-http2-plugin/releases/download/v1.6.1/jmeter-bzm-http2-1.6.1.jar",
        "depends": [
          "jmeter-http"
        ],
        "libs": {
          "http2-client>=9.4.35.v20201120": "https://github.com/Blazemeter/jmeter-http2-plugin/releases/download/v1.6.1/http2-client-9.4.35.v20201120.jar",
          "http2-common>=9.4.35.v20201120": "https://github.com/Blazemeter/jmeter-http2-plugin/releases/download/v1.6.1/http2-common-9.4.35.v20201120.jar",
          "http2-hpack>=9.4.35.v20201120": "https://github.com/Blazemeter/jmeter-http2-plugin/releases/download/v1.6.1/http2-hpack-9.4.35.v20201120.jar",
          "jetty-alpn-client>=9.4.35.v20201120": "https://github.com/Blazemeter/jmeter-http2-plugin/releases/download/v1.6.1/jetty-alpn-client-9.4.35.v20201120.jar",
          "jetty-alpn-openjdk8-client>=9.4.35.v20201120": "https://github.com/Blazemeter/jmeter-http2-plugin/releases/download/v1.6.1/jetty-alpn-openjdk8-client-9.4.35.v20201120.jar",
          "jetty-http>=9.4.35.v20201120": "https://github.com/Blazemeter/jmeter-http2-plugin/releases/download/v1.6.1/jetty-http-9.4.35.v20201120.jar",
          "jetty-io>=9.4.35.v20201120": "https://github.com/Blazemeter/jmeter-http2-plugin/releases/download/v1.6.1/jetty-io-9.4.35.v20201120.jar",
          "jetty-util>=9.4.35.v20201120": "https://github.com/Blazemeter/jmeter-http2-plugin/releases/download/v1.6.1/jetty-util-9.4.35.v20201120.jar"
        }
      },
      "2.0": {
        "changes": "Major release using as baseline Java 11 and Jetty 11, proxy support and many other new functionalities!",
        "downloadUrl": "https://github.com/Blazemeter/jmeter-http2-plugin/releases/download/v2.0/jmeter-bzm-http2-2.0.jar",
        "depends": [
          "jmeter-http"
        ],
        "libs": {
          "http2-client>=11.0.6": "https://github.com/Blazemeter/jmeter-http2-plugin/releases/download/v2.0/http2-client-11.0.6.jar",
          "http2-common>=11.0.6": "https://github.com/Blazemeter/jmeter-http2-plugin/releases/download/v2.0/http2-common-11.0.6.jar",
          "http2-hpack>=11.0.6": "https://github.com/Blazemeter/jmeter-http2-plugin/releases/download/v2.0/http2-hpack-11.0.6.jar",
          "http2-http-client-transport>=11.0.6": "https://github.com/Blazemeter/jmeter-http2-plugin/releases/download/v2.0/http2-http-client-transport-11.0.6.jar",
          "jetty-alpn-client>=11.0.6": "https://github.com/Blazemeter/jmeter-http2-plugin/releases/download/v2.0/jetty-alpn-client-11.0.6.jar",
          "jetty-alpn-java-client>=11.0.6": "https://github.com/Blazemeter/jmeter-http2-plugin/releases/download/v2.0/jetty-alpn-java-client-11.0.6.jar",
          "jetty-client>=11.0.6": "https://github.com/Blazemeter/jmeter-http2-plugin/releases/download/v2.0/jetty-client-11.0.6.jar",
          "jetty-http>=11.0.6": "https://github.com/Blazemeter/jmeter-http2-plugin/releases/download/v2.0/jetty-http-11.0.6.jar",
          "jetty-io>=11.0.6": "https://github.com/Blazemeter/jmeter-http2-plugin/releases/download/v2.0/jetty-io-11.0.6.jar",
          "jetty-util>=11.0.6": "https://github.com/Blazemeter/jmeter-http2-plugin/releases/download/v2.0/jetty-util-11.0.6.jar"
        }
      }
    }
  },
  {
    "id": "bzm-rte",
    "name": "BlazeMeter - RTE Plugin",
    "description": "Support for RTE (remote terminal emulation), providing a recorder, sampler and config element to interact with remote terminal servers",
    "screenshotUrl": "https://raw.githubusercontent.com/Blazemeter/RTEPlugin/master/docs/recorder/recorder-panel.png",
    "helpUrl": "https://github.com/Blazemeter/RTEPlugin/blob/master/README.md",
    "vendor": "BlazeMeter",
    "markerClass": "com.blazemeter.jmeter.rte.sampler.RTESampler",
    "componentClasses": [
      "com.blazemeter.jmeter.rte.sampler.Inputs",
      "com.blazemeter.jmeter.rte.sampler.RTESampler",
      "com.blazemeter.jmeter.rte.sampler.gui.RTEConfigGui",
      "com.blazemeter.jmeter.rte.sampler.gui.RTESamplerGui",
      "com.blazemeter.jmeter.rte.recorder.RTERecorderGui",
      "com.blazemeter.jmeter.rte.extractor.RTEExtractorGui"
    ],
    "versions": {
      "1.0.2": {
        "downloadUrl": "https://github.com/Blazemeter/RTEPlugin/releases/download/v1.0.2/jmeter-bzm-rte-1.0.2.jar",
        "libs": {
          "xtn5250": "https://github.com/Blazemeter/RTEPlugin/releases/download/v1.0.2/xtn5250-2.0.1.jar",
          "dm3270-lib": "https://github.com/Blazemeter/RTEPlugin/releases/download/v1.0.2/dm3270-lib-0.5.1.jar"
        }
      },
      "1.0.3": {
        "changes": "Fix TN5250 protocol keys mapping for F13-F24, roll down and roll up keys",
        "downloadUrl": "https://github.com/Blazemeter/RTEPlugin/releases/download/v1.0.3/jmeter-bzm-rte-1.0.3.jar",
        "libs": {
          "xtn5250": "https://github.com/Blazemeter/RTEPlugin/releases/download/v1.0.3/xtn5250-2.0.1.jar",
          "dm3270-lib": "https://github.com/Blazemeter/RTEPlugin/releases/download/v1.0.3/dm3270-lib-0.5.1.jar"
        }
      },
      "1.0.4": {
        "changes": "Allow sending text to TN3230 server when screen has no defined fields",
        "downloadUrl": "https://github.com/Blazemeter/RTEPlugin/releases/download/v1.0.4/jmeter-bzm-rte-1.0.4.jar",
        "libs": {
          "xtn5250": "https://github.com/Blazemeter/RTEPlugin/releases/download/v1.0.4/xtn5250-2.0.1.jar",
          "dm3270-lib>=0.6": "https://github.com/Blazemeter/RTEPlugin/releases/download/v1.0.4/dm3270-lib-0.6.jar"
        }
      },
      "1.1": {
        "changes": "Support for setting fields by label and update dm3270 which includes tn3270 protocol enhancements support improvements (SSCP LU DATA, BID) and additional fixes (hiding invisible fields from screen and sending some fields back to server)",
        "downloadUrl": "https://github.com/Blazemeter/RTEPlugin/releases/download/v1.1/jmeter-bzm-rte-1.1.jar",
        "libs": {
          "xtn5250>=2.1": "https://github.com/Blazemeter/RTEPlugin/releases/download/v1.1/xtn5250-2.1.jar",
          "dm3270-lib>=0.7": "https://github.com/Blazemeter/RTEPlugin/releases/download/v1.1/dm3270-lib-0.7.jar"
        }
      },
      "1.1.1": {
        "changes": "This version fixes property naming for inputs by label feature",
        "downloadUrl": "https://github.com/Blazemeter/RTEPlugin/releases/download/v1.1.1/jmeter-bzm-rte-1.1.1.jar",
        "libs": {
          "xtn5250>=2.1": "https://github.com/Blazemeter/RTEPlugin/releases/download/v1.1.1/xtn5250-2.1.jar",
          "dm3270-lib>=0.7": "https://github.com/Blazemeter/RTEPlugin/releases/download/v1.1.1/dm3270-lib-0.7.jar"
        }
      },
      "2.0": {
        "changes": "New rte recorder test element added and a many fixes!",
        "downloadUrl": "https://github.com/Blazemeter/RTEPlugin/releases/download/v2.0/jmeter-bzm-rte-2.0.jar",
        "libs": {
          "xtn5250>=3.0": "https://github.com/Blazemeter/RTEPlugin/releases/download/v2.0/xtn5250-3.0.jar",
          "dm3270-lib>=0.10": "https://github.com/Blazemeter/RTEPlugin/releases/download/v2.0/dm3270-lib-0.10.jar"
        }
      },
      "2.1": {
        "changes": "New recorder features allowing to record input by label, wait for text and assertions",
        "downloadUrl": "https://github.com/Blazemeter/RTEPlugin/releases/download/v2.1/jmeter-bzm-rte-2.1.jar",
        "libs": {
          "xtn5250>=3.1": "https://github.com/Blazemeter/RTEPlugin/releases/download/v2.1/xtn5250-3.1.jar",
          "dm3270-lib>=0.11": "https://github.com/Blazemeter/RTEPlugin/releases/download/v2.1/dm3270-lib-0.11.jar"
        }
      },
      "2.1.1": {
        "changes": "Fix bug originated in version 2.0 which could not allow user to insert empty inputs.",
        "downloadUrl": "https://github.com/Blazemeter/RTEPlugin/releases/download/v2.1.1/jmeter-bzm-rte-2.1.1.jar",
        "libs": {
          "xtn5250>=3.1": "https://github.com/Blazemeter/RTEPlugin/releases/download/v2.1/xtn5250-3.1.jar",
          "dm3270-lib>=0.11.1": "https://github.com/Blazemeter/dm3270/releases/download/v0.11.1-lib/dm3270-lib-0.11.1.jar"
        }
      },
      "2.2": {
        "changes": "Extractor post-processor added, hide credentials and sampler naming while recording!",
        "downloadUrl": "https://github.com/Blazemeter/RTEPlugin/releases/download/v2.2/jmeter-bzm-rte-2.2.jar",
        "libs": {
          "xtn5250>=3.1": "https://github.com/Blazemeter/RTEPlugin/releases/download/v2.2/xtn5250-3.1.jar",
          "dm3270-lib>=0.11.1": "https://github.com/Blazemeter/RTEPlugin/releases/download/v2.2/dm3270-lib-0.11.1.jar"
        }
      },
      "2.2.1": {
        "changes": "Wait conditions behaviour changed and some reported issues fixed",
        "downloadUrl": "https://github.com/Blazemeter/RTEPlugin/releases/download/v2.2.1/jmeter-bzm-rte-2.2.1.jar",
        "libs": {
          "xtn5250>=3.2": "https://github.com/Blazemeter/xtn5250/releases/download/v3.2/xtn5250-3.2.jar",
          "dm3270-lib>=0.12.1": "https://github.com/Blazemeter/dm3270/releases/download/v0.12.1-lib/dm3270-lib-0.12.1.jar"
        }
      },
      "2.3": {
        "changes": "Tabulator input support!",
        "downloadUrl": "https://github.com/Blazemeter/RTEPlugin/releases/download/v2.3/jmeter-bzm-rte-2.3.jar",
        "libs": {
          "xtn5250>=3.2": "https://github.com/Blazemeter/RTEPlugin/releases/download/v2.3/xtn5250-3.2.jar",
          "dm3270-lib>=0.12.1": "https://github.com/Blazemeter/RTEPlugin/releases/download/v2.3/dm3270-lib-0.12.1.jar"
        }
      },
      "3.0": {
        "changes": "Now we support VT420 protocol!",
        "downloadUrl": "https://github.com/Blazemeter/RTEPlugin/releases/download/v3.0/jmeter-bzm-rte-3.0.jar",
        "libs": {
          "xtn5250>=3.2.1": "https://github.com/Blazemeter/RTEPlugin/releases/download/v3.0/xtn5250-3.2.1.jar",
          "dm3270-lib>=0.12.3": "https://github.com/Blazemeter/RTEPlugin/releases/download/v3.0/dm3270-lib-0.12.3.jar",
          "jVT220>=1.3": "https://github.com/Blazemeter/RTEPlugin/releases/download/v3.0/jVT220-1.3.jar"
        }
      },
      "3.0.1": {
        "changes": "Fix issue with no screen interaction after sample naming",
        "downloadUrl": "https://github.com/Blazemeter/RTEPlugin/releases/download/v3.0.1/jmeter-bzm-rte-3.0.1.jar",
        "libs": {
          "xtn5250>=3.2.1": "https://github.com/Blazemeter/RTEPlugin/releases/download/v3.0.1/xtn5250-3.2.1.jar",
          "dm3270-lib>=0.12.3": "https://github.com/Blazemeter/RTEPlugin/releases/download/v3.0.1/dm3270-lib-0.12.3.jar",
          "jVT220>=1.3": "https://github.com/Blazemeter/RTEPlugin/releases/download/v3.0.1/jVT220-1.3.jar"
        }
      },
      "3.1": {
        "changes": "Send attention key to a determined position, and some bug fix!",
        "downloadUrl": "https://github.com/Blazemeter/RTEPlugin/releases/download/v3.1/jmeter-bzm-rte-3.1.jar",
        "libs": {
          "xtn5250>=3.2.1": "https://github.com/Blazemeter/RTEPlugin/releases/download/v3.1/xtn5250-3.2.2.jar",
          "dm3270-lib>=0.12.3": "https://github.com/Blazemeter/RTEPlugin/releases/download/v3.1/dm3270-lib-0.12.3.2.jar",
          "jVT220>=1.3": "https://github.com/Blazemeter/RTEPlugin/releases/download/v3.1/jVT220-1.3.1.jar"
        }
      },
      "3.1.1": {
        "changes": "Fix various issues regarding input by tab, input by label, screen painting, and added support for ALP charset",
        "downloadUrl": "https://github.com/Blazemeter/RTEPlugin/releases/download/v3.1.1/jmeter-bzm-rte-3.1.1.jar",
        "libs": {
          "xtn5250>=3.2.1": "https://github.com/Blazemeter/RTEPlugin/releases/download/v3.1.1/xtn5250-3.2.2.jar",
          "dm3270-lib>=0.12.4": "https://github.com/Blazemeter/RTEPlugin/releases/download/v3.1.1/dm3270-lib-0.12.4.jar",
          "jVT220>=1.3.1": "https://github.com/Blazemeter/RTEPlugin/releases/download/v3.1.1/jVT220-1.3.1.jar"
        }
      },
      "3.2": {
        "changes": "Wait for disconnect support in RTESampler and automatic detection by RTERecorder",
        "downloadUrl": "https://github.com/Blazemeter/RTEPlugin/releases/download/v3.2/jmeter-bzm-rte-3.2.jar",
        "libs": {
          "xtn5250>=3.2.3": "https://github.com/Blazemeter/RTEPlugin/releases/download/v3.2/xtn5250-3.2.3.jar",
          "dm3270-lib>=0.13": "https://github.com/Blazemeter/RTEPlugin/releases/download/v3.2/dm3270-lib-0.13.jar",
          "jVT220>=1.3.1": "https://github.com/Blazemeter/RTEPlugin/releases/download/v3.2/jVT220-1.3.1.jar"
        }
      },
      "3.2.1": {
        "changes": "Circular field support, alarm for VT420 and many bug fixes!",
        "downloadUrl": "https://github.com/Blazemeter/RTEPlugin/releases/download/v3.2.1/jmeter-bzm-rte-3.2.1.jar",
        "libs": {
          "xtn5250>=3.2.4": "https://github.com/Blazemeter/RTEPlugin/releases/download/v3.2.1/xtn5250-3.2.4.jar",
          "dm3270-lib>=0.14": "https://github.com/Blazemeter/RTEPlugin/releases/download/v3.2.1/dm3270-lib-0.14.jar",
          "jVT220>=1.3.2": "https://github.com/Blazemeter/RTEPlugin/releases/download/v3.2.1/jVT220-1.3.2.jar"
        }
      }
    }
  },
  {
    "id": "bzm-siebel",
    "name": "BlazeMeter - Correlation Recorder Plugin",
    "description": "Correlation Recorder provides auto-correlation of variables at recording time",
    "screenshotUrl": "https://raw.githubusercontent.com/Blazemeter/CorrelationRecorder/master/docs/rules-container-table.png",
    "helpUrl": "https://github.com/Blazemeter/CorrelationRecorder/blob/master/README.md",
    "vendor": "BlazeMeter",
    "markerClass": "com.blazemeter.jmeter.correlation.CorrelationProxyControl",
    "componentClasses": [
      "com.blazemeter.jmeter.correlation.CorrelationProxyControl",
      "com.blazemeter.jmeter.correlation.CorrelationProxyControlGui",
      "com.blazemeter.jmeter.correlation.gui.CorrelationRuleTestElement",
      "com.blazemeter.jmeter.correlation.gui.CorrelationRulesTestElement"
    ],
    "versions": {
      "0.1.0-beta": {
        "downloadUrl": "https://github.com/Blazemeter/SiebelPlugin/releases/download/v0.1.0-beta/jmeter-bzm-siebel-correlation-0.1.0-beta.jar"
      },
      "1.0": {
        "changes": "Siebel Plugin has evolved into Correlation Recorder with lots of new features. Please check documentation to learn about all the new goodies!",
        "downloadUrl": "https://github.com/Blazemeter/CorrelationRecorder/releases/download/v1.0/jmeter-bzm-correlation-recorder-1.0.jar",
        "libs": {
          "jackson-dataformat-xml>=2.10.2":"https://github.com/Blazemeter/CorrelationRecorder/releases/download/v1.0/jackson-dataformat-xml-2.10.2.jar",
          "jackson-annotations>=2.10.2" : "https://github.com/Blazemeter/CorrelationRecorder/releases/download/v1.0/jackson-annotations-2.10.2.jar",
          "jackson-databind>=2.10.2" : "https://github.com/Blazemeter/CorrelationRecorder/releases/download/v1.0/jackson-databind-2.10.2.jar",
          "jackson-core>=2.10.2" : "https://github.com/Blazemeter/CorrelationRecorder/releases/download/v1.0/jackson-core-2.10.2.jar",
          "jackson-module-jaxb-annotations>=2.10.2":"https://github.com/Blazemeter/CorrelationRecorder/releases/download/v1.0/jackson-module-jaxb-annotations-2.10.2.jar"
        }
      },
      "1.1": {
        "changes": "Improvement in ui, documentation and new functionalities for Correlation Extractor and Replacements ",
        "downloadUrl": "https://github.com/Blazemeter/CorrelationRecorder/releases/download/v1.1/jmeter-bzm-correlation-recorder-1.1.jar",
        "libs": {
          "jackson-dataformat-xml>=2.10.2":"https://github.com/Blazemeter/CorrelationRecorder/releases/download/v1.1/jackson-dataformat-xml-2.10.2.jar",
          "jackson-annotations>=2.10.2" : "https://github.com/Blazemeter/CorrelationRecorder/releases/download/v1.1/jackson-annotations-2.10.2.jar",
          "jackson-databind>=2.10.2" : "https://github.com/Blazemeter/CorrelationRecorder/releases/download/v1.1/jackson-databind-2.10.2.jar",
          "jackson-core>=2.10.2" : "https://github.com/Blazemeter/CorrelationRecorder/releases/download/v1.1/jackson-core-2.10.2.jar",
          "jackson-module-jaxb-annotations>=2.10.2":"https://github.com/Blazemeter/CorrelationRecorder/releases/download/v1.1/jackson-module-jaxb-annotations-2.10.2.jar"
        }
      },
      "1.1.1": {
        "changes": "Fixed issue with duplicated rules with disable them",
        "downloadUrl": "https://github.com/Blazemeter/CorrelationRecorder/releases/download/v1.1.1/jmeter-bzm-correlation-recorder-1.1.1.jar",
        "libs": {
          "jackson-dataformat-xml>=2.10.2":"https://github.com/Blazemeter/CorrelationRecorder/releases/download/v1.1.1/jackson-dataformat-xml-2.10.2.jar",
          "jackson-annotations>=2.10.2" : "https://github.com/Blazemeter/CorrelationRecorder/releases/download/v1.1.1/jackson-annotations-2.10.2.jar",
          "jackson-databind>=2.10.2" : "https://github.com/Blazemeter/CorrelationRecorder/releases/download/v1.1.1/jackson-databind-2.10.2.jar",
          "jackson-core>=2.10.2" : "https://github.com/Blazemeter/CorrelationRecorder/releases/download/v1.1.1/jackson-core-2.10.2.jar",
          "jackson-module-jaxb-annotations>=2.10.2":"https://github.com/Blazemeter/CorrelationRecorder/releases/download/v1.1.1/jackson-module-jaxb-annotations-2.10.2.jar"
        }
      },
      "1.1.2": {
        "changes": "Fixed issue that removed equals sign from request body",
        "downloadUrl": "https://github.com/Blazemeter/CorrelationRecorder/releases/download/v1.1.2/jmeter-bzm-correlation-recorder-1.1.2.jar",
        "libs": {
          "jackson-dataformat-xml>=2.10.2":"https://github.com/Blazemeter/CorrelationRecorder/releases/download/v1.1.2/jackson-dataformat-xml-2.10.2.jar",
          "jackson-annotations>=2.10.2" : "https://github.com/Blazemeter/CorrelationRecorder/releases/download/v1.1.2/jackson-annotations-2.10.2.jar",
          "jackson-databind>=2.10.2" : "https://github.com/Blazemeter/CorrelationRecorder/releases/download/v1.1.2/jackson-databind-2.10.2.jar",
          "jackson-core>=2.10.2" : "https://github.com/Blazemeter/CorrelationRecorder/releases/download/v1.1.2/jackson-core-2.10.2.jar",
          "jackson-module-jaxb-annotations>=2.10.2":"https://github.com/Blazemeter/CorrelationRecorder/releases/download/v1.1.2/jackson-module-jaxb-annotations-2.10.2.jar"
        }
      },
      "1.2": {
        "changes": "Added Groups of Correlation Rules",
        "downloadUrl": "https://github.com/Blazemeter/CorrelationRecorder/releases/download/v1.2/jmeter-bzm-correlation-recorder-1.2.jar",
        "libs": {
          "jackson-dataformat-xml>=2.10.2":"https://github.com/Blazemeter/CorrelationRecorder/releases/download/v1.2/jackson-dataformat-xml-2.10.2.jar",
          "jackson-annotations>=2.12.0" : "https://github.com/Blazemeter/CorrelationRecorder/releases/download/v1.2/jackson-annotations-2.12.0.jar",
          "jackson-databind>=2.12.0" : "https://github.com/Blazemeter/CorrelationRecorder/releases/download/v1.2/jackson-databind-2.12.0.jar",
          "jackson-core>=2.12.0" : "https://github.com/Blazemeter/CorrelationRecorder/releases/download/v1.2/jackson-core-2.12.0.jar",
          "jackson-module-jaxb-annotations>=2.10.2":"https://github.com/Blazemeter/CorrelationRecorder/releases/download/v1.2/jackson-module-jaxb-annotations-2.10.2.jar"
        }
      }
    }
  },
  {
    "id": "mqmeter",
    "name": "IBM MQ Support",
    "description": "A JMeter Plugin to put and get message on IBM MQ Queue, also publish message on Topic. It connect to MQ Server through server channel using ip address, port number, userID and password (if the channel has CHLAUTH rules).",
    "screenshotUrl": "https://github.com/JoseLuisSR/img2/blob/master/mqmeter/MQClientSampler.png",
    "helpUrl": "https://github.com/JoseLuisSR/mqmeter",
    "vendor": "JoseLuisSR",
    "markerClass": "co.signal.mqmeter.MQClientSampler",
    "componentClasses": [
      "co.signal.mqmeter.MQPublishSampler",
      "co.signal.mqmeter.MQClientSampler"
    ],
    "versions": {
      "2.1.0": {
        "downloadUrl": "https://github.com/JoseLuisSR/mqmeter/releases/download/2.1.0/mqmeter-2.1.0.jar",
        "libs": {
          "com.ibm.mq": "https://search.maven.org/remotecontent?filepath=com/ibm/mq/com.ibm.mq.allclient/9.0.4.0/com.ibm.mq.allclient-9.0.4.0.jar"
        }
      }
    }
  },
  {
    "id": "bzm-jmeter-citrix-plugin",
    "name": "BlazeMeter - Citrix Plugin",
    "description": "Support for Citrix protocol (only available for Microsoft Windows)",
    "screenshotUrl": "https://github.com/Blazemeter/CitrixPlugin/raw/master/citrix-jmeter/plugin-metadata/presentationScreenshot.png",
    "helpUrl": "https://github.com/Blazemeter/CitrixPlugin/blob/master/README.md",
    "vendor": "BlazeMeter",
    "markerClass": "com.blazemeter.jmeter.citrix.recorder.gui.CitrixRecorderGUI",
    "componentClasses": [
      "com.blazemeter.jmeter.citrix.assertion.CitrixAssertion",
      "com.blazemeter.jmeter.citrix.assertion.gui.CitrixAssertionGui",
      "com.blazemeter.jmeter.citrix.assertion.CitrixSessionAssertion",
      "com.blazemeter.jmeter.citrix.assertion.gui.CitrixSessionAssertionGui",
      "com.blazemeter.jmeter.citrix.gui.CitrixResultRenderer",
      "com.blazemeter.jmeter.citrix.listener.CitrixIcaFileSaver",
      "com.blazemeter.jmeter.citrix.listener.gui.CitrixIcaFileSaverGui",
      "com.blazemeter.jmeter.citrix.recorder.CitrixRecorder",
      "com.blazemeter.jmeter.citrix.recorder.gui.CitrixRecorderGUI",
      "com.blazemeter.jmeter.citrix.sampler.StartApplicationSampler",
      "com.blazemeter.jmeter.citrix.sampler.gui.StartApplicationSamplerGUI",
      "com.blazemeter.jmeter.citrix.sampler.InteractionSampler",
      "com.blazemeter.jmeter.citrix.sampler.gui.CitrixSamplerGUI"
    ],
    "versions": {
      "0.5.5": {
        "downloadUrl": "https://github.com/Blazemeter/CitrixPlugin/releases/download/0.5.5/citrix-jmeter-0.5.5.jar",
        "depends":["jmeter-core", "jmeter-components", "jmeter-http"]
      },
      "0.6.0": {
        "downloadUrl": "https://github.com/Blazemeter/CitrixPlugin/releases/download/0.6.0/citrix-jmeter-0.6.0.jar",
        "depends":["jmeter-core", "jmeter-components", "jmeter-http"]
      },
      "0.7.0": {
        "downloadUrl": "https://github.com/Blazemeter/CitrixPlugin/releases/download/0.7.0/citrix-jmeter-0.7.0.jar",
        "depends":["jmeter-core", "jmeter-components", "jmeter-http"]
      },
      "0.7.1": {
        "downloadUrl": "https://github.com/Blazemeter/CitrixPlugin/releases/download/0.7.1/citrix-jmeter-0.7.1.jar",
        "depends":["jmeter-core", "jmeter-components", "jmeter-http"]
      },
	  "0.7.2": {
        "downloadUrl": "https://github.com/Blazemeter/CitrixPlugin/releases/download/0.7.2/citrix-jmeter-0.7.2.jar",
        "depends":["jmeter-core", "jmeter-components", "jmeter-http"]
      },
	  "0.7.3": {
        "downloadUrl": "https://github.com/Blazemeter/CitrixPlugin/releases/download/0.7.3/citrix-jmeter-0.7.3.jar",
        "depends":["jmeter-core", "jmeter-components", "jmeter-http"]
      },
	  "0.7.4": {
        "downloadUrl": "https://github.com/Blazemeter/CitrixPlugin/releases/download/0.7.4/citrix-jmeter-0.7.4.jar",
        "depends":["jmeter-core", "jmeter-components", "jmeter-http"]
      }
    }
  }
]
