[
  {
    "id": "jpgc-autostop",
    "name": "Auto-Stop Listener",
    "description": "Ability to stop test based on runtime KPIs",
    "screenshotUrl": "https://jmeter-plugins.org/img/wiki/AutoStop1.png",
    "helpUrl": "https://jmeter-plugins.org/wiki/AutoStop/",
    "vendor": "JMeter-Plugins.org",
    "markerClass": "kg.apc.jmeter.reporters.AutoStop",
    "componentClasses": [
      "kg.apc.jmeter.reporters.AutoStop",
      "kg.apc.jmeter.reporters.AutoStopGui"
    ],
    "versions": {
      "0.1": {
        "downloadUrl": "https://search.maven.org/remotecontent?filepath=kg/apc/jmeter-plugins-autostop/0.1/jmeter-plugins-autostop-0.1.jar",
        "libs": {
          "jmeter-plugins-cmn-jmeter": "https://search.maven.org/remotecontent?filepath=kg/apc/jmeter-plugins-cmn-jmeter/0.7/jmeter-plugins-cmn-jmeter-0.7.jar"
        }
      }
    }
  },
  {
    "id": "jpgc-casutg",
    "name": "Custom Thread Groups",
    "description": "Adds new Thread Groups: <ul><li><a href=https://jmeter-plugins.org/wiki/SteppingThreadGroup>Stepping Thread Group</a></li><li><a href=https://jmeter-plugins.org/wiki/UltimateThreadGroup >Ultimate Thread Group</a></li><li><a href=https://jmeter-plugins.org/wiki/ConcurrencyThreadGroup>Concurrency Thread Group</a></li><li><a href=https://jmeter-plugins.org/wiki/ArrivalsThreadGroup>Arrivals Thread Group</a></li><li><a href=https://jmeter-plugins.org/wiki/FreeFormArrivalsThreadGroup>Free-Form Arrivals Thread Group</a></li></ul>",
    "screenshotUrl": "https://jmeter-plugins.org/img/wiki/ConcurrencyThreadGroup.png",
    "helpUrl": "https://jmeter-plugins.org/wiki/ConcurrencyThreadGroup/",
    "vendor": "JMeter-Plugins.org",
    "markerClass": "com.blazemeter.jmeter.threads.concurrency.ConcurrencyThreadGroup",
    "componentClasses": [
      "com.blazemeter.jmeter.control.VirtualUserController",
      "com.blazemeter.jmeter.reporters.FlushingResultCollector",
      "com.blazemeter.jmeter.threads.arrivals.ArrivalsThreadGroup",
      "com.blazemeter.jmeter.threads.arrivals.ArrivalsThreadGroupGui",
      "com.blazemeter.jmeter.threads.arrivals.FreeFormArrivalsThreadGroup",
      "com.blazemeter.jmeter.threads.arrivals.FreeFormArrivalsThreadGroupGui",
      "com.blazemeter.jmeter.threads.concurrency.ConcurrencyThreadGroup",
      "com.blazemeter.jmeter.threads.concurrency.ConcurrencyThreadGroupGui",
      "kg.apc.jmeter.threads.SteppingThreadGroup",
      "kg.apc.jmeter.threads.SteppingThreadGroupGui",
      "kg.apc.jmeter.threads.UltimateThreadGroup",
      "kg.apc.jmeter.threads.UltimateThreadGroupGui"
    ],
    "versions": {
      "2.0": {
        "downloadUrl": "https://search.maven.org/remotecontent?filepath=kg/apc/jmeter-plugins-casutg/2.0/jmeter-plugins-casutg-2.0.jar",
        "libs": {
          "jmeter-plugins-cmn-jmeter": "https://search.maven.org/remotecontent?filepath=kg/apc/jmeter-plugins-cmn-jmeter/0.4/jmeter-plugins-cmn-jmeter-0.4.jar"
        }
      },
      "2.1": {
        "downloadUrl": "https://search.maven.org/remotecontent?filepath=kg/apc/jmeter-plugins-casutg/2.1/jmeter-plugins-casutg-2.1.jar",
        "libs": {
          "jmeter-plugins-cmn-jmeter": "https://search.maven.org/remotecontent?filepath=kg/apc/jmeter-plugins-cmn-jmeter/0.4/jmeter-plugins-cmn-jmeter-0.4.jar"
        }
      },
      "2.2": {
        "changes": "fixed issue with JMeter 2.11 not working with concurrency thread group",
        "downloadUrl": "https://search.maven.org/remotecontent?filepath=kg/apc/jmeter-plugins-casutg/2.2/jmeter-plugins-casutg-2.2.jar",
        "libs": {
          "jmeter-plugins-cmn-jmeter": "https://search.maven.org/remotecontent?filepath=kg/apc/jmeter-plugins-cmn-jmeter/0.4/jmeter-plugins-cmn-jmeter-0.4.jar"
        }
      },
      "2.3": {
        "changes": "fixed issue with Test Action + start next loop not working with CTG",
        "downloadUrl": "https://search.maven.org/remotecontent?filepath=kg/apc/jmeter-plugins-casutg/2.3/jmeter-plugins-casutg-2.3.jar",
        "libs": {
          "jmeter-plugins-cmn-jmeter": "https://search.maven.org/remotecontent?filepath=kg/apc/jmeter-plugins-cmn-jmeter/0.4/jmeter-plugins-cmn-jmeter-0.4.jar"
        }
      },
      "2.4": {
        "changes": "fixed variable processing in load parameter fields",
        "downloadUrl": "https://search.maven.org/remotecontent?filepath=kg/apc/jmeter-plugins-casutg/2.4/jmeter-plugins-casutg-2.4.jar",
        "libs": {
          "jmeter-plugins-cmn-jmeter": "https://search.maven.org/remotecontent?filepath=kg/apc/jmeter-plugins-cmn-jmeter/0.4/jmeter-plugins-cmn-jmeter-0.4.jar"
        }
      },
      "2.5": {
        "changes": "fixed stop test after hold limit",
        "downloadUrl": "https://search.maven.org/remotecontent?filepath=kg/apc/jmeter-plugins-casutg/2.5/jmeter-plugins-casutg-2.5.jar",
        "libs": {
          "jmeter-plugins-cmn-jmeter": "https://search.maven.org/remotecontent?filepath=kg/apc/jmeter-plugins-cmn-jmeter/0.4/jmeter-plugins-cmn-jmeter-0.4.jar"
        }
      },
      "2.6": {
        "changes": "fixed start next thread loop",
        "downloadUrl": "https://search.maven.org/remotecontent?filepath=kg/apc/jmeter-plugins-casutg/2.6/jmeter-plugins-casutg-2.6.jar",
        "libs": {
          "jmeter-plugins-cmn-jmeter": "https://search.maven.org/remotecontent?filepath=kg/apc/jmeter-plugins-cmn-jmeter/0.4/jmeter-plugins-cmn-jmeter-0.4.jar"
        }
      },
      "2.7": {
        "changes": "CPU/Mem usage optimization (by pmouawad)",
        "downloadUrl": "https://search.maven.org/remotecontent?filepath=kg/apc/jmeter-plugins-casutg/2.7/jmeter-plugins-casutg-2.7.jar",
        "libs": {
          "jmeter-plugins-cmn-jmeter": "https://search.maven.org/remotecontent?filepath=kg/apc/jmeter-plugins-cmn-jmeter/0.4/jmeter-plugins-cmn-jmeter-0.4.jar"
        }
      },
      "2.8": {
        "changes": "Fix remote testing problems, fix ATG stopping",
        "downloadUrl": "https://search.maven.org/remotecontent?filepath=kg/apc/jmeter-plugins-casutg/2.8/jmeter-plugins-casutg-2.8.jar",
        "libs": {
          "jmeter-plugins-cmn-jmeter": "https://search.maven.org/remotecontent?filepath=kg/apc/jmeter-plugins-cmn-jmeter/0.4/jmeter-plugins-cmn-jmeter-0.4.jar"
        }
      },
      "2.9": {
        "changes": "Support JMeter's way of prefixing threads for distributed testing",
        "downloadUrl": "https://search.maven.org/remotecontent?filepath=kg/apc/jmeter-plugins-casutg/2.9/jmeter-plugins-casutg-2.9.jar",
        "libs": {
          "jmeter-plugins-cmn-jmeter": "https://search.maven.org/remotecontent?filepath=kg/apc/jmeter-plugins-cmn-jmeter/0.6/jmeter-plugins-cmn-jmeter-0.6.jar"
        }
      },
      "2.10": {
        "changes": "Remove deprecation flag from Stepping Thread Group",
        "downloadUrl": "https://search.maven.org/remotecontent?filepath=kg/apc/jmeter-plugins-casutg/2.10/jmeter-plugins-casutg-2.10.jar",
        "libs": {
          "jmeter-plugins-cmn-jmeter": "https://search.maven.org/remotecontent?filepath=kg/apc/jmeter-plugins-cmn-jmeter/0.7/jmeter-plugins-cmn-jmeter-0.7.jar"
        }
      }
    }
  },
  {
    "id": "jpgc-csl",
    "name": "Console Status Logger",
    "description": "Small listener that prints each second a line with runtime stats into console",
    "screenshotUrl": "",
    "helpUrl": "https://jmeter-plugins.org/wiki/ConsoleStatusLogger/",
    "vendor": "JMeter-Plugins.org",
    "markerClass": "kg.apc.jmeter.reporters.ConsoleStatusLogger",
    "componentClasses": [
      "kg.apc.jmeter.reporters.ConsoleStatusLogger",
      "kg.apc.jmeter.reporters.ConsoleStatusLoggerGui"
    ],
    "versions": {
      "0.1": {
        "downloadUrl": "https://search.maven.org/remotecontent?filepath=kg/apc/jmeter-plugins-csl/0.1/jmeter-plugins-csl-0.1.jar",
        "libs": {
          "jmeter-plugins-cmn-jmeter": "https://search.maven.org/remotecontent?filepath=kg/apc/jmeter-plugins-cmn-jmeter/0.7/jmeter-plugins-cmn-jmeter-0.7.jar"
        }
      }
    }
  },
  {
    "id": "jpgc-csvars",
    "name": "Variables from CSV File",
    "description": "Config item to load one-line CSV file into JMeter variables on startup. Helps to have external configuration file for test plan.",
    "screenshotUrl": "https://jmeter-plugins.org/img/wiki/varsfromcsv1.png",
    "helpUrl": "https://jmeter-plugins.org/wiki/VariablesFromCSV/",
    "vendor": "JMeter-Plugins.org",
    "markerClass": "kg.apc.jmeter.config.VariablesFromCSV",
    "componentClasses": [
      "kg.apc.jmeter.config.VariablesFromCSV",
      "kg.apc.jmeter.config.VariablesFromCSVGui"
    ],
    "versions": {
      "0.1": {
        "downloadUrl": "https://search.maven.org/remotecontent?filepath=kg/apc/jmeter-plugins-csvars/0.1/jmeter-plugins-csvars-0.1.jar",
        "libs": {
          "jmeter-plugins-cmn-jmeter": "https://search.maven.org/remotecontent?filepath=kg/apc/jmeter-plugins-cmn-jmeter/0.7/jmeter-plugins-cmn-jmeter-0.7.jar"
        }
      }
    }
  },
  {
    "id": "jpgc-dbmon",
    "name": "DBMon Sample Collector",
    "description": "DbMon lets you plot performance counters accessible via SQL when the test is running.",
    "screenshotUrl": "https://jmeter-plugins.org/img/wiki/dbmon_samples_collector.png",
    "helpUrl": "https://jmeter-plugins.org/wiki/DbMon/",
    "vendor": "JMeter-Plugins.org",
    "markerClass": "kg.apc.jmeter.dbmon.DbMonCollector",
    "componentClasses": [
      "kg.apc.jmeter.dbmon.DbMonCollector",
      "kg.apc.jmeter.vizualizers.DbMonGui"
    ],
    "versions": {
      "0.1": {
        "downloadUrl": "https://search.maven.org/remotecontent?filepath=kg/apc/jmeter-plugins-dbmon/0.1/jmeter-plugins-dbmon-0.1.jar",
        "depends": [
          "jmeter-jdbc"
        ],
        "libs": {
          "jmeter-plugins-cmn-jmeter": "https://search.maven.org/remotecontent?filepath=kg/apc/jmeter-plugins-cmn-jmeter/0.7/jmeter-plugins-cmn-jmeter-0.7.jar"
        }
      }
    }
  },
  {
    "id": "jpgc-dummy",
    "name": "Dummy Sampler",
    "description": "Debugging sampler that just generates result as you specified. Very convenient to debug your complex scripts",
    "screenshotUrl": "https://jmeter-plugins.org/img/wiki/dummy_sampler.png",
    "helpUrl": "https://jmeter-plugins.org/wiki/DummySampler/",
    "vendor": "JMeter-Plugins.org",
    "markerClass": "kg.apc.jmeter.samplers.DummySampler",
    "componentClasses": [
      "kg.apc.jmeter.samplers.DummySampler",
      "kg.apc.jmeter.samplers.DummySamplerGui",
      "kg.apc.jmeter.modifiers.DummySubPostProcessor",
      "kg.apc.jmeter.modifiers.DummySubPostProcessorGui"
    ],
    "versions": {
      "0.1": {
        "downloadUrl": "https://search.maven.org/remotecontent?filepath=kg/apc/jmeter-plugins-dummy/0.1/jmeter-plugins-dummy-0.1.jar",
        "libs": {
          "jmeter-plugins-cmn-jmeter": "https://search.maven.org/remotecontent?filepath=kg/apc/jmeter-plugins-cmn-jmeter/0.4/jmeter-plugins-cmn-jmeter-0.4.jar"
        }
      },
      "0.2": {
        "changes": "Introduce encoding for multibyte data",
        "downloadUrl": "https://search.maven.org/remotecontent?filepath=kg/apc/jmeter-plugins-dummy/0.2/jmeter-plugins-dummy-0.2.jar",
        "libs": {
          "jmeter-plugins-cmn-jmeter": "https://search.maven.org/remotecontent?filepath=kg/apc/jmeter-plugins-cmn-jmeter/0.4/jmeter-plugins-cmn-jmeter-0.4.jar"
        }
      },
      "0.3": {
        "changes": "Add URL and SampleResult class fields to UI, add Dummy Subsample Postprocessor",
        "downloadUrl": "https://search.maven.org/remotecontent?filepath=kg/apc/jmeter-plugins-dummy/0.3/jmeter-plugins-dummy-0.3.jar",
        "libs": {
          "jmeter-plugins-cmn-jmeter": "https://search.maven.org/remotecontent?filepath=kg/apc/jmeter-plugins-cmn-jmeter/0.4/jmeter-plugins-cmn-jmeter-0.4.jar"
        }
      },
      "0.4": {
        "changes": "Fix serialization",
        "downloadUrl": "https://search.maven.org/remotecontent?filepath=kg/apc/jmeter-plugins-dummy/0.4/jmeter-plugins-dummy-0.4.jar",
        "libs": {
          "jmeter-plugins-cmn-jmeter": "https://search.maven.org/remotecontent?filepath=kg/apc/jmeter-plugins-cmn-jmeter/0.7/jmeter-plugins-cmn-jmeter-0.7.jar"
        }
      }
    }
  },
  {
    "id": "jpgc-ffw",
    "name": "Flexible File Writer",
    "description": "Flexible File Writer plugin allows writing test results in flexible format, specified via GUI.",
    "screenshotUrl": "https://jmeter-plugins.org/img/wiki/FlexibleFileWriter.png",
    "helpUrl": "https://jmeter-plugins.org/wiki/FlexibleFileWriter/",
    "vendor": "JMeter-Plugins.org",
    "markerClass": "kg.apc.jmeter.reporters.FlexibleFileWriter",
    "componentClasses": [
      "kg.apc.jmeter.reporters.FlexibleFileWriter",
      "kg.apc.jmeter.reporters.FlexibleFileWriterGui"
    ],
    "versions": {
      "2.0": {
        "downloadUrl": "https://search.maven.org/remotecontent?filepath=kg/apc/jmeter-plugins-ffw/2.0/jmeter-plugins-ffw-2.0.jar",
        "libs": {
          "jmeter-plugins-cmn-jmeter": "https://search.maven.org/remotecontent?filepath=kg/apc/jmeter-plugins-cmn-jmeter/0.7/jmeter-plugins-cmn-jmeter-0.7.jar"
        }
      }
    }
  },
  {
    "id": "jpgc-fifo",
    "name": "Inter-Thread Communication",
    "description": "Global string queues for inter-thread communication",
    "screenshotUrl": "https://jmeter-plugins.org/img/wiki/synchronization.png",
    "helpUrl": "https://jmeter-plugins.org/wiki/InterThreadCommunication/",
    "vendor": "JMeter-Plugins.org",
    "markerClass": "kg.apc.jmeter.modifiers.FifoPopPreProcessorGui",
    "componentClasses": [
      "kg.apc.jmeter.modifiers.FifoPopPreProcessor",
      "kg.apc.jmeter.modifiers.FifoPopPreProcessorGui",
      "kg.apc.jmeter.modifiers.FifoPutPostProcessor",
      "kg.apc.jmeter.modifiers.FifoPutPostProcessorGui"
    ],
    "versions": {
      "0.2": {
        "downloadUrl": "https://search.maven.org/remotecontent?filepath=kg/apc/jmeter-plugins-fifo/0.2/jmeter-plugins-fifo-0.2.jar",
        "libs": {
          "jmeter-plugins-cmn-jmeter": "https://search.maven.org/remotecontent?filepath=kg/apc/jmeter-plugins-cmn-jmeter/0.7/jmeter-plugins-cmn-jmeter-0.7.jar"
        }
      }
    }
  },
  {
    "id": "jpgc-functions",
    "name": "Custom JMeter Functions",
    "description": "A number of additional JMeter functions that cover more of typical needs.",
    "screenshotUrl": "",
    "helpUrl": "https://jmeter-plugins.org/wiki/Functions/",
    "vendor": "JMeter-Plugins.org",
    "markerClass": "kg.apc.jmeter.functions.Base64Decode",
    "versions": {
      "2.0": {
        "downloadUrl": "https://search.maven.org/remotecontent?filepath=kg/apc/jmeter-plugins-functions/2.0/jmeter-plugins-functions-2.0.jar",
        "libs": {
          "jmeter-plugins-cmn-jmeter": "https://search.maven.org/remotecontent?filepath=kg/apc/jmeter-plugins-cmn-jmeter/0.4/jmeter-plugins-cmn-jmeter-0.4.jar"
        }
      },
      "2.1": {
        "changes": "add caseFormat function",
        "downloadUrl": "https://search.maven.org/remotecontent?filepath=kg/apc/jmeter-plugins-functions/2.1/jmeter-plugins-functions-2.1.jar",
        "libs": {
          "jmeter-plugins-cmn-jmeter": "https://search.maven.org/remotecontent?filepath=kg/apc/jmeter-plugins-cmn-jmeter/0.7/jmeter-plugins-cmn-jmeter-0.7.jar"
        }
      }
    }
  },
  {
    "id": "jpgc-httpraw",
    "name": "HTTP Raw Request",
    "description": "Low-level HTTP request, solves memory problem for huge file upload/download case. Also ships Raw Data Source preprocessor.",
    "screenshotUrl": "https://jmeter-plugins.org/img/wiki/rawrequest.png",
    "helpUrl": "https://jmeter-plugins.org/wiki/RawRequest/",
    "vendor": "JMeter-Plugins.org",
    "markerClass": "kg.apc.jmeter.samplers.HTTPRawSampler",
    "componentClasses": [
      "kg.apc.jmeter.modifiers.RawRequestSourcePreProcessor",
      "kg.apc.jmeter.modifiers.RawRequestSourcePreProcessorGui",
      "kg.apc.jmeter.samplers.HTTPRawSampler",
      "kg.apc.jmeter.samplers.HTTPRawSamplerGui"
    ],
    "versions": {
      "0.1": {
        "downloadUrl": "https://search.maven.org/remotecontent?filepath=kg/apc/jmeter-plugins-httpraw/0.1/jmeter-plugins-httpraw-0.1.jar",
        "libs": {
          "jmeter-plugins-cmn-jmeter": "https://search.maven.org/remotecontent?filepath=kg/apc/jmeter-plugins-cmn-jmeter/0.7/jmeter-plugins-cmn-jmeter-0.7.jar",
          "jmeter-plugins-common-io": "https://search.maven.org/remotecontent?filepath=kg/apc/jmeter-plugins-common-io/0.2/jmeter-plugins-common-io-0.2.jar"
        }
      }
    }
  },
  {
    "id": "jpgc-jms",
    "name": "JMS Send and Receive Sampler",
    "description": "If you are using JMS (Java Message Service) to send and receive messages between two or more clients, we have created a sampler which enables you to send and receive messages.",
    "screenshotUrl": "",
    "helpUrl": "https://jmeter-plugins.org/wiki/JMSSampler/",
    "vendor": "JMeter-Plugins.org",
    "markerClass": "com.atlantbh.jmeter.plugins.jmstools.BinaryMessagepostProcessor",
    "versions": {
      "0.2": {
        "downloadUrl": "https://search.maven.org/remotecontent?filepath=kg/apc/jmeter-plugins-jms/0.2/jmeter-plugins-jms-0.2.jar",
        "depends": [
          "jmeter-java"
        ],
        "libs": {
          "qpid-common": "https://search.maven.org/remotecontent?filepath=org/apache/qpid/qpid-common/0.20/qpid-common-0.20.jar",
          "qpid-client": "https://search.maven.org/remotecontent?filepath=org/apache/qpid/qpid-client/0.20/qpid-client-0.20.jar",
          "spring-core": "https://search.maven.org/remotecontent?filepath=org/springframework/spring-core/2.5.6/spring-core-2.5.6.jar",
          "spring-jms": "https://search.maven.org/remotecontent?filepath=org/springframework/spring-jms/2.5.6/spring-jms-2.5.6.jar"
        }
      }
    }
  },
  {
    "id": "jpgc-jmxmon",
    "name": "JMXMon Sample Collector",
    "description": "JMXMon lets you plot JMX performance metrics over time when the test is running.",
    "screenshotUrl": "https://jmeter-plugins.org/img/wiki/jmxmon_samples_collector.png",
    "helpUrl": "https://jmeter-plugins.org/wiki/JMXMon/",
    "vendor": "JMeter-Plugins.org",
    "markerClass": "kg.apc.jmeter.jmxmon.JMXMonCollector",
    "componentClasses": [
      "kg.apc.jmeter.jmxmon.JMXMonCollector",
      "kg.apc.jmeter.vizualizers.JMXMonGui"
    ],
    "versions": {
      "0.1": {
        "downloadUrl": "https://search.maven.org/remotecontent?filepath=kg/apc/jmeter-plugins-jmxmon/0.1/jmeter-plugins-jmxmon-0.1.jar",
        "libs": {
          "jmeter-plugins-cmn-jmeter": "https://search.maven.org/remotecontent?filepath=kg/apc/jmeter-plugins-cmn-jmeter/0.4/jmeter-plugins-cmn-jmeter-0.4.jar"
        }
      },
      "0.2": {
        "downloadUrl": "https://search.maven.org/remotecontent?filepath=kg/apc/jmeter-plugins-jmxmon/0.2/jmeter-plugins-jmxmon-0.2.jar",
        "libs": {
          "jmeter-plugins-cmn-jmeter": "https://search.maven.org/remotecontent?filepath=kg/apc/jmeter-plugins-cmn-jmeter/0.4/jmeter-plugins-cmn-jmeter-0.4.jar"
        }
      },
      "0.3": {
        "changes": "Local JVM connection option (for JMeter self-monitoring)",
        "downloadUrl": "https://search.maven.org/remotecontent?filepath=kg/apc/jmeter-plugins-jmxmon/0.3/jmeter-plugins-jmxmon-0.3.jar",
        "libs": {
          "jmeter-plugins-cmn-jmeter": "https://search.maven.org/remotecontent?filepath=kg/apc/jmeter-plugins-cmn-jmeter/0.7/jmeter-plugins-cmn-jmeter-0.7.jar"
        }
      }
    }
  },
  {
    "id": "jpgc-json",
    "name": "JSON/YAML Plugins (deprecated)",
    "description": "[Deprecated in favor of core JMeter 4.0+] Allows extracting values from JSON/YAML responses using JSONPath syntax. Also ships JSONPath Assertion.",
    "screenshotUrl": "https://jmeter-plugins.org/img/wiki/JSONPathExtractor.png",
    "helpUrl": "https://jmeter-plugins.org/wiki/JSONPathExtractor/",
    "vendor": "JMeter-Plugins.org",
    "markerClass": "com.atlantbh.jmeter.plugins.jsonutils.jsonpathextractor.JSONPathExtractor",
    "componentClasses": [
      "com.atlantbh.jmeter.plugins.jsontoxmlconverter.JSONToXMLConverter",
      "com.atlantbh.jmeter.plugins.jsontoxmlconverter.gui.JSONToXMLConverterGui",
      "com.atlantbh.jmeter.plugins.jsonutils.jsonformatter.JSONFormatter",
      "com.atlantbh.jmeter.plugins.jsonutils.jsonformatter.gui.JSONFormatterGui",
      "com.atlantbh.jmeter.plugins.jsonutils.jsonpathassertion.JSONPathAssertion",
      "com.atlantbh.jmeter.plugins.jsonutils.jsonpathassertion.gui.JSONPathAssertionGui",
      "com.atlantbh.jmeter.plugins.jsonutils.jsonpathextractor.JSONPathExtractor",
      "com.atlantbh.jmeter.plugins.jsonutils.jsonpathextractor.gui.JSONPathExtractorGui"
    ],
    "versions": {
      "2.0": {
        "downloadUrl": "https://search.maven.org/remotecontent?filepath=kg/apc/jmeter-plugins-json/2.0/jmeter-plugins-json-2.0.jar",
        "libs": {
          "jmeter-plugins-cmn-jmeter": "https://search.maven.org/remotecontent?filepath=kg/apc/jmeter-plugins-cmn-jmeter/0.4/jmeter-plugins-cmn-jmeter-0.4.jar"
        }
      },
      "2.1": {
        "downloadUrl": "https://search.maven.org/remotecontent?filepath=kg/apc/jmeter-plugins-json/2.1/jmeter-plugins-json-2.1.jar",
        "libs": {
          "jmeter-plugins-cmn-jmeter": "https://search.maven.org/remotecontent?filepath=kg/apc/jmeter-plugins-cmn-jmeter/0.4/jmeter-plugins-cmn-jmeter-0.4.jar"
        }
      },
      "2.2": {
        "downloadUrl": "https://search.maven.org/remotecontent?filepath=kg/apc/jmeter-plugins-json/2.2/jmeter-plugins-json-2.2.jar",
        "libs": {
          "jmeter-plugins-cmn-jmeter": "https://search.maven.org/remotecontent?filepath=kg/apc/jmeter-plugins-cmn-jmeter/0.4/jmeter-plugins-cmn-jmeter-0.4.jar"
        }
      },
      "2.3": {
        "downloadUrl": "http://search.maven.org/remotecontent?filepath=kg/apc/jmeter-plugins-json/2.3/jmeter-plugins-json-2.3.jar",
        "libs": {
          "jmeter-plugins-cmn-jmeter": "http://search.maven.org/remotecontent?filepath=kg/apc/jmeter-plugins-cmn-jmeter/0.4/jmeter-plugins-cmn-jmeter-0.4.jar"
        }
      },
      "2.4": {
        "downloadUrl": "http://search.maven.org/remotecontent?filepath=kg/apc/jmeter-plugins-json/2.4/jmeter-plugins-json-2.4.jar",
        "libs": {
          "jmeter-plugins-cmn-jmeter": "http://search.maven.org/remotecontent?filepath=kg/apc/jmeter-plugins-cmn-jmeter/0.4/jmeter-plugins-cmn-jmeter-0.4.jar"
        }
      },
      "2.5": {
        "changes": "Fix encoding for multibyte data in JSONPath Assertion",
        "downloadUrl": "http://search.maven.org/remotecontent?filepath=kg/apc/jmeter-plugins-json/2.5/jmeter-plugins-json-2.5.jar",
        "libs": {
          "jmeter-plugins-cmn-jmeter": "http://search.maven.org/remotecontent?filepath=kg/apc/jmeter-plugins-cmn-jmeter/0.4/jmeter-plugins-cmn-jmeter-0.4.jar"
        }
      },
      "2.6": {
        "changes": "Fix case of asserting array against array",
        "downloadUrl": "http://search.maven.org/remotecontent?filepath=kg/apc/jmeter-plugins-json/2.6/jmeter-plugins-json-2.6.jar",
        "libs": {
          "jmeter-plugins-cmn-jmeter": "http://search.maven.org/remotecontent?filepath=kg/apc/jmeter-plugins-cmn-jmeter/0.4/jmeter-plugins-cmn-jmeter-0.4.jar",
          "json-path": "http://search.maven.org/remotecontent?filepath=com/jayway/jsonpath/json-path/2.4.0/json-path-2.4.0.jar",
          "json-lib": "http://search.maven.org/remotecontent?filepath=net/sf/json-lib/json-lib/2.4/json-lib-2.4-jdk15.jar",
          "json-smart": "http://search.maven.org/remotecontent?filepath=net/minidev/json-smart/2.3/json-smart-2.3.jar",
          "asm": "http://search.maven.org/remotecontent?filepath=net/minidev/asm/1.0.2/asm-1.0.2.jar"
        }
      },
      "2.7": {
        "changes": "Added YAML path extractor and assertion",
        "downloadUrl": "http://search.maven.org/remotecontent?filepath=kg/apc/jmeter-plugins-json/2.7/jmeter-plugins-json-2.7.jar",
        "libs": {
          "jmeter-plugins-cmn-jmeter": "http://search.maven.org/remotecontent?filepath=kg/apc/jmeter-plugins-cmn-jmeter/0.7/jmeter-plugins-cmn-jmeter-0.7.jar",
          "json-path": "http://search.maven.org/remotecontent?filepath=com/jayway/jsonpath/json-path/2.4.0/json-path-2.4.0.jar",
          "json-lib": "http://search.maven.org/remotecontent?filepath=net/sf/json-lib/json-lib/2.4/json-lib-2.4-jdk15.jar",
          "json-smart": "http://search.maven.org/remotecontent?filepath=net/minidev/json-smart/2.3/json-smart-2.3.jar",
          "asm": "http://search.maven.org/remotecontent?filepath=net/minidev/asm/1.0.2/asm-1.0.2.jar",
          "snakeyaml": "http://search.maven.org/remotecontent?filepath=org/yaml/snakeyaml/1.21/snakeyaml-1.21.jar"
        }
      }
    }
  },
  {
    "id": "jpgc-lockfile",
    "name": "Lock File Config",
    "description": "Lock file allows you to set locks to prevent multiple JMeters from running on the same machine",
    "screenshotUrl": "https://jmeter-plugins.org/img/wiki/lock_file.png",
    "helpUrl": "https://jmeter-plugins.org/wiki/LockFile/",
    "vendor": "JMeter-Plugins.org",
    "markerClass": "kg.apc.jmeter.config.LockFile",
    "componentClasses": [
      "kg.apc.jmeter.config.LockFile",
      "kg.apc.jmeter.config.LockFileGui"
    ],
    "versions": {
      "0.1": {
        "downloadUrl": "https://search.maven.org/remotecontent?filepath=kg/apc/jmeter-plugins-lockfile/0.1/jmeter-plugins-lockfile-0.1.jar",
        "libs": {
          "jmeter-plugins-cmn-jmeter": "https://search.maven.org/remotecontent?filepath=kg/apc/jmeter-plugins-cmn-jmeter/0.7/jmeter-plugins-cmn-jmeter-0.7.jar"
        }
      }
    }
  },
  {
    "id": "jpgc-oauth",
    "name": "OAuth Sampler (Deprecated)",
    "description": "Does not work with JMeter v3.2+. OAuth sampler is an extended REST sampler which in addition includes the properties needed for this authorization",
    "screenshotUrl": "https://jmeter-plugins.org/img/wiki/OAuth-Sampler.png",
    "helpUrl": "https://jmeter-plugins.org/wiki/OAuthSampler/",
    "vendor": "JMeter-Plugins.org",
    "markerClass": "com.atlantbh.jmeter.plugins.oauth.OAuthSampler",
    "versions": {
      "0.1": {
        "downloadUrl": "https://search.maven.org/remotecontent?filepath=kg/apc/jmeter-plugins-oauth/0.1/jmeter-plugins-oauth-0.1.jar",
        "depends": [
          "jmeter-http"
        ],
        "libs": {
          "jmeter-plugins-cmn-jmeter": "https://search.maven.org/remotecontent?filepath=kg/apc/jmeter-plugins-cmn-jmeter/0.7/jmeter-plugins-cmn-jmeter-0.7.jar",
          "commons-lang": "https://search.maven.org/remotecontent?filepath=commons-lang/commons-lang/2.6/commons-lang-2.6.jar"
        }
      }
    }
  },
  {
    "id": "jpgc-perfmon",
    "name": "PerfMon (Servers Performance Monitoring)",
    "description": "Allows collecting target server resource metrics. You need to start ServerAgent on a target machine.",
    "screenshotUrl": "https://jmeter-plugins.org/img/wiki/servers_performance_monitoring.png",
    "helpUrl": "https://jmeter-plugins.org/wiki/PerfMon/",
    "vendor": "JMeter-Plugins.org",
    "markerClass": "kg.apc.jmeter.perfmon.PerfMonCollector",
    "componentClasses": [
      "kg.apc.jmeter.perfmon.PerfMonCollector",
      "kg.apc.jmeter.vizualizers.PerfMonGui"
    ],
    "versions": {
      "2.0": {
        "downloadUrl": "https://search.maven.org/remotecontent?filepath=kg/apc/jmeter-plugins-perfmon/2.0/jmeter-plugins-perfmon-2.0.jar",
        "libs": {
          "jmeter-plugins-cmn-jmeter": "https://search.maven.org/remotecontent?filepath=kg/apc/jmeter-plugins-cmn-jmeter/0.4/jmeter-plugins-cmn-jmeter-0.4.jar",
          "perfmon": "https://search.maven.org/remotecontent?filepath=kg/apc/perfmon/2.2.2/perfmon-2.2.2.jar"
        }
      },
      "2.1": {
        "downloadUrl": "https://search.maven.org/remotecontent?filepath=kg/apc/jmeter-plugins-perfmon/2.1/jmeter-plugins-perfmon-2.1.jar",
        "libs": {
          "jmeter-plugins-cmn-jmeter": "https://search.maven.org/remotecontent?filepath=kg/apc/jmeter-plugins-cmn-jmeter/0.7/jmeter-plugins-cmn-jmeter-0.7.jar",
          "perfmon": "https://search.maven.org/remotecontent?filepath=kg/apc/perfmon/2.2.2/perfmon-2.2.2.jar"
        }
      }
    }
  },
  {
    "id": "jpgc-prmctl",
    "name": "Parameterized Controller & Set Variables Action",
    "description": "A controller and sampler to help reuse modules with variables in the scope",
    "screenshotUrl": "https://jmeter-plugins.org/img/wiki/parameterizedcontroller.png",
    "helpUrl": "https://jmeter-plugins.org/wiki/ParameterizedController/",
    "vendor": "JMeter-Plugins.org",
    "markerClass": "kg.apc.jmeter.control.ParameterizedController",
    "componentClasses": [
      "kg.apc.jmeter.control.ParameterizedController",
      "kg.apc.jmeter.control.ParameterizedControllerGui",
      "kg.apc.jmeter.control.sampler.SetVariablesAction",
      "kg.apc.jmeter.control.sampler.SetVariablesActionGui"
    ],
    "versions": {
      "0.2": {
        "downloadUrl": "https://search.maven.org/remotecontent?filepath=kg/apc/jmeter-plugins-prmctl/0.2/jmeter-plugins-prmctl-0.2.jar",
        "libs": {
          "jmeter-plugins-cmn-jmeter": "https://search.maven.org/remotecontent?filepath=kg/apc/jmeter-plugins-cmn-jmeter/0.4/jmeter-plugins-cmn-jmeter-0.4.jar"
        }
      },
      "0.3": {
        "downloadUrl": "https://search.maven.org/remotecontent?filepath=kg/apc/jmeter-plugins-prmctl/0.3/jmeter-plugins-prmctl-0.3.jar",
        "libs": {
          "jmeter-plugins-cmn-jmeter": "https://search.maven.org/remotecontent?filepath=kg/apc/jmeter-plugins-cmn-jmeter/0.4/jmeter-plugins-cmn-jmeter-0.4.jar"
        }
      },
      "0.4": {
        "changes": "Added Set Variables Action",
        "downloadUrl": "https://search.maven.org/remotecontent?filepath=kg/apc/jmeter-plugins-prmctl/0.4/jmeter-plugins-prmctl-0.4.jar",
        "libs": {
          "jmeter-plugins-cmn-jmeter": "https://search.maven.org/remotecontent?filepath=kg/apc/jmeter-plugins-cmn-jmeter/0.7/jmeter-plugins-cmn-jmeter-0.7.jar"
        }
      }
    }
  },
  {
    "id": "jpgc-redis",
    "name": "Redis Data Set",
    "description": "Allows reading test data from Redis storage",
    "screenshotUrl": "https://jmeter-plugins.org/img/wiki/redis/RedisDataSet.png",
    "helpUrl": "https://jmeter-plugins.org/wiki/RedisDataSet/",
    "vendor": "JMeter-Plugins.org",
    "markerClass": "kg.apc.jmeter.config.redis.RedisDataSet",
    "componentClasses": [
      "kg.apc.jmeter.config.redis.RedisDataSet"
    ],
    "versions": {
      "0.1": {
        "downloadUrl": "https://search.maven.org/remotecontent?filepath=kg/apc/jmeter-plugins-redis/0.1/jmeter-plugins-redis-0.1.jar",
        "libs": {
          "jmeter-plugins-cmn-jmeter": "https://search.maven.org/remotecontent?filepath=kg/apc/jmeter-plugins-cmn-jmeter/0.4/jmeter-plugins-cmn-jmeter-0.4.jar",
          "jedis": "https://search.maven.org/remotecontent?filepath=redis/clients/jedis/2.2.1/jedis-2.2.1.jar",
          "commons-beanutils": "https://search.maven.org/remotecontent?filepath=commons-beanutils/commons-beanutils/1.8.3/commons-beanutils-1.8.3.jar",
          "qpid-common": "https://search.maven.org/remotecontent?filepath=org/apache/qpid/qpid-common/0.20/qpid-common-0.20.jar",
          "xom": "https://search.maven.org/remotecontent?filepath=com/io7m/xom/xom/1.2.10/xom-1.2.10.jar",
          "commons-pool": "http://search.maven.org/remotecontent?filepath=commons-pool/commons-pool/1.6/commons-pool-1.6.jar"
        }
      },
      "0.2": {
        "changes": "fixed GUI for component",
        "downloadUrl": "https://search.maven.org/remotecontent?filepath=kg/apc/jmeter-plugins-redis/0.2/jmeter-plugins-redis-0.2.jar",
        "libs": {
          "jmeter-plugins-cmn-jmeter": "https://search.maven.org/remotecontent?filepath=kg/apc/jmeter-plugins-cmn-jmeter/0.4/jmeter-plugins-cmn-jmeter-0.4.jar",
          "jedis": "https://search.maven.org/remotecontent?filepath=redis/clients/jedis/2.2.1/jedis-2.2.1.jar",
          "commons-beanutils": "https://search.maven.org/remotecontent?filepath=commons-beanutils/commons-beanutils/1.8.3/commons-beanutils-1.8.3.jar",
          "qpid-common": "https://search.maven.org/remotecontent?filepath=org/apache/qpid/qpid-common/0.20/qpid-common-0.20.jar",
          "xom": "https://search.maven.org/remotecontent?filepath=com/io7m/xom/xom/1.2.10/xom-1.2.10.jar",
          "commons-pool": "http://search.maven.org/remotecontent?filepath=commons-pool/commons-pool/1.6/commons-pool-1.6.jar"
        }
      },
      "0.3": {
        "changes": "fixed exception when RANDOM_KEEP chosen on a list",
        "downloadUrl": "https://search.maven.org/remotecontent?filepath=kg/apc/jmeter-plugins-redis/0.3/jmeter-plugins-redis-0.3.jar",
        "libs": {
          "jmeter-plugins-cmn-jmeter": "https://search.maven.org/remotecontent?filepath=kg/apc/jmeter-plugins-cmn-jmeter/0.4/jmeter-plugins-cmn-jmeter-0.4.jar",
          "jedis": "https://search.maven.org/remotecontent?filepath=redis/clients/jedis/2.2.1/jedis-2.2.1.jar",
          "commons-beanutils": "https://search.maven.org/remotecontent?filepath=commons-beanutils/commons-beanutils/1.8.3/commons-beanutils-1.8.3.jar",
          "qpid-common": "https://search.maven.org/remotecontent?filepath=org/apache/qpid/qpid-common/0.20/qpid-common-0.20.jar",
          "xom": "https://search.maven.org/remotecontent?filepath=com/io7m/xom/xom/1.2.10/xom-1.2.10.jar",
          "commons-pool": "http://search.maven.org/remotecontent?filepath=commons-pool/commons-pool/1.6/commons-pool-1.6.jar"
        }
      },
      "0.5": {
        "changes": "fixed ssl config in redis dataset so it actually gets used",
        "downloadUrl": "https://search.maven.org/remotecontent?filepath=kg/apc/jmeter-plugins-redis/0.5/jmeter-plugins-redis-0.5.jar",
        "libs": {
          "jmeter-plugins-cmn-jmeter": "https://search.maven.org/remotecontent?filepath=kg/apc/jmeter-plugins-cmn-jmeter/0.7/jmeter-plugins-cmn-jmeter-0.7.jar",
          "jedis": "https://search.maven.org/remotecontent?filepath=redis/clients/jedis/3.6.3/jedis-3.6.3.jar",
          "commons-pool2": "http://search.maven.org/remotecontent?filepath=org/apache/commons/commons-pool2/2.9.0/commons-pool2-2.9.0.jar"
        }
      }
    }
  },
  {
    "id": "jpgc-tst",
    "name": "Throughput Shaping Timer",
    "description": "A plugin to set desired hits/s (RPS) schedule",
    "screenshotUrl": "https://jmeter-plugins.org/img/wiki/throughput_shaping_timer1.png",
    "helpUrl": "https://jmeter-plugins.org/wiki/ThroughputShapingTimer/",
    "vendor": "JMeter-Plugins.org",
    "markerClass": "kg.apc.jmeter.timers.VariableThroughputTimer",
    "componentClasses": [
      "kg.apc.jmeter.timers.VariableThroughputTimer",
      "kg.apc.jmeter.timers.VariableThroughputTimerGui"
    ],
    "versions": {
      "2.0": {
        "downloadUrl": "https://search.maven.org/remotecontent?filepath=kg/apc/jmeter-plugins-tst/2.0/jmeter-plugins-tst-2.0.jar",
        "libs": {
          "jmeter-plugins-cmn-jmeter": "https://search.maven.org/remotecontent?filepath=kg/apc/jmeter-plugins-cmn-jmeter/0.4/jmeter-plugins-cmn-jmeter-0.4.jar"
        }
      },
      "2.1": {
        "changes": "Added __tstFeeback() function to integrate with Concurrency Thread Group",
        "downloadUrl": "https://search.maven.org/remotecontent?filepath=kg/apc/jmeter-plugins-tst/2.1/jmeter-plugins-tst-2.1.jar",
        "libs": {
          "jmeter-plugins-cmn-jmeter": "https://search.maven.org/remotecontent?filepath=kg/apc/jmeter-plugins-cmn-jmeter/0.5/jmeter-plugins-cmn-jmeter-0.5.jar"
        }
      },
      "2.2": {
        "changes": "Expose overall schedule data as JMeter properties",
        "downloadUrl": "https://search.maven.org/remotecontent?filepath=kg/apc/jmeter-plugins-tst/2.2/jmeter-plugins-tst-2.2.jar",
        "libs": {
          "jmeter-plugins-cmn-jmeter": "https://search.maven.org/remotecontent?filepath=kg/apc/jmeter-plugins-cmn-jmeter/0.5/jmeter-plugins-cmn-jmeter-0.5.jar"
        }
      },
      "2.3": {
        "changes": "Improve stopping threads",
        "downloadUrl": "https://search.maven.org/remotecontent?filepath=kg/apc/jmeter-plugins-tst/2.3/jmeter-plugins-tst-2.3.jar",
        "libs": {
          "jmeter-plugins-cmn-jmeter": "https://search.maven.org/remotecontent?filepath=kg/apc/jmeter-plugins-cmn-jmeter/0.5/jmeter-plugins-cmn-jmeter-0.5.jar"
        }
      },
      "2.4": {
        "changes": "Fix performance problem with notifyAll() used",
        "downloadUrl": "https://search.maven.org/remotecontent?filepath=kg/apc/jmeter-plugins-tst/2.4/jmeter-plugins-tst-2.4.jar",
        "libs": {
          "jmeter-plugins-cmn-jmeter": "https://search.maven.org/remotecontent?filepath=kg/apc/jmeter-plugins-cmn-jmeter/0.5/jmeter-plugins-cmn-jmeter-0.5.jar"
        }
      },
      "2.5": {
        "changes": "Fix negative values from TSTFeedback function",
        "downloadUrl": "https://search.maven.org/remotecontent?filepath=kg/apc/jmeter-plugins-tst/2.5/jmeter-plugins-tst-2.5.jar",
        "libs": {
          "jmeter-plugins-cmn-jmeter": "https://search.maven.org/remotecontent?filepath=kg/apc/jmeter-plugins-cmn-jmeter/0.7/jmeter-plugins-cmn-jmeter-0.7.jar"
        }
      }
    }
  },
  {
    "id": "jpgc-udp",
    "name": "UDP Protocol Support",
    "description": "This plugin adds UDP protocol support to JMeter. With this plugin you can load test DNS, NTP, TFTP, Boot servers and many-many other systems.",
    "screenshotUrl": "https://jmeter-plugins.org/img/wiki/UDPRequest.png",
    "helpUrl": "https://jmeter-plugins.org/wiki/UDPRequest/",
    "vendor": "JMeter-Plugins.org",
    "markerClass": "kg.apc.jmeter.samplers.UDPSampler",
    "componentClasses": [
      "kg.apc.jmeter.samplers.UDPSampler",
      "kg.apc.jmeter.samplers.UDPSamplerGui"
    ],
    "versions": {
      "0.1": {
        "downloadUrl": "https://search.maven.org/remotecontent?filepath=kg/apc/jmeter-plugins-udp/0.1/jmeter-plugins-udp-0.1.jar",
        "libs": {
          "jmeter-plugins-cmn-jmeter": "https://search.maven.org/remotecontent?filepath=kg/apc/jmeter-plugins-cmn-jmeter/0.4/jmeter-plugins-cmn-jmeter-0.4.jar",
          "jmeter-plugins-common-io": "https://search.maven.org/remotecontent?filepath=kg/apc/jmeter-plugins-common-io/0.2/jmeter-plugins-common-io-0.2.jar"
        }
      },
      "0.2": {
        "downloadUrl": "https://search.maven.org/remotecontent?filepath=kg/apc/jmeter-plugins-udp/0.2/jmeter-plugins-udp-0.2.jar",
        "libs": {
          "jmeter-plugins-cmn-jmeter": "https://search.maven.org/remotecontent?filepath=kg/apc/jmeter-plugins-cmn-jmeter/0.4/jmeter-plugins-cmn-jmeter-0.4.jar",
          "jmeter-plugins-common-io": "https://search.maven.org/remotecontent?filepath=kg/apc/jmeter-plugins-common-io/0.2/jmeter-plugins-common-io-0.2.jar"
        }
      },
      "0.3": {
        "changes": "Fixed bind to local address/port",
        "downloadUrl": "https://search.maven.org/remotecontent?filepath=kg/apc/jmeter-plugins-udp/0.3/jmeter-plugins-udp-0.3.jar",
        "libs": {
          "jmeter-plugins-cmn-jmeter": "https://search.maven.org/remotecontent?filepath=kg/apc/jmeter-plugins-cmn-jmeter/0.4/jmeter-plugins-cmn-jmeter-0.4.jar",
          "jmeter-plugins-common-io": "https://search.maven.org/remotecontent?filepath=kg/apc/jmeter-plugins-common-io/0.2/jmeter-plugins-common-io-0.2.jar"
        }
      },
      "0.4": {
        "changes": "Fixed bind to local address/port",
        "downloadUrl": "https://search.maven.org/remotecontent?filepath=kg/apc/jmeter-plugins-udp/0.4/jmeter-plugins-udp-0.4.jar",
        "libs": {
          "jmeter-plugins-cmn-jmeter": "https://search.maven.org/remotecontent?filepath=kg/apc/jmeter-plugins-cmn-jmeter/0.7/jmeter-plugins-cmn-jmeter-0.7.jar",
          "jmeter-plugins-common-io": "https://search.maven.org/remotecontent?filepath=kg/apc/jmeter-plugins-common-io/0.2/jmeter-plugins-common-io-0.2.jar"
        }
      }
    }
  },
  {
    "id": "jpgc-webdriver",
    "name": "Selenium/WebDriver Support",
    "description": "This plugin allows testing real browser behavior using Selenium/WebDriver technology",
    "screenshotUrl": "https://github.com/undera/jmeter-plugins-webdriver/raw/master/img/web-driver-tutorial-web-sampler.png",
    "helpUrl": "https://github.com/undera/jmeter-plugins-webdriver",
    "vendor": "JMeter-Plugins.org",
    "markerClass": "com.googlecode.jmeter.plugins.webdriver.sampler.WebDriverSampler",
    "componentClasses": [
      "com.blazemeter.jmeter.webdriver.phantomjs.PhantomJSDriverConfig",
      "com.blazemeter.jmeter.webdriver.phantomjs.PhantomJSDriverConfigGui",
      "com.googlecode.jmeter.plugins.webdriver.config.ChromeDriverConfig",
      "com.googlecode.jmeter.plugins.webdriver.config.FirefoxDriverConfig",
      "com.googlecode.jmeter.plugins.webdriver.config.HtmlUnitDriverConfig",
      "com.googlecode.jmeter.plugins.webdriver.config.InternetExplorerDriverConfig",
      "com.googlecode.jmeter.plugins.webdriver.config.RemoteDriverConfig",
      "com.googlecode.jmeter.plugins.webdriver.config.gui.ChromeDriverConfigGui",
      "com.googlecode.jmeter.plugins.webdriver.config.gui.FirefoxDriverConfigGui",
      "com.googlecode.jmeter.plugins.webdriver.config.gui.HtmlUnitDriverConfigGui",
      "com.googlecode.jmeter.plugins.webdriver.config.gui.InternetExplorerDriverConfigGui",
      "com.googlecode.jmeter.plugins.webdriver.config.gui.RemoteDriverConfigGui",
      "com.googlecode.jmeter.plugins.webdriver.sampler.WebDriverSampler",
      "com.googlecode.jmeter.plugins.webdriver.sampler.gui.WebDriverSamplerGui"
    ],
    "versions": {
      "1.4.0": {
        "downloadUrl": "https://search.maven.org/remotecontent?filepath=kg/apc/jmeter-plugins-webdriver/1.4.0/jmeter-plugins-webdriver-1.4.0.jar",
        "libs": {
          "selenium-support": "https://search.maven.org/remotecontent?filepath=org/seleniumhq/selenium/selenium-support/2.52.0/selenium-support-2.52.0.jar",
          "selenium-api": "https://search.maven.org/remotecontent?filepath=org/seleniumhq/selenium/selenium-api/2.52.0/selenium-api-2.52.0.jar",
          "selenium-firefox-driver": "https://search.maven.org/remotecontent?filepath=org/seleniumhq/selenium/selenium-firefox-driver/2.52.0/selenium-firefox-driver-2.52.0.jar",
          "selenium-remote-driver": "https://search.maven.org/remotecontent?filepath=org/seleniumhq/selenium/selenium-remote-driver/2.52.0/selenium-remote-driver-2.52.0.jar",
          "selenium-ie-driver": "https://search.maven.org/remotecontent?filepath=org/seleniumhq/selenium/selenium-ie-driver/2.52.0/selenium-ie-driver-2.52.0.jar",
          "selenium-chrome-driver": "https://search.maven.org/remotecontent?filepath=org/seleniumhq/selenium/selenium-chrome-driver/2.52.0/selenium-chrome-driver-2.52.0.jar",
          "selenium-htmlunit-driver": "https://search.maven.org/remotecontent?filepath=org/seleniumhq/selenium/selenium-htmlunit-driver/2.52.0/selenium-htmlunit-driver-2.52.0.jar",
          "phantomjsdriver": "https://search.maven.org/remotecontent?filepath=com/codeborne/phantomjsdriver/1.2.1/phantomjsdriver-1.2.1.jar",
          "nekohtml": "https://search.maven.org/remotecontent?filepath=net/sourceforge/nekohtml/nekohtml/1.9.22/nekohtml-1.9.22.jar",
          "jsyntaxpane": "https://search.maven.org/remotecontent?filepath=de/sciss/jsyntaxpane/1.0.0/jsyntaxpane-1.0.0.jar",
          "htmlunit": "https://search.maven.org/remotecontent?filepath=net/sourceforge/htmlunit/htmlunit/2.18/htmlunit-2.18.jar",
          "htmlunit-core-js": "https://search.maven.org/remotecontent?filepath=net/sourceforge/htmlunit/htmlunit-core-js/2.17/htmlunit-core-js-2.17.jar",
          "commons-exec": "https://search.maven.org/remotecontent?filepath=org/apache/commons/commons-exec/1.3/commons-exec-1.3.jar",
          "gson": "https://search.maven.org/remotecontent?filepath=com/google/code/gson/gson/2.3.1/gson-2.3.1.jar",
          "cglib-nodep": "https://search.maven.org/remotecontent?filepath=cglib/cglib-nodep/2.1_3/cglib-nodep-2.1_3.jar",
          "cssparser": "https://search.maven.org/remotecontent?filepath=net/sourceforge/cssparser/cssparser/0.9.16/cssparser-0.9.16.jar",
          "guava": "https://search.maven.org/remotecontent?filepath=io/janusproject/guava/guava/19.0.0/guava-19.0.0.jar",
          "sac": "https://search.maven.org/remotecontent?filepath=org/w3c/css/sac/1.3/sac-1.3.jar"
        }
      },
      "2.2": {
        "changes": "added headless chrome support",
        "downloadUrl": "https://search.maven.org/remotecontent?filepath=kg/apc/jmeter-plugins-webdriver/2.2/jmeter-plugins-webdriver-2.2.jar",
        "libs": {
          "selenium-support": "https://search.maven.org/remotecontent?filepath=org/seleniumhq/selenium/selenium-support/2.52.0/selenium-support-2.52.0.jar",
          "selenium-api": "https://search.maven.org/remotecontent?filepath=org/seleniumhq/selenium/selenium-api/2.52.0/selenium-api-2.52.0.jar",
          "selenium-firefox-driver": "https://search.maven.org/remotecontent?filepath=org/seleniumhq/selenium/selenium-firefox-driver/2.52.0/selenium-firefox-driver-2.52.0.jar",
          "selenium-remote-driver": "https://search.maven.org/remotecontent?filepath=org/seleniumhq/selenium/selenium-remote-driver/2.52.0/selenium-remote-driver-2.52.0.jar",
          "selenium-ie-driver": "https://search.maven.org/remotecontent?filepath=org/seleniumhq/selenium/selenium-ie-driver/2.52.0/selenium-ie-driver-2.52.0.jar",
          "selenium-chrome-driver": "https://search.maven.org/remotecontent?filepath=org/seleniumhq/selenium/selenium-chrome-driver/2.52.0/selenium-chrome-driver-2.52.0.jar",
          "selenium-htmlunit-driver": "https://search.maven.org/remotecontent?filepath=org/seleniumhq/selenium/selenium-htmlunit-driver/2.52.0/selenium-htmlunit-driver-2.52.0.jar",
          "phantomjsdriver": "https://search.maven.org/remotecontent?filepath=com/codeborne/phantomjsdriver/1.2.1/phantomjsdriver-1.2.1.jar",
          "nekohtml": "https://search.maven.org/remotecontent?filepath=net/sourceforge/nekohtml/nekohtml/1.9.22/nekohtml-1.9.22.jar",
          "jsyntaxpane": "https://search.maven.org/remotecontent?filepath=de/sciss/jsyntaxpane/1.0.0/jsyntaxpane-1.0.0.jar",
          "htmlunit": "https://search.maven.org/remotecontent?filepath=net/sourceforge/htmlunit/htmlunit/2.18/htmlunit-2.18.jar",
          "htmlunit-core-js": "https://search.maven.org/remotecontent?filepath=net/sourceforge/htmlunit/htmlunit-core-js/2.17/htmlunit-core-js-2.17.jar",
          "commons-exec": "https://search.maven.org/remotecontent?filepath=org/apache/commons/commons-exec/1.3/commons-exec-1.3.jar",
          "gson": "https://search.maven.org/remotecontent?filepath=com/google/code/gson/gson/2.3.1/gson-2.3.1.jar",
          "cglib-nodep": "https://search.maven.org/remotecontent?filepath=cglib/cglib-nodep/2.1_3/cglib-nodep-2.1_3.jar",
          "cssparser": "https://search.maven.org/remotecontent?filepath=net/sourceforge/cssparser/cssparser/0.9.16/cssparser-0.9.16.jar",
          "guava": "https://search.maven.org/remotecontent?filepath=io/janusproject/guava/guava/19.0.0/guava-19.0.0.jar",
          "sac": "https://search.maven.org/remotecontent?filepath=org/w3c/css/sac/1.3/sac-1.3.jar",
          "jna": "https://search.maven.org/remotecontent?filepath=net/java/dev/jna/jna/3.5.2/jna-3.5.2.jar",
          "platform": "https://search.maven.org/remotecontent?filepath=net/java/dev/jna/platform/3.5.2/platform-3.5.2.jar",
          "jmeter-plugins-cmn-jmeter": "https://search.maven.org/remotecontent?filepath=kg/apc/jmeter-plugins-cmn-jmeter/0.4/jmeter-plugins-cmn-jmeter-0.4.jar"
        }
      },
      "2.3": {
        "changes": "Add vars, props and ctx to Sampler",
        "downloadUrl": "https://search.maven.org/remotecontent?filepath=kg/apc/jmeter-plugins-webdriver/2.3/jmeter-plugins-webdriver-2.3.jar",
        "libs": {
          "selenium-support": "https://search.maven.org/remotecontent?filepath=org/seleniumhq/selenium/selenium-support/2.52.0/selenium-support-2.52.0.jar",
          "selenium-api": "https://search.maven.org/remotecontent?filepath=org/seleniumhq/selenium/selenium-api/2.52.0/selenium-api-2.52.0.jar",
          "selenium-firefox-driver": "https://search.maven.org/remotecontent?filepath=org/seleniumhq/selenium/selenium-firefox-driver/2.52.0/selenium-firefox-driver-2.52.0.jar",
          "selenium-remote-driver": "https://search.maven.org/remotecontent?filepath=org/seleniumhq/selenium/selenium-remote-driver/2.52.0/selenium-remote-driver-2.52.0.jar",
          "selenium-ie-driver": "https://search.maven.org/remotecontent?filepath=org/seleniumhq/selenium/selenium-ie-driver/2.52.0/selenium-ie-driver-2.52.0.jar",
          "selenium-chrome-driver": "https://search.maven.org/remotecontent?filepath=org/seleniumhq/selenium/selenium-chrome-driver/2.52.0/selenium-chrome-driver-2.52.0.jar",
          "selenium-htmlunit-driver": "https://search.maven.org/remotecontent?filepath=org/seleniumhq/selenium/selenium-htmlunit-driver/2.52.0/selenium-htmlunit-driver-2.52.0.jar",
          "phantomjsdriver": "https://search.maven.org/remotecontent?filepath=com/codeborne/phantomjsdriver/1.2.1/phantomjsdriver-1.2.1.jar",
          "nekohtml": "https://search.maven.org/remotecontent?filepath=net/sourceforge/nekohtml/nekohtml/1.9.22/nekohtml-1.9.22.jar",
          "jsyntaxpane": "https://search.maven.org/remotecontent?filepath=de/sciss/jsyntaxpane/1.0.0/jsyntaxpane-1.0.0.jar",
          "htmlunit": "https://search.maven.org/remotecontent?filepath=net/sourceforge/htmlunit/htmlunit/2.18/htmlunit-2.18.jar",
          "htmlunit-core-js": "https://search.maven.org/remotecontent?filepath=net/sourceforge/htmlunit/htmlunit-core-js/2.17/htmlunit-core-js-2.17.jar",
          "commons-exec": "https://search.maven.org/remotecontent?filepath=org/apache/commons/commons-exec/1.3/commons-exec-1.3.jar",
          "gson": "https://search.maven.org/remotecontent?filepath=com/google/code/gson/gson/2.3.1/gson-2.3.1.jar",
          "cglib-nodep": "https://search.maven.org/remotecontent?filepath=cglib/cglib-nodep/2.1_3/cglib-nodep-2.1_3.jar",
          "cssparser": "https://search.maven.org/remotecontent?filepath=net/sourceforge/cssparser/cssparser/0.9.16/cssparser-0.9.16.jar",
          "guava": "https://search.maven.org/remotecontent?filepath=io/janusproject/guava/guava/19.0.0/guava-19.0.0.jar",
          "sac": "https://search.maven.org/remotecontent?filepath=org/w3c/css/sac/1.3/sac-1.3.jar",
          "jna": "https://search.maven.org/remotecontent?filepath=net/java/dev/jna/jna/3.5.2/jna-3.5.2.jar",
          "platform": "https://search.maven.org/remotecontent?filepath=net/java/dev/jna/platform/3.5.2/platform-3.5.2.jar",
          "jmeter-plugins-cmn-jmeter": "https://search.maven.org/remotecontent?filepath=kg/apc/jmeter-plugins-cmn-jmeter/0.4/jmeter-plugins-cmn-jmeter-0.4.jar"
        }
      },
      "3.0": {
        "changes": "Upgrade Selenium library to version 3.14.0",
        "downloadUrl": "https://search.maven.org/remotecontent?filepath=kg/apc/jmeter-plugins-webdriver/3.0/jmeter-plugins-webdriver-3.0.jar",
        "libs": {
          "selenium-support": "https://search.maven.org/remotecontent?filepath=org/seleniumhq/selenium/selenium-support/3.14.0/selenium-support-3.14.0.jar",
          "selenium-api": "https://search.maven.org/remotecontent?filepath=org/seleniumhq/selenium/selenium-api/3.14.0/selenium-api-3.14.0.jar",
          "selenium-java": "https://search.maven.org/remotecontent?filepath=org/seleniumhq/selenium/selenium-java/3.14.0/selenium-java-3.14.0.jar",
          "selenium-firefox-driver": "https://search.maven.org/remotecontent?filepath=org/seleniumhq/selenium/selenium-firefox-driver/3.14.0/selenium-firefox-driver-3.14.0.jar",
          "selenium-remote-driver": "https://search.maven.org/remotecontent?filepath=org/seleniumhq/selenium/selenium-remote-driver/3.14.0/selenium-remote-driver-3.14.0.jar",
          "selenium-ie-driver": "https://search.maven.org/remotecontent?filepath=org/seleniumhq/selenium/selenium-ie-driver/3.14.0/selenium-ie-driver-3.14.0.jar",
          "selenium-chrome-driver": "https://search.maven.org/remotecontent?filepath=org/seleniumhq/selenium/selenium-chrome-driver/3.14.0/selenium-chrome-driver-3.14.0.jar",
          "htmlunit-driver": "https://search.maven.org/remotecontent?filepath=org/seleniumhq/selenium/htmlunit-driver/2.33.0/htmlunit-driver-2.33.0.jar",
          "phantomjsdriver": "https://search.maven.org/remotecontent?filepath=com/codeborne/phantomjsdriver/1.4.4/phantomjsdriver-1.4.4.jar",
          "jsyntaxpane": "https://search.maven.org/remotecontent?filepath=de/sciss/jsyntaxpane/1.0.0/jsyntaxpane-1.0.0.jar",
          "htmlunit": "https://search.maven.org/remotecontent?filepath=net/sourceforge/htmlunit/htmlunit/2.32/htmlunit-2.32.jar",
          "htmlunit-core-js": "https://search.maven.org/remotecontent?filepath=net/sourceforge/htmlunit/htmlunit-core-js/2.32/htmlunit-core-js-2.32.jar",
          "htmlunit-cssparser": "https://search.maven.org/remotecontent?filepath=net/sourceforge/htmlunit/htmlunit-cssparser/1.2.0/htmlunit-cssparser-1.2.0.jar",
          "neko-htmlunit": "https://search.maven.org/remotecontent?filepath=net/sourceforge/htmlunit/neko-htmlunit/2.32/neko-htmlunit-2.32.jar",
          "commons-exec": "https://search.maven.org/remotecontent?filepath=org/apache/commons/commons-exec/1.3/commons-exec-1.3.jar",
          "byte-buddy": "https://search.maven.org/remotecontent?filepath=net/bytebuddy/byte-buddy/1.8.15/byte-buddy-1.8.15.jar",
          "guava": "https://search.maven.org/remotecontent?filepath=com/google/guava/guava/25.0-jre/guava-25.0-jre.jar",
          "okio": "https://search.maven.org/remotecontent?filepath=com/squareup/okio/okio/1.14.1/okio-1.14.1.jar",
          "okhttp": "https://search.maven.org/remotecontent?filepath=com/squareup/okhttp3/okhttp/3.10.0/okhttp-3.10.0.jar",
          "jmeter-plugins-cmn-jmeter": "https://search.maven.org/remotecontent?filepath=kg/apc/jmeter-plugins-cmn-jmeter/0.4/jmeter-plugins-cmn-jmeter-0.4.jar"
        }
      },
      "3.1": {
        "changes": "Fix htmlunit browser name",
        "downloadUrl": "https://search.maven.org/remotecontent?filepath=kg/apc/jmeter-plugins-webdriver/3.1/jmeter-plugins-webdriver-3.1.jar",
        "libs": {
          "selenium-support": "https://search.maven.org/remotecontent?filepath=org/seleniumhq/selenium/selenium-support/3.14.0/selenium-support-3.14.0.jar",
          "selenium-api": "https://search.maven.org/remotecontent?filepath=org/seleniumhq/selenium/selenium-api/3.14.0/selenium-api-3.14.0.jar",
          "selenium-java": "https://search.maven.org/remotecontent?filepath=org/seleniumhq/selenium/selenium-java/3.14.0/selenium-java-3.14.0.jar",
          "selenium-firefox-driver": "https://search.maven.org/remotecontent?filepath=org/seleniumhq/selenium/selenium-firefox-driver/3.14.0/selenium-firefox-driver-3.14.0.jar",
          "selenium-remote-driver": "https://search.maven.org/remotecontent?filepath=org/seleniumhq/selenium/selenium-remote-driver/3.14.0/selenium-remote-driver-3.14.0.jar",
          "selenium-ie-driver": "https://search.maven.org/remotecontent?filepath=org/seleniumhq/selenium/selenium-ie-driver/3.14.0/selenium-ie-driver-3.14.0.jar",
          "selenium-chrome-driver": "https://search.maven.org/remotecontent?filepath=org/seleniumhq/selenium/selenium-chrome-driver/3.14.0/selenium-chrome-driver-3.14.0.jar",
          "htmlunit-driver": "https://search.maven.org/remotecontent?filepath=org/seleniumhq/selenium/htmlunit-driver/2.33.0/htmlunit-driver-2.33.0.jar",
          "phantomjsdriver": "https://search.maven.org/remotecontent?filepath=com/codeborne/phantomjsdriver/1.4.4/phantomjsdriver-1.4.4.jar",
          "jsyntaxpane": "https://search.maven.org/remotecontent?filepath=de/sciss/jsyntaxpane/1.0.0/jsyntaxpane-1.0.0.jar",
          "htmlunit": "https://search.maven.org/remotecontent?filepath=net/sourceforge/htmlunit/htmlunit/2.32/htmlunit-2.32.jar",
          "htmlunit-core-js": "https://search.maven.org/remotecontent?filepath=net/sourceforge/htmlunit/htmlunit-core-js/2.32/htmlunit-core-js-2.32.jar",
          "htmlunit-cssparser": "https://search.maven.org/remotecontent?filepath=net/sourceforge/htmlunit/htmlunit-cssparser/1.2.0/htmlunit-cssparser-1.2.0.jar",
          "neko-htmlunit": "https://search.maven.org/remotecontent?filepath=net/sourceforge/htmlunit/neko-htmlunit/2.32/neko-htmlunit-2.32.jar",
          "commons-exec": "https://search.maven.org/remotecontent?filepath=org/apache/commons/commons-exec/1.3/commons-exec-1.3.jar",
          "byte-buddy": "https://search.maven.org/remotecontent?filepath=net/bytebuddy/byte-buddy/1.8.15/byte-buddy-1.8.15.jar",
          "guava": "https://search.maven.org/remotecontent?filepath=com/google/guava/guava/25.0-jre/guava-25.0-jre.jar",
          "okio": "https://search.maven.org/remotecontent?filepath=com/squareup/okio/okio/1.14.1/okio-1.14.1.jar",
          "okhttp": "https://search.maven.org/remotecontent?filepath=com/squareup/okhttp3/okhttp/3.10.0/okhttp-3.10.0.jar",
          "jmeter-plugins-cmn-jmeter": "https://search.maven.org/remotecontent?filepath=kg/apc/jmeter-plugins-cmn-jmeter/0.4/jmeter-plugins-cmn-jmeter-0.4.jar"
        }
      },
      "3.2": {
        "changes": "Add Chrome incognito flag",
        "downloadUrl": "https://search.maven.org/remotecontent?filepath=kg/apc/jmeter-plugins-webdriver/3.2/jmeter-plugins-webdriver-3.2.jar",
        "libs": {
          "selenium-support": "https://search.maven.org/remotecontent?filepath=org/seleniumhq/selenium/selenium-support/3.14.0/selenium-support-3.14.0.jar",
          "selenium-api": "https://search.maven.org/remotecontent?filepath=org/seleniumhq/selenium/selenium-api/3.14.0/selenium-api-3.14.0.jar",
          "selenium-java": "https://search.maven.org/remotecontent?filepath=org/seleniumhq/selenium/selenium-java/3.14.0/selenium-java-3.14.0.jar",
          "selenium-firefox-driver": "https://search.maven.org/remotecontent?filepath=org/seleniumhq/selenium/selenium-firefox-driver/3.14.0/selenium-firefox-driver-3.14.0.jar",
          "selenium-remote-driver": "https://search.maven.org/remotecontent?filepath=org/seleniumhq/selenium/selenium-remote-driver/3.14.0/selenium-remote-driver-3.14.0.jar",
          "selenium-ie-driver": "https://search.maven.org/remotecontent?filepath=org/seleniumhq/selenium/selenium-ie-driver/3.14.0/selenium-ie-driver-3.14.0.jar",
          "selenium-chrome-driver": "https://search.maven.org/remotecontent?filepath=org/seleniumhq/selenium/selenium-chrome-driver/3.14.0/selenium-chrome-driver-3.14.0.jar",
          "htmlunit-driver": "https://search.maven.org/remotecontent?filepath=org/seleniumhq/selenium/htmlunit-driver/2.33.0/htmlunit-driver-2.33.0.jar",
          "phantomjsdriver": "https://search.maven.org/remotecontent?filepath=com/codeborne/phantomjsdriver/1.4.4/phantomjsdriver-1.4.4.jar",
          "jsyntaxpane": "https://search.maven.org/remotecontent?filepath=de/sciss/jsyntaxpane/1.0.0/jsyntaxpane-1.0.0.jar",
          "htmlunit": "https://search.maven.org/remotecontent?filepath=net/sourceforge/htmlunit/htmlunit/2.32/htmlunit-2.32.jar",
          "htmlunit-core-js": "https://search.maven.org/remotecontent?filepath=net/sourceforge/htmlunit/htmlunit-core-js/2.32/htmlunit-core-js-2.32.jar",
          "htmlunit-cssparser": "https://search.maven.org/remotecontent?filepath=net/sourceforge/htmlunit/htmlunit-cssparser/1.2.0/htmlunit-cssparser-1.2.0.jar",
          "neko-htmlunit": "https://search.maven.org/remotecontent?filepath=net/sourceforge/htmlunit/neko-htmlunit/2.32/neko-htmlunit-2.32.jar",
          "commons-exec": "https://search.maven.org/remotecontent?filepath=org/apache/commons/commons-exec/1.3/commons-exec-1.3.jar",
          "byte-buddy": "https://search.maven.org/remotecontent?filepath=net/bytebuddy/byte-buddy/1.8.15/byte-buddy-1.8.15.jar",
          "guava": "https://search.maven.org/remotecontent?filepath=com/google/guava/guava/25.0-jre/guava-25.0-jre.jar",
          "okio": "https://search.maven.org/remotecontent?filepath=com/squareup/okio/okio/1.14.1/okio-1.14.1.jar",
          "okhttp": "https://search.maven.org/remotecontent?filepath=com/squareup/okhttp3/okhttp/3.10.0/okhttp-3.10.0.jar",
          "jmeter-plugins-cmn-jmeter": "https://search.maven.org/remotecontent?filepath=kg/apc/jmeter-plugins-cmn-jmeter/0.4/jmeter-plugins-cmn-jmeter-0.4.jar"
        }
      },
      "3.3": {
        "changes": "Add Chrome no-sandbox flag",
        "downloadUrl": "https://search.maven.org/remotecontent?filepath=kg/apc/jmeter-plugins-webdriver/3.3/jmeter-plugins-webdriver-3.3.jar",
        "libs": {
          "selenium-support": "https://search.maven.org/remotecontent?filepath=org/seleniumhq/selenium/selenium-support/3.14.0/selenium-support-3.14.0.jar",
          "selenium-api": "https://search.maven.org/remotecontent?filepath=org/seleniumhq/selenium/selenium-api/3.14.0/selenium-api-3.14.0.jar",
          "selenium-java": "https://search.maven.org/remotecontent?filepath=org/seleniumhq/selenium/selenium-java/3.14.0/selenium-java-3.14.0.jar",
          "selenium-firefox-driver": "https://search.maven.org/remotecontent?filepath=org/seleniumhq/selenium/selenium-firefox-driver/3.14.0/selenium-firefox-driver-3.14.0.jar",
          "selenium-remote-driver": "https://search.maven.org/remotecontent?filepath=org/seleniumhq/selenium/selenium-remote-driver/3.14.0/selenium-remote-driver-3.14.0.jar",
          "selenium-ie-driver": "https://search.maven.org/remotecontent?filepath=org/seleniumhq/selenium/selenium-ie-driver/3.14.0/selenium-ie-driver-3.14.0.jar",
          "selenium-chrome-driver": "https://search.maven.org/remotecontent?filepath=org/seleniumhq/selenium/selenium-chrome-driver/3.14.0/selenium-chrome-driver-3.14.0.jar",
          "htmlunit-driver": "https://search.maven.org/remotecontent?filepath=org/seleniumhq/selenium/htmlunit-driver/2.33.0/htmlunit-driver-2.33.0.jar",
          "phantomjsdriver": "https://search.maven.org/remotecontent?filepath=com/codeborne/phantomjsdriver/1.4.4/phantomjsdriver-1.4.4.jar",
          "jsyntaxpane": "https://search.maven.org/remotecontent?filepath=de/sciss/jsyntaxpane/1.0.0/jsyntaxpane-1.0.0.jar",
          "htmlunit": "https://search.maven.org/remotecontent?filepath=net/sourceforge/htmlunit/htmlunit/2.32/htmlunit-2.32.jar",
          "htmlunit-core-js": "https://search.maven.org/remotecontent?filepath=net/sourceforge/htmlunit/htmlunit-core-js/2.32/htmlunit-core-js-2.32.jar",
          "htmlunit-cssparser": "https://search.maven.org/remotecontent?filepath=net/sourceforge/htmlunit/htmlunit-cssparser/1.2.0/htmlunit-cssparser-1.2.0.jar",
          "neko-htmlunit": "https://search.maven.org/remotecontent?filepath=net/sourceforge/htmlunit/neko-htmlunit/2.32/neko-htmlunit-2.32.jar",
          "commons-exec": "https://search.maven.org/remotecontent?filepath=org/apache/commons/commons-exec/1.3/commons-exec-1.3.jar",
          "byte-buddy": "https://search.maven.org/remotecontent?filepath=net/bytebuddy/byte-buddy/1.8.15/byte-buddy-1.8.15.jar",
          "guava": "https://search.maven.org/remotecontent?filepath=com/google/guava/guava/25.0-jre/guava-25.0-jre.jar",
          "okio": "https://search.maven.org/remotecontent?filepath=com/squareup/okio/okio/1.14.1/okio-1.14.1.jar",
          "okhttp": "https://search.maven.org/remotecontent?filepath=com/squareup/okhttp3/okhttp/3.10.0/okhttp-3.10.0.jar",
          "jmeter-plugins-cmn-jmeter": "https://search.maven.org/remotecontent?filepath=kg/apc/jmeter-plugins-cmn-jmeter/0.7/jmeter-plugins-cmn-jmeter-0.7.jar"
        }
      }
    }
  },
  {
    "id": "jpgc-xml",
    "name": "XML Plugins",
    "description": "Currently ships XMLFormatPostProcessor",
    "screenshotUrl": "https://jmeter-plugins.org/img/wiki/Formatted-xml1.png",
    "helpUrl": "https://jmeter-plugins.org/wiki/XMLFormatPostProcessor/",
    "vendor": "JMeter-Plugins.org",
    "markerClass": "com.atlantbh.jmeter.plugins.xmlformatter.XMLFormatPostProcessor",
    "componentClasses": [
      "com.atlantbh.jmeter.plugins.xmlformatter.XMLFormatPostProcessor",
      "com.atlantbh.jmeter.plugins.xmlformatter.gui.XMLFormatPostProcessorGui"
    ],
    "versions": {
      "0.1": {
        "downloadUrl": "https://search.maven.org/remotecontent?filepath=kg/apc/jmeter-plugins-xml/0.1/jmeter-plugins-xml-0.1.jar",
        "libs": {
          "jmeter-plugins-cmn-jmeter": "https://search.maven.org/remotecontent?filepath=kg/apc/jmeter-plugins-cmn-jmeter/0.7/jmeter-plugins-cmn-jmeter-0.7.jar"
        }
      }
    }
  }
]
