[
  {
    "id": "jpgc-plugins-manager",
    "name": "Plugins Manager",
    "description": "Adds menu item into Options menu to access UI for installing/removing additional plugins",
    "screenshotUrl": "https://jmeter-plugins.org/img/wiki/pmgr/pmgr_menu_item.png",
    "helpUrl": "https://jmeter-plugins.org/wiki/PluginsManager/",
    "vendor": "JMeter-Plugins.org",
    "markerClass": "org.jmeterplugins.repository.PluginManager",
    "canUninstall": false,
    "versions": {
      "1.0.2": {
        "changes": "<p>- Added cache plugins repo</p></p>- Optimize pmgr requests</p><p>- Fixed crash if pmgr put in lib folder</p><p>- Fixed decode PATH for JMeterHome</p>",
        "downloadUrl": "https://search.maven.org/remotecontent?filepath=kg/apc/jmeter-plugins-manager/1.0.2/jmeter-plugins-manager-1.0.2.jar",
        "libs": {
          "cmdrunner>=2.2": "https://search.maven.org/remotecontent?filepath=kg/apc/cmdrunner/2.2/cmdrunner-2.2.jar"
        }
      },
      "1.1": {
        "changes": "<p>- Drop cache if we know it is outdated</p></p>- Fix bug with cmdrunner lib install</p>",
        "downloadUrl": "https://search.maven.org/remotecontent?filepath=kg/apc/jmeter-plugins-manager/1.1/jmeter-plugins-manager-1.1.jar",
        "libs": {
          "cmdrunner>=2.2": "https://search.maven.org/remotecontent?filepath=kg/apc/cmdrunner/2.2/cmdrunner-2.2.jar"
        }
      },
      "1.2": {
        "changes": "<p>- Fixed parse test plan(xml version 1.1)</p></p>- Fix bug with install/update libs</p>",
        "downloadUrl": "https://search.maven.org/remotecontent?filepath=kg/apc/jmeter-plugins-manager/1.2/jmeter-plugins-manager-1.2.jar",
        "libs": {
          "cmdrunner>=2.2": "https://search.maven.org/remotecontent?filepath=kg/apc/cmdrunner/2.2/cmdrunner-2.2.jar"
        }
      },
      "1.3": {
        "changes": "Improve test plan parsing",
        "downloadUrl": "https://search.maven.org/remotecontent?filepath=kg/apc/jmeter-plugins-manager/1.3/jmeter-plugins-manager-1.3.jar",
        "libs": {
          "cmdrunner>=2.2": "https://search.maven.org/remotecontent?filepath=kg/apc/cmdrunner/2.2/cmdrunner-2.2.jar"
        }
      },
      "1.4": {
        "changes": "Fixes for JMeter 5.3 themes",
        "downloadUrl": "https://search.maven.org/remotecontent?filepath=kg/apc/jmeter-plugins-manager/1.4/jmeter-plugins-manager-1.4.jar",
        "libs": {
          "cmdrunner>=2.2": "https://search.maven.org/remotecontent?filepath=kg/apc/cmdrunner/2.2/cmdrunner-2.2.jar"
        }
      },
      "1.6": {
        "changes": "Changes to support JMeter 5.4 deprecation of old loggers",
        "downloadUrl": "https://search.maven.org/remotecontent?filepath=kg/apc/jmeter-plugins-manager/1.6/jmeter-plugins-manager-1.6.jar",
        "libs": {
          "cmdrunner>=2.2": "https://search.maven.org/remotecontent?filepath=kg/apc/cmdrunner/2.2/cmdrunner-2.2.jar"
        }
      },
      "1.7": {
        "changes": "Fix couple of security issues, including Log4Shell",
        "downloadUrl": "https://search.maven.org/remotecontent?filepath=kg/apc/jmeter-plugins-manager/1.7/jmeter-plugins-manager-1.7.jar",
        "libs": {
          "cmdrunner>=2.2": "https://search.maven.org/remotecontent?filepath=kg/apc/cmdrunner/2.3/cmdrunner-2.3.jar"
        }
      }
    }
  }
]