<?xml version="1.0" encoding="UTF-8"?>
<NQSforQALD xmlns="http://github.com/AKSW/AskNow">
<QALDquestions id="301">
<Ques>Give me all ESA astronauts.</Ques>
<NQS>[WH] = What, [R1] = is, [D] =  list, [R2] = of, [I] =  ESA astronauts</NQS>
<NER>[O, O, O, O, O, O, O]</NER>
</QALDquestions>
<QALDquestions id="302">
<Ques>Give me all Swedish holidays.</Ques>
<NQS>[WH] = What, [R1] = is, [D] =  list, [R2] = of, [I] =  Swedish holidays</NQS>
<NER>[O, O, O, O, MISC, O, O]</NER>
</QALDquestions>
<QALDquestions id="303">
<Ques>Who is the youngest Pulitzer Prize winner?</Ques>
<NQS>[WH] = Who, [R1] = is, [D] =  DataProperty (Person), [R2] = , [I] = the  youngest Pulitzer Prize winner</NQS>
<NER>[O, O, O, O, MISC, MISC, O, O]</NER>
</QALDquestions>
<QALDquestions id="304">
<Ques>Which animals are critically endangered?</Ques>
<NQS>[WH] = Which, [R1] = are, [D] =  animals, [R2] = endangered, [I] =  critically</NQS>
<NER>[O, O, O, O, O, O]</NER>
</QALDquestions>
<QALDquestions id="305">
<Ques>Which soccer players were born on Malta?</Ques>
<NQS>[WH] = Which, [R1] = were, [D] =  soccer players, [R2] = born on, [I] =  Malta</NQS>
<NER>[O, O, O, O, O, O, LOCATION, O]</NER>
</QALDquestions>
<QALDquestions id="306">
<Ques>Did Arnold Schwarzenegger attend a university?</Ques>
<NQS>[Concepts] = [Arnold Schwarzenegger, a university], [Roles] = [attend]</NQS>
<NER>[O, PERSON, PERSON, O, O, O, O]</NER>
</QALDquestions>
<QALDquestions id="307">
<Ques>Which programming languages were influenced by Perl?</Ques>
<NQS>[WH] = Which, [R1] = were, [D] =  programming languages, [R2] = influenced by, [I] =  Perl</NQS>
<NER>[O, O, O, O, O, O, PERSON, O]</NER>
</QALDquestions>
<QALDquestions id="308">
<Ques>Is Barack Obama a democrat?</Ques>
<NQS>[Concepts] = [Barack Obama a democrat], [Roles] = []</NQS>
<NER>[O, PERSON, PERSON, O, O, O]</NER>
</QALDquestions>
<QALDquestions id="309">
<Ques>How many children does Eddie Murphy have?</Ques>
<NQS>[WH] = How many, [R1] = , [D] =  count(children), [R2] = does have, [I] =  Eddie Murphy</NQS>
<NER>[O, O, O, O, PERSON, PERSON, O, O]</NER>
</QALDquestions>
<QALDquestions id="310">
<Ques>Who is the oldest child of Meryl Streep?</Ques>
<NQS>[WH] = Who, [R1] = is, [D] = the  oldest child, [R2] = of, [I] =  Meryl Streep</NQS>
<NER>[O, O, O, O, O, O, O, O, O]</NER>
</QALDquestions>
<QALDquestions id="311">
<Ques>Who killed John Lennon?</Ques>
<NQS>[WH] = Who, [R1] = , [D] =  DataProperty (Person), [R2] = killed, [I] =  John Lennon</NQS>
<NER>[O, O, PERSON, PERSON, O]</NER>
</QALDquestions>
<QALDquestions id="313">
<Ques>Which frequent flyer program has the most airlines?</Ques>
<NQS>[WH] = Which, [R1] = , [D] =  frequent flyer program, [R2] = has, [I] =  airlines</NQS>
<NER>[O, O, O, O, O, O, O, O, O]</NER>
</QALDquestions>
<QALDquestions id="312">
<Ques>In which city is Air China headquartered?</Ques>
<NQS>[WH] = which, [R1] = is, [D] =  city, [R2] = headquartered In, [I] =  Air China</NQS>
<NER>[O, O, O, O, O, O, O]</NER>
</QALDquestions>
<QALDquestions id="314">
<Ques>Which artists were born on the same date as Rachel Stevens?</Ques>
<NQS>[WH] = Which, [R1] = were, [D] =  artists, [R2] = born on, [I1_1] =  same date,
[CL2] = null,  [R3]= as, [I2_1] =  Rachel Stevens</NQS>
<NER>[O, O, O, O, O, O, O, O, O, PERSON, PERSON, O]</NER>
</QALDquestions>
<QALDquestions id="315">
<Ques>How many scientists graduated from an Ivy League university?</Ques>
<NQS>[WH] = How many, [R1] = , [D] =  count(scientists), [R2] =  graduated from, [I1_1] =  an Ivy League [CC]  [I1_3] =  university</NQS>
<NER>[O, O, O, O, O, O, ORGANIZATION, ORGANIZATION, O, O]</NER>
</QALDquestions>
<QALDquestions id="316">
<Ques>Which types of grapes grow in Oregon?</Ques>
<NQS>[WH] = Which, [R1] = , [D] =  types, [R2] = of, [I1_1] =  grapes,
[CL2] = null,  [R3]= grow in, [I2_1] =  Oregon</NQS>
<NER>[O, O, O, O, O, O, LOCATION, O]</NER>
</QALDquestions>
<QALDquestions id="317">
<Ques>Who is starring in Spanish movies produced by Benicio del Toro?</Ques>
<NQS>[WH] = Who, [R1] = is, [D] =  starring, [R2] = in, [I1_1] =  Spanish movies,
[CL2] = null,  [R3]= produced by, [I2_1] =  Benicio del Toro</NQS>
<NER>[O, O, O, O, MISC, O, O, O, PERSON, PERSON, PERSON, O]</NER>
</QALDquestions>
<QALDquestions id="318">
<Ques>Who is the manager of Real Madrid?</Ques>
<NQS>[WH] = Who, [R1] = is, [D] = the  manager, [R2] = of, [I] =  Real Madrid</NQS>
<NER>[O, O, O, O, O, ORGANIZATION, ORGANIZATION, O]</NER>
</QALDquestions>
<QALDquestions id="319">
<Ques>Give me the currency of China.</Ques>
<NQS>[WH] = What, [R1] = is, [D] =  list, [R2] = of, [I1_1] =  currency,
[CL2] = null,  [R3]= of, [I2_1] =  China</NQS>
<NER>[O, O, O, O, O, O, O, LOCATION, O]</NER>
</QALDquestions>
<QALDquestions id="320">
<Ques>Which movies starring Mickey Rourke were directed by Guy Ritchie?</Ques>
<NQS>[WH] = Which, [R1] = were, [D] =  movies, [R2] = , [I1_1] =  starring [CC]  [I1_3] =  Mickey Rourke,
[CL2] = null,  [R3]= directed by, [I2_1] =  Guy Ritchie</NQS>
<NER>[O, O, O, PERSON, PERSON, O, O, O, PERSON, PERSON, O]</NER>
</QALDquestions>
<QALDquestions id="321">
<Ques>Is Darth Vader Luke’s father?</Ques>
<NQS>[Concepts] = [father, Darth Vader Luke], [Roles] = [of]</NQS>
<NER>[O, PERSON, PERSON, PERSON, O, O, O]</NER>
</QALDquestions>
<QALDquestions id="322">
<Ques>How many companies were founded by the founder of Facebook?</Ques>
<NQS>[WH] = How many, [R1] = , [D] =  count(companies), [R2] = were founded by, [I1_1] =  founder,
[CL2] = null,  [R3]= of, [I2_1] =  Facebook</NQS>
<NER>[O, O, O, O, O, O, O, O, O, ORGANIZATION, O]</NER>
</QALDquestions>
<QALDquestions id="323">
<Ques>How many companies were founded in the same year as Google?</Ques>
<NQS>[WH] = How many, [R1] = , [D] =  count(companies), [R2] = were founded in, [I1_1] =  same year,
[CL2] = null,  [R3]= as, [I2_1] =  Google</NQS>
<NER>[O, O, O, O, O, O, DATE, DATE, DATE, O, ORGANIZATION, O]</NER>
</QALDquestions>
<QALDquestions id="324">
<Ques>Which subsidiary of TUI Travel serves both Glasgow and Dublin?</Ques>
<NQS>[WH] = Which, [R1] = , [D] =  subsidiary, [R2] = of, [I1_1] =  TUI Travel,
[CL2] = null,  [R3]= serves, [I2_1] = both  both Glasgow [CC]  [I2_2] =  Dublin</NQS>
<NER>[O, O, O, ORGANIZATION, ORGANIZATION, O, O, LOCATION, O, LOCATION, O]</NER>
</QALDquestions>
<QALDquestions id="325">
<Ques>How many airlines are members of the Star Alliance?</Ques>
<NQS>[WH] = How many, [R1] = , [D] =  count(airlines), [R2] = members of are, [I] = the  Star Alliance</NQS>
<NER>[O, O, O, O, O, O, O, ORGANIZATION, ORGANIZATION, O]</NER>
</QALDquestions>
<QALDquestions id="326">
<Ques>Give me all spacecrafts that flew to Mars.</Ques>
<NQS>[WH] = What, [R1] = is, [D] =  list, [R2] = of, [I1_1] =  spacecrafts,
[CL2] = that, [R3]= flew to, [I2_1] =  Mars</NQS>
<NER>[O, O, O, O, O, O, O, O, LOCATION, O]</NER>
</QALDquestions>
<QALDquestions id="327">
<Ques>Which musician wrote the most books?</Ques>
<NQS>[WH] = Which, [R1] = , [D] =  musician, [R2] = wrote, [I] =  books</NQS>
<NER>[O, O, O, O, O, O, O]</NER>
</QALDquestions>
<QALDquestions id="328">
<Ques>Show me everyone who was born on Halloween.</Ques>
<NQS>[WH] = What, [R1] = is, [D] =  list, [R2] = of, [I1_1] =  everyone,
[CL2] = who, [R3]= was born on, [I2_1] =  Halloween</NQS>
<NER>[O, O, O, O, O, O, O, O, O, DATE, O]</NER>
</QALDquestions>
<QALDquestions id="329">
<Ques>Give me all Swiss non-profit organizations.</Ques>
<NQS>[WH] = What, [R1] = is, [D] =  list, [R2] = of, [I] =  Swiss non-profit organizations</NQS>
<NER>[O, O, O, O, MISC, O, O, O]</NER>
</QALDquestions>
<QALDquestions id="330">
<Ques>In which country is Mecca located?</Ques>
<NQS>[WH] = which, [R1] = is, [D] =  country, [R2] = located In, [I] =  Mecca</NQS>
<NER>[O, O, O, O, O, O]</NER>
</QALDquestions>
<QALDquestions id="331">
<Ques>What is the net income of Apple?</Ques>
<NQS>[WH] = What, [R1] = is, [D] = the  net income, [R2] = of, [I] =  Apple</NQS>
<NER>[O, O, O, O, O, O, O, O]</NER>
</QALDquestions>
<QALDquestions id="332">
<Ques>What does the abbreviation FIFA stand for?</Ques>
<NQS>[WH] = What, [R1] = does, [D] = the  abbreviation, [R2] = stand for, [I] =  FIFA</NQS>
<NER>[O, O, O, O, ORGANIZATION, O, O, O]</NER>
</QALDquestions>
<QALDquestions id="333">
<Ques>When did the Ming dynasty dissolve?</Ques>
<NQS>[WH] = When, [R1] = did, [D] =  time( Ming dynasty), [R2] = dissolve, [I] = the  Ming dynasty</NQS>
<NER>[O, O, O, O, O, O, O]</NER>
</QALDquestions>
<QALDquestions id="334">
<Ques>Which museum in New York has the most visitors?</Ques>
<NQS>[WH] = Which, [R1] = , [D] =  museum, [R2] = in, [I1_1] =  New York,
[CL2] = null,  [R3]= has, [I2_1] =  visitors</NQS>
<NER>[O, O, O, LOCATION, LOCATION, O, O, O, O, O]</NER>
</QALDquestions>
<QALDquestions id="335">
<Ques>Is Lake Baikal bigger than the Great Bear Lake?</Ques>
<NQS>[Concepts] = [Lake Baikal, bigger, the Great Bear Lake], [Roles] = [than]</NQS>
<NER>[O, LOCATION, LOCATION, O, O, O, LOCATION, LOCATION, LOCATION, O]</NER>
</QALDquestions>
<QALDquestions id="336">
<Ques>Desserts from which country contain fish?</Ques>
<NQS>[WH] = which, [R1] = , [D] =  country, [R2] = contain, [I1_1] =  fish Desserts,
[CL2] = null,  [R3]= from,</NQS>
<NER>[O, O, O, O, O, O]</NER>
</QALDquestions>
<QALDquestions id="337">
<Ques>What is the highest mountain in Italy?</Ques>
<NQS>[WH] = What, [R1] = is, [D] = the  highest mountain, [R2] = in, [I] =  Italy</NQS>
<NER>[O, O, O, O, O, O, LOCATION, O]</NER>
</QALDquestions>
<QALDquestions id="338">
<Ques>Where did the architect of the Eiffel Tower study?</Ques>
<NQS>[WH] = Where, [R1] = did, [D] = the  architect, [R2] = of, [I1_1] =  Eiffel Tower,
[CL2] = null,  [R3]= study,</NQS>
<NER>[O, O, O, O, O, O, O, O, O, O]</NER>
</QALDquestions>
<QALDquestions id="339">
<Ques>Which Greek parties are pro-European?</Ques>
<NQS>[WH] = Which, [R1] = are, [D] =  Greek parties, [R2] = , [I] =  pro-European</NQS>
<NER>[O, MISC, O, O, MISC, O]</NER>
</QALDquestions>
<QALDquestions id="340">
<Ques>What is the height difference between Mount Everest and K2?</Ques>
<NQS>[WH] = What, [R1] = is, [D] = the  height difference, [R2] = between, [I1_1] =  Mount Everest [CC]  [I1_3] =  K2</NQS>
<NER>[O, O, O, O, O, O, LOCATION, LOCATION, O, O, O]</NER>
</QALDquestions>
<QALDquestions id="341">
<Ques>Who is the mayor of Rotterdam?</Ques>
<NQS>[WH] = Who, [R1] = is, [D] = the  mayor, [R2] = of, [I] =  Rotterdam</NQS>
<NER>[O, O, O, O, O, LOCATION, O]</NER>
</QALDquestions>
<QALDquestions id="342">
<Ques>In which city were the parents of Che Guevara born?</Ques>
<NQS>[WH] = which, [R1] = were, [D] =  city, [R2] = , [I1_1] =  parents,
[CL2] = null,  [R3]= of, [I2_1] =  Che Guevara,
[CL3] = null,  [R4]= born In,</NQS>
<NER>[O, O, O, O, O, O, PERSON, PERSON, O, O]</NER>
</QALDquestions>
<QALDquestions id="343">
<Ques>How high is the lighthouse in Colombo?</Ques>
<NQS>[WH] = How, [R1] = , [D] =  DataProperty(high), [R2] = is , [I1_1] =  lighthouse,
[CL2] = null,  [R3]= in, [I2_1] =  Colombo</NQS>
<NER>[O, O, O, O, O, O, LOCATION, O]</NER>
</QALDquestions>
<QALDquestions id="344">
<Ques>Are Taiko a kind of Japanese musical instruments?</Ques>
<NQS>[Concepts] = [Taiko, Japanese musical instruments], [Roles] = []</NQS>
<NER>[O, O, O, O, O, MISC, O, O, O]</NER>
</QALDquestions>
<QALDquestions id="345">
<Ques>How many ethnic groups live in Slovenia?</Ques>
<NQS>[WH] = How many, [R1] = , [D] =  count(ethnic groups), [R2] =  live in, [I] =  Slovenia</NQS>
<NER>[O, O, O, O, O, O, LOCATION, O]</NER>
</QALDquestions>
<QALDquestions id="346">
<Ques>List the seven kings of Rome.</Ques>
<NQS>[WH] = What, [R1] = is, [D] =  list, [R2] = of, [I1_1] =  seven kings,
[CL2] = null,  [R3]= of, [I2_1] =  Rome</NQS>
<NER>[O, O, O, O, O, NUMBER, O, O, LOCATION, O]</NER>
</QALDquestions>
<QALDquestions id="347">
<Ques>Who were the parents of Queen Victoria?</Ques>
<NQS>[WH] = Who, [R1] = were, [D] = the  parents, [R2] = of, [I1_1] =  Queen [CC]  [I1_3] =  Victoria</NQS>
<NER>[O, O, O, O, O, O, PERSON, O]</NER>
</QALDquestions>
<QALDquestions id="348">
<Ques>Who is the heaviest player of the Chicago Bulls?</Ques>
<NQS>[WH] = Who, [R1] = is, [D] = the  heaviest player, [R2] = of, [I] = the  Chicago Bulls</NQS>
<NER>[O, O, O, O, O, O, O, ORGANIZATION, ORGANIZATION, O]</NER>
</QALDquestions>
<QALDquestions id="349">
<Ques>Which volcanos in Japan erupted since 2000?</Ques>
<NQS>[WH] = Which, [R1] = , [D] =  volcanos, [R2] = in, [I1_1] =  Japan,
[CL2] = null,  [R3]= erupted since, [I2_1] =  2000</NQS>
<NER>[O, O, O, LOCATION, O, O, DATE, O]</NER>
</QALDquestions>
<QALDquestions id="350">
<Ques>Who is the tallest basketball player?</Ques>
<NQS>[WH] = Who, [R1] = is, [D] =  DataProperty (Person), [R2] = , [I] = the  tallest basketball player</NQS>
<NER>[O, O, O, O, O, O, O]</NER>
</QALDquestions>
</NQSforQALD>
