<?xml version="1.0" encoding="UTF-8"?>
<flow xmlns="http://www.springframework.org/schema/webflow"
      xmlns:xsi="http://www.w3.org/2001/XMLSchema-instance"
      xsi:schemaLocation="http://www.springframework.org/schema/webflow
 http://www.springframework.org/schema/webflow/spring-webflow.xsd">

    <var name="mycart" class="samples.webflow.Cart"/>
    <on-start>
        <set name="conversationScope.cart" value="mycart"/>
    </on-start>

    <view-state id="viewCart" view="viewCart">
        <var name="productService" class="samples.webflow.ProductService"/>
        <on-render>
            <evaluate expression="productService.getProducts()" result="viewScope.products"/>
        </on-render>
        <transition on="submit" to="viewOrder"/>
        <transition on="addToCart" to="addProductToCart"/>
    </view-state>

    <subflow-state id="addProductToCart" subflow="addToCart">
        <transition on="productAdded" to="viewCart" />
    </subflow-state>
    
    <view-state id="viewOrder" view="viewOrder">
        <transition on="confirm" to="orderConfirmed">
        </transition>
    </view-state>
    <view-state id="orderConfirmed" view="orderConfirmed">
        <transition on="returnToIndex" to="returnToIndex">
        </transition>
    </view-state>
    <end-state id="returnToIndex" view="externalRedirect:servletRelative:/index.jsp">
    </end-state>

    <global-transitions>
        <transition on="cancelShopping" to="returnToIndex"/>
    </global-transitions>
</flow>