<?xml version="1.0"?>
<project xsi:schemaLocation="http://maven.apache.org/POM/4.0.0 https://maven.apache.org/xsd/maven-4.0.0.xsd" xmlns="http://maven.apache.org/POM/4.0.0"
    xmlns:xsi="http://www.w3.org/2001/XMLSchema-instance">
  <modelVersion>4.0.0</modelVersion>
  <parent>
    <groupId>net.magja</groupId>
    <artifactId>magja-parent</artifactId>
    <version>1.2.1-SNAPSHOT</version>
  </parent>
  <artifactId>magja</artifactId>
  <name>Magja Java Connector for Magento API</name>
  <dependencies>
    <dependency>
      <groupId>commons-beanutils</groupId>
      <artifactId>commons-beanutils</artifactId>
      <version>1.8.3</version>
    </dependency>
    <dependency>
      <groupId>org.mozilla</groupId>
      <artifactId>rhino</artifactId>
      <version>1.7R3</version>
    </dependency>
    <dependency>
      <groupId>net.java.dev.stax-utils</groupId>
      <artifactId>stax-utils</artifactId>
      <version>20060502</version>
      <exclusions>
        <exclusion>
          <artifactId>jsr173-ri</artifactId>
          <groupId>com.bea.xml</groupId>
        </exclusion>
      </exclusions>
    </dependency>
    <dependency>
      <groupId>org.apache.axis2</groupId>
      <artifactId>axis2-transport-local</artifactId>
      <version>${axis2.version}</version>
    </dependency>
    <dependency>
      <groupId>org.apache.axis2</groupId>
      <artifactId>axis2-transport-http</artifactId>
      <version>${axis2.version}</version>
    </dependency>
    <dependency>
      <groupId>org.apache.axis2</groupId>
      <artifactId>axis2-adb</artifactId>
      <version>${axis2.version}</version>
    </dependency>
    <dependency>
      <groupId>org.apache.axis2</groupId>
      <artifactId>axis2-kernel</artifactId>
      <version>${axis2.version}</version>
    </dependency>
    <dependency>
      <groupId>org.apache.ws.commons.axiom</groupId>
      <artifactId>axiom-impl</artifactId>
      <version>1.2.13</version>
      <scope>compile</scope>
    </dependency>
    <dependency>
      <groupId>commons-io</groupId>
      <artifactId>commons-io</artifactId>
      <version>2.4</version>
    </dependency>
    <dependency>
      <groupId>org.apache.commons</groupId>
      <artifactId>commons-lang3</artifactId>
      <version>3.1</version>
    </dependency>
    <dependency>
      <groupId>com.google.guava</groupId>
      <artifactId>guava</artifactId>
      <version>${guava.version}</version>
    </dependency>
    <dependency>
      <groupId>org.slf4j</groupId>
      <artifactId>jcl-over-slf4j</artifactId>
    </dependency>
    <dependency>
      <groupId>org.slf4j</groupId>
      <artifactId>slf4j-api</artifactId>
    </dependency>
    <dependency>
      <groupId>ch.qos.logback</groupId>
      <artifactId>logback-classic</artifactId>
      <version>${logback.version}</version>
      <scope>test</scope>
    </dependency>
    <dependency>
      <groupId>org.hamcrest</groupId>
      <artifactId>hamcrest-all</artifactId>
      <version>1.3</version>
      <scope>test</scope>
    </dependency>
    <dependency>
      <groupId>junit</groupId>
      <artifactId>junit</artifactId>
      <version>4.13.1</version>
      <scope>test</scope>
    </dependency>
  </dependencies>
  <build>
    <plugins>
      <plugin>
        <groupId>org.jacoco</groupId>
        <artifactId>jacoco-maven-plugin</artifactId>
        <version>0.8.8</version>
        <executions>
          <execution>
            <id>default-prepare-agent</id>
            <goals>
              <goal>prepare-agent</goal>
            </goals>
          </execution>
          <execution>
            <id>default-report</id>
            <goals>
              <goal>report</goal>
            </goals>
          </execution>
        </executions>
      </plugin>
      <plugin>
        <artifactId>maven-assembly-plugin</artifactId>
        <version>3.2.0</version>
        <executions>
          <execution>
            <phase>package</phase>
            <goals>
              <goal>single</goal>
            </goals>
            <configuration>
              <descriptorRefs>
                <descriptorRef>jar-with-dependencies</descriptorRef>
              </descriptorRefs>
            </configuration>
          </execution>
        </executions>
      </plugin>
    </plugins>
  </build>
</project>
