<?xml version="1.0"?>
<project xsi:schemaLocation="http://maven.apache.org/POM/4.0.0 http://maven.apache.org/xsd/maven-4.0.0.xsd" xmlns="http://maven.apache.org/POM/4.0.0"
    xmlns:xsi="http://www.w3.org/2001/XMLSchema-instance">
  <modelVersion>4.0.0</modelVersion>
  <parent>
    <groupId>net.magja</groupId>
    <artifactId>magja-parent</artifactId>
    <version>1.2.1-SNAPSHOT</version>
  </parent>
  <artifactId>magja</artifactId>
  <name>Magja Java Connector for Magento API</name>
  <dependencies>
    <dependency>
      <groupId>commons-beanutils</groupId>
      <artifactId>commons-beanutils</artifactId>
      <version>1.8.3</version>
      <scope>compile</scope>
    </dependency>
    <dependency>
      <groupId>org.mozilla</groupId>
      <artifactId>rhino</artifactId>
      <version>1.7R3</version>
      <scope>compile</scope>
    </dependency>
    <dependency>
      <groupId>net.java.dev.stax-utils</groupId>
      <artifactId>stax-utils</artifactId>
      <version>20060502</version>
      <scope>compile</scope>
      <exclusions>
        <exclusion>
          <artifactId>jsr173-ri</artifactId>
          <groupId>com.bea.xml</groupId>
        </exclusion>
      </exclusions>
    </dependency>
    <dependency>
      <groupId>org.apache.axis2</groupId>
      <artifactId>axis2-transport-local</artifactId>
      <version>1.6.2</version>
      <scope>compile</scope>
      <exclusions>
        <exclusion>
          <artifactId>axis2-kernel</artifactId>
          <groupId>org.apache.axis2</groupId>
        </exclusion>
      </exclusions>
    </dependency>
    <dependency>
      <groupId>org.apache.axis2</groupId>
      <artifactId>axis2-transport-http</artifactId>
      <version>1.6.2</version>
      <scope>compile</scope>
      <exclusions>
        <exclusion>
          <artifactId>axis2-kernel</artifactId>
          <groupId>org.apache.axis2</groupId>
        </exclusion>
      </exclusions>
    </dependency>
    <dependency>
      <groupId>org.apache.axis2</groupId>
      <artifactId>axis2-adb</artifactId>
      <version>1.6.2</version>
      <scope>compile</scope>
      <exclusions>
        <exclusion>
          <artifactId>axis2-kernel</artifactId>
          <groupId>org.apache.axis2</groupId>
        </exclusion>
      </exclusions>
    </dependency>
    <dependency>
      <groupId>org.apache.axis2</groupId>
      <artifactId>axis2-kernel</artifactId>
      <version>1.6.2</version>
      <scope>compile</scope>
      <exclusions>
        <exclusion>
          <artifactId>axiom-impl</artifactId>
          <groupId>org.apache.ws.commons.axiom</groupId>
        </exclusion>
      </exclusions>
    </dependency>
    <dependency>
      <groupId>org.apache.ws.commons.axiom</groupId>
      <artifactId>axiom-impl</artifactId>
      <version>1.2.13</version>
      <scope>compile</scope>
    </dependency>
    <dependency>
      <groupId>commons-io</groupId>
      <artifactId>commons-io</artifactId>
      <version>2.4</version>
      <scope>compile</scope>
    </dependency>
    <dependency>
      <groupId>org.apache.commons</groupId>
      <artifactId>commons-lang3</artifactId>
      <version>3.1</version>
      <scope>compile</scope>
    </dependency>
    <dependency>
      <groupId>com.google.guava</groupId>
      <artifactId>guava</artifactId>
      <version>12.0</version>
      <scope>compile</scope>
    </dependency>
    <dependency>
      <groupId>org.slf4j</groupId>
      <artifactId>jcl-over-slf4j</artifactId>
      <version>1.7.21</version>
      <scope>compile</scope>
      <exclusions>
        <exclusion>
          <artifactId>slf4j-api</artifactId>
          <groupId>org.slf4j</groupId>
        </exclusion>
      </exclusions>
    </dependency>
    <dependency>
      <groupId>org.slf4j</groupId>
      <artifactId>slf4j-api</artifactId>
      <version>1.7.21</version>
      <scope>compile</scope>
    </dependency>
    <dependency>
      <groupId>ch.qos.logback</groupId>
      <artifactId>logback-classic</artifactId>
      <version>1.0.6</version>
      <scope>test</scope>
      <exclusions>
        <exclusion>
          <artifactId>slf4j-api</artifactId>
          <groupId>org.slf4j</groupId>
        </exclusion>
      </exclusions>
    </dependency>
    <dependency>
      <groupId>org.hamcrest</groupId>
      <artifactId>hamcrest-all</artifactId>
      <version>1.3</version>
      <scope>test</scope>
    </dependency>
    <dependency>
      <groupId>junit</groupId>
      <artifactId>junit</artifactId>
      <version>4.13.1</version>
      <scope>test</scope>
    </dependency>
    <dependency>
      <groupId>org.hamcrest</groupId>
      <artifactId>hamcrest-core</artifactId>
      <version>1.3</version>
      <scope>test</scope>
    </dependency>
    <dependency>
      <groupId>ch.qos.logback</groupId>
      <artifactId>logback-core</artifactId>
      <version>1.0.6</version>
      <scope>test</scope>
    </dependency>
    <dependency>
      <groupId>javax.ws.rs</groupId>
      <artifactId>jsr311-api</artifactId>
      <version>1.0</version>
      <scope>compile</scope>
    </dependency>
    <dependency>
      <groupId>commons-httpclient</groupId>
      <artifactId>commons-httpclient</artifactId>
      <version>3.1</version>
      <scope>compile</scope>
    </dependency>
    <dependency>
      <groupId>jaxen</groupId>
      <artifactId>jaxen</artifactId>
      <version>1.1.3</version>
      <scope>compile</scope>
    </dependency>
    <dependency>
      <groupId>org.apache.httpcomponents</groupId>
      <artifactId>httpcore</artifactId>
      <version>4.0</version>
      <scope>compile</scope>
    </dependency>
    <dependency>
      <groupId>commons-codec</groupId>
      <artifactId>commons-codec</artifactId>
      <version>1.2</version>
      <scope>compile</scope>
    </dependency>
    <dependency>
      <groupId>commons-fileupload</groupId>
      <artifactId>commons-fileupload</artifactId>
      <version>1.2</version>
      <scope>compile</scope>
    </dependency>
    <dependency>
      <groupId>org.apache.geronimo.specs</groupId>
      <artifactId>geronimo-javamail_1.4_spec</artifactId>
      <version>1.7.1</version>
      <scope>compile</scope>
    </dependency>
    <dependency>
      <groupId>javax.servlet</groupId>
      <artifactId>servlet-api</artifactId>
      <version>2.3</version>
      <scope>compile</scope>
    </dependency>
    <dependency>
      <groupId>org.apache.ws.commons.schema</groupId>
      <artifactId>XmlSchema</artifactId>
      <version>1.4.7</version>
      <scope>compile</scope>
    </dependency>
    <dependency>
      <groupId>commons-logging</groupId>
      <artifactId>commons-logging</artifactId>
      <version>1.1.1</version>
      <scope>provided</scope>
    </dependency>
    <dependency>
      <groupId>org.apache.woden</groupId>
      <artifactId>woden-impl-dom</artifactId>
      <version>1.0M9</version>
      <scope>compile</scope>
    </dependency>
    <dependency>
      <groupId>org.apache.geronimo.specs</groupId>
      <artifactId>geronimo-stax-api_1.0_spec</artifactId>
      <version>1.0.1</version>
      <scope>compile</scope>
    </dependency>
    <dependency>
      <groupId>org.apache.ws.commons.axiom</groupId>
      <artifactId>axiom-api</artifactId>
      <version>1.2.13</version>
      <scope>compile</scope>
    </dependency>
    <dependency>
      <groupId>org.apache.neethi</groupId>
      <artifactId>neethi</artifactId>
      <version>3.0.2</version>
      <scope>compile</scope>
    </dependency>
    <dependency>
      <groupId>org.apache.woden</groupId>
      <artifactId>woden-impl-commons</artifactId>
      <version>1.0M9</version>
      <scope>compile</scope>
    </dependency>
    <dependency>
      <groupId>wsdl4j</groupId>
      <artifactId>wsdl4j</artifactId>
      <version>1.6.2</version>
      <scope>compile</scope>
    </dependency>
    <dependency>
      <groupId>org.codehaus.woodstox</groupId>
      <artifactId>wstx-asl</artifactId>
      <version>3.2.9</version>
      <scope>compile</scope>
    </dependency>
    <dependency>
      <groupId>org.apache.james</groupId>
      <artifactId>apache-mime4j-core</artifactId>
      <version>0.7.2</version>
      <scope>compile</scope>
    </dependency>
    <dependency>
      <groupId>org.apache.geronimo.specs</groupId>
      <artifactId>geronimo-activation_1.1_spec</artifactId>
      <version>1.1</version>
      <scope>provided</scope>
    </dependency>
    <dependency>
      <groupId>org.apache.woden</groupId>
      <artifactId>woden-api</artifactId>
      <version>1.0M9</version>
      <scope>compile</scope>
    </dependency>
    <dependency>
      <groupId>org.apache.geronimo.specs</groupId>
      <artifactId>geronimo-jta_1.1_spec</artifactId>
      <version>1.1</version>
      <scope>compile</scope>
    </dependency>
    <dependency>
      <groupId>org.apache.geronimo.specs</groupId>
      <artifactId>geronimo-ws-metadata_2.0_spec</artifactId>
      <version>1.1.2</version>
      <scope>compile</scope>
    </dependency>
    <dependency>
      <groupId>com.google.code.findbugs</groupId>
      <artifactId>jsr305</artifactId>
      <version>1.3.9</version>
      <scope>compile</scope>
    </dependency>
  </dependencies>
</project>
