<?xml version="1.0" encoding="UTF-8"?>
<project xsi:schemaLocation="http://maven.apache.org/POM/4.0.0 https://maven.apache.org/xsd/maven-4.0.0.xsd" xmlns="http://maven.apache.org/POM/4.0.0"
    xmlns:xsi="http://www.w3.org/2001/XMLSchema-instance">
  <modelVersion>4.0.0</modelVersion>
  <groupId>io.jboot</groupId>
  <artifactId>jboot</artifactId>
  <version>3.13.7</version>
  <name>jboot</name>
  <description>Jboot is a similar SpringCloud project base on JFinal, Dubbo and Undertow.</description>
  <url>http://jboot.io</url>
  <licenses>
    <license>
      <name>The Apache Software License, Version 2.0</name>
      <url>http://apache.org/licenses/LICENSE-2.0.txt</url>
    </license>
  </licenses>
  <developers>
    <developer>
      <name>yangfuhai</name>
      <email>fuhai999@gmail.com</email>
      <roles>
        <role>developer</role>
      </roles>
      <timezone>+8</timezone>
    </developer>
  </developers>
  <scm>
    <connection>scm:git:https://github.com/yangfuhai/jboot.git</connection>
    <developerConnection>scm:git:https://github.com/yangfuhai/jboot.git</developerConnection>
    <url>https://github.com/yangfuhai/jboot</url>
  </scm>
  <issueManagement>
    <system>Github Issue</system>
    <url>https://github.com/yangfuhai/jboot/issues</url>
  </issueManagement>
  <properties>
    <resteasy.version>3.13.2.Final</resteasy.version>
    <fst.version>2.57</fst.version>
    <HikariCP.version>4.0.3</HikariCP.version>
    <jfinal-weixin.version>3.3</jfinal-weixin.version>
    <jfinal.version>4.9.18</jfinal.version>
    <commons-io.version>2.11.0</commons-io.version>
    <seata.version>1.4.2</seata.version>
    <cglib.version>3.3.0</cglib.version>
    <project.build.sourceEncoding>UTF-8</project.build.sourceEncoding>
    <dubbo.version>2.7.15</dubbo.version>
    <fastjson.version>1.2.79</fastjson.version>
    <maven.compiler.source>1.8</maven.compiler.source>
    <jedis.version>3.7.1</jedis.version>
    <httpclient.version>4.5.12</httpclient.version>
    <netty.version>4.1.52.Final</netty.version>
    <mysql.version>5.1.49</mysql.version>
    <jfinal-cos.version>2022.2</jfinal-cos.version>
    <cron4j.version>2.2.5</cron4j.version>
    <sentinel.version>1.8.3</sentinel.version>
    <caffeine.version>2.9.3</caffeine.version>
    <slf4j.version>1.7.36</slf4j.version>
    <jfinal-undertow.version>2.8</jfinal-undertow.version>
    <guava.version>31.0.1-jre</guava.version>
    <commons-lang3.version>3.12.0</commons-lang3.version>
    <jsoup.version>1.14.3</jsoup.version>
    <maven.compiler.target>1.8</maven.compiler.target>
    <ehcache.version>2.10.9.2</ehcache.version>
    <jackson.version>2.13.1</jackson.version>
    <commons-codec.version>1.15</commons-codec.version>
    <httpcore.version>4.4.13</httpcore.version>
    <motan.version>1.1.8</motan.version>
    <metrics.version>4.2.8</metrics.version>
    <undertow.version>2.2.16.Final</undertow.version>
    <jdk.version>1.8</jdk.version>
  </properties>
  <dependencyManagement>
    <dependencies>
      <dependency>
        <groupId>org.slf4j</groupId>
        <artifactId>slf4j-api</artifactId>
        <version>${slf4j.version}</version>
      </dependency>
      <dependency>
        <groupId>org.slf4j</groupId>
        <artifactId>slf4j-log4j12</artifactId>
        <version>${slf4j.version}</version>
      </dependency>
      <dependency>
        <groupId>org.slf4j</groupId>
        <artifactId>slf4j-simple</artifactId>
        <version>${slf4j.version}</version>
      </dependency>
      <dependency>
        <groupId>org.slf4j</groupId>
        <artifactId>jcl-over-slf4j</artifactId>
        <version>${slf4j.version}</version>
      </dependency>
      <dependency>
        <groupId>org.apache.commons</groupId>
        <artifactId>commons-lang3</artifactId>
        <version>${commons-lang3.version}</version>
      </dependency>
      <dependency>
        <groupId>commons-codec</groupId>
        <artifactId>commons-codec</artifactId>
        <version>${commons-codec.version}</version>
      </dependency>
      <dependency>
        <groupId>com.google.guava</groupId>
        <artifactId>guava</artifactId>
        <version>${guava.version}</version>
      </dependency>
      <dependency>
        <groupId>com.alibaba</groupId>
        <artifactId>fastjson</artifactId>
        <version>${fastjson.version}</version>
      </dependency>
      <dependency>
        <groupId>com.fasterxml.jackson.core</groupId>
        <artifactId>jackson-core</artifactId>
        <version>${jackson.version}</version>
      </dependency>
      <dependency>
        <groupId>com.fasterxml.jackson.core</groupId>
        <artifactId>jackson-annotations</artifactId>
        <version>${jackson.version}</version>
      </dependency>
      <dependency>
        <groupId>com.fasterxml.jackson.core</groupId>
        <artifactId>jackson-databind</artifactId>
        <version>${jackson.version}</version>
      </dependency>
      <dependency>
        <groupId>com.fasterxml.jackson.dataformat</groupId>
        <artifactId>jackson-dataformat-yaml</artifactId>
        <version>${jackson.version}</version>
      </dependency>
      <dependency>
        <groupId>org.apache.httpcomponents</groupId>
        <artifactId>httpclient</artifactId>
        <version>${httpclient.version}</version>
      </dependency>
      <dependency>
        <groupId>org.apache.httpcomponents</groupId>
        <artifactId>httpcore</artifactId>
        <version>${httpcore.version}</version>
      </dependency>
      <dependency>
        <groupId>io.netty</groupId>
        <artifactId>netty-all</artifactId>
        <version>${netty.version}</version>
      </dependency>
    </dependencies>
  </dependencyManagement>
  <dependencies>
    <dependency>
      <groupId>com.jfinal</groupId>
      <artifactId>jfinal</artifactId>
      <version>${jfinal.version}</version>
    </dependency>
    <dependency>
      <groupId>com.jfinal</groupId>
      <artifactId>cos</artifactId>
      <version>${jfinal-cos.version}</version>
    </dependency>
    <dependency>
      <groupId>com.jfinal</groupId>
      <artifactId>jfinal-weixin</artifactId>
      <version>${jfinal-weixin.version}</version>
      <scope>provided</scope>
    </dependency>
    <dependency>
      <groupId>com.jfinal</groupId>
      <artifactId>jfinal-undertow</artifactId>
      <version>${jfinal-undertow.version}</version>
      <exclusions>
        <exclusion>
          <artifactId>jboss-servlet-api_4.0_spec</artifactId>
          <groupId>org.jboss.spec.javax.servlet</groupId>
        </exclusion>
        <exclusion>
          <artifactId>jboss-annotations-api_1.3_spec</artifactId>
          <groupId>org.jboss.spec.javax.annotation</groupId>
        </exclusion>
      </exclusions>
    </dependency>
    <dependency>
      <groupId>cglib</groupId>
      <artifactId>cglib</artifactId>
      <version>${cglib.version}</version>
    </dependency>
    <dependency>
      <groupId>io.undertow</groupId>
      <artifactId>undertow-websockets-jsr</artifactId>
      <version>${undertow.version}</version>
    </dependency>
    <dependency>
      <groupId>com.zaxxer</groupId>
      <artifactId>HikariCP</artifactId>
      <version>${HikariCP.version}</version>
    </dependency>
    <dependency>
      <groupId>com.fasterxml.jackson.core</groupId>
      <artifactId>jackson-core</artifactId>
      <version>${jackson.version}</version>
    </dependency>
    <dependency>
      <groupId>com.fasterxml.jackson.core</groupId>
      <artifactId>jackson-annotations</artifactId>
      <version>${jackson.version}</version>
    </dependency>
    <dependency>
      <groupId>com.fasterxml.jackson.core</groupId>
      <artifactId>jackson-databind</artifactId>
      <version>${jackson.version}</version>
    </dependency>
    <dependency>
      <groupId>com.fasterxml.jackson.dataformat</groupId>
      <artifactId>jackson-dataformat-yaml</artifactId>
      <version>${jackson.version}</version>
    </dependency>
    <dependency>
      <groupId>mysql</groupId>
      <artifactId>mysql-connector-java</artifactId>
      <version>${mysql.version}</version>
    </dependency>
    <dependency>
      <groupId>com.github.housepower</groupId>
      <artifactId>clickhouse-native-jdbc-shaded</artifactId>
      <version>2.5.6</version>
      <scope>provided</scope>
    </dependency>
    <dependency>
      <groupId>ru.yandex.clickhouse</groupId>
      <artifactId>clickhouse-jdbc</artifactId>
      <version>0.3.1</version>
      <scope>provided</scope>
    </dependency>
    <dependency>
      <groupId>de.ruedigermoeller</groupId>
      <artifactId>fst</artifactId>
      <version>${fst.version}</version>
    </dependency>
    <dependency>
      <groupId>org.javassist</groupId>
      <artifactId>javassist</artifactId>
      <version>3.28.0-GA</version>
    </dependency>
    <dependency>
      <groupId>org.slf4j</groupId>
      <artifactId>slf4j-api</artifactId>
      <version>${slf4j.version}</version>
    </dependency>
    <dependency>
      <groupId>com.alibaba</groupId>
      <artifactId>fastjson</artifactId>
      <version>${fastjson.version}</version>
    </dependency>
    <dependency>
      <groupId>com.google.guava</groupId>
      <artifactId>guava</artifactId>
      <version>${guava.version}</version>
    </dependency>
    <dependency>
      <groupId>it.sauronsoftware.cron4j</groupId>
      <artifactId>cron4j</artifactId>
      <version>${cron4j.version}</version>
    </dependency>
    <dependency>
      <groupId>redis.clients</groupId>
      <artifactId>jedis</artifactId>
      <version>${jedis.version}</version>
      <scope>provided</scope>
    </dependency>
    <dependency>
      <groupId>org.jsoup</groupId>
      <artifactId>jsoup</artifactId>
      <version>${jsoup.version}</version>
    </dependency>
    <dependency>
      <groupId>com.github.ben-manes.caffeine</groupId>
      <artifactId>caffeine</artifactId>
      <version>${caffeine.version}</version>
    </dependency>
    <dependency>
      <groupId>org.apache.commons</groupId>
      <artifactId>commons-lang3</artifactId>
      <version>${commons-lang3.version}</version>
    </dependency>
    <dependency>
      <groupId>commons-io</groupId>
      <artifactId>commons-io</artifactId>
      <version>${commons-io.version}</version>
    </dependency>
    <dependency>
      <groupId>net.sf.ehcache</groupId>
      <artifactId>ehcache</artifactId>
      <version>${ehcache.version}</version>
      <scope>provided</scope>
    </dependency>
    <dependency>
      <groupId>com.alibaba</groupId>
      <artifactId>druid</artifactId>
      <version>1.2.8</version>
      <scope>provided</scope>
    </dependency>
    <dependency>
      <groupId>junit</groupId>
      <artifactId>junit</artifactId>
      <version>4.13.2</version>
      <scope>provided</scope>
    </dependency>
    <dependency>
      <groupId>org.junit.jupiter</groupId>
      <artifactId>junit-jupiter-engine</artifactId>
      <version>5.7.2</version>
      <scope>provided</scope>
    </dependency>
    <dependency>
      <groupId>com.alibaba.csp</groupId>
      <artifactId>sentinel-core</artifactId>
      <version>${sentinel.version}</version>
      <scope>provided</scope>
    </dependency>
    <dependency>
      <groupId>com.alibaba.csp</groupId>
      <artifactId>sentinel-cluster-client-default</artifactId>
      <version>${sentinel.version}</version>
      <scope>provided</scope>
    </dependency>
    <dependency>
      <groupId>com.alibaba.csp</groupId>
      <artifactId>sentinel-transport-simple-http</artifactId>
      <version>${sentinel.version}</version>
      <scope>provided</scope>
    </dependency>
    <dependency>
      <groupId>com.alibaba.csp</groupId>
      <artifactId>sentinel-datasource-nacos</artifactId>
      <version>${sentinel.version}</version>
      <scope>provided</scope>
    </dependency>
    <dependency>
      <groupId>com.alibaba.csp</groupId>
      <artifactId>sentinel-datasource-apollo</artifactId>
      <version>${sentinel.version}</version>
      <scope>provided</scope>
    </dependency>
    <dependency>
      <groupId>com.alibaba.csp</groupId>
      <artifactId>sentinel-datasource-redis</artifactId>
      <version>${sentinel.version}</version>
      <scope>provided</scope>
    </dependency>
    <dependency>
      <groupId>com.alibaba.csp</groupId>
      <artifactId>sentinel-datasource-zookeeper</artifactId>
      <version>${sentinel.version}</version>
      <scope>provided</scope>
      <exclusions>
        <exclusion>
          <artifactId>slf4j-log4j12</artifactId>
          <groupId>org.slf4j</groupId>
        </exclusion>
        <exclusion>
          <artifactId>log4j</artifactId>
          <groupId>log4j</groupId>
        </exclusion>
      </exclusions>
    </dependency>
    <dependency>
      <groupId>com.ctrip.framework.apollo</groupId>
      <artifactId>apollo-client</artifactId>
      <version>1.8.0</version>
      <scope>provided</scope>
    </dependency>
    <dependency>
      <groupId>com.alibaba.nacos</groupId>
      <artifactId>nacos-client</artifactId>
      <version>2.0.4</version>
      <scope>provided</scope>
    </dependency>
    <dependency>
      <groupId>javax.validation</groupId>
      <artifactId>validation-api</artifactId>
      <version>2.0.1.Final</version>
    </dependency>
    <dependency>
      <groupId>javax.annotation</groupId>
      <artifactId>javax.annotation-api</artifactId>
      <version>1.3.2</version>
    </dependency>
    <dependency>
      <groupId>org.hibernate.validator</groupId>
      <artifactId>hibernate-validator</artifactId>
      <version>6.0.21.Final</version>
    </dependency>
    <dependency>
      <groupId>org.glassfish</groupId>
      <artifactId>javax.el</artifactId>
      <version>3.0.0</version>
    </dependency>
    <dependency>
      <groupId>com.weibo</groupId>
      <artifactId>motan-core</artifactId>
      <version>${motan.version}</version>
      <scope>provided</scope>
      <exclusions>
        <exclusion>
          <artifactId>slf4j-log4j12</artifactId>
          <groupId>org.slf4j</groupId>
        </exclusion>
        <exclusion>
          <artifactId>log4j</artifactId>
          <groupId>log4j</groupId>
        </exclusion>
      </exclusions>
    </dependency>
    <dependency>
      <groupId>com.weibo</groupId>
      <artifactId>motan-transport-netty4</artifactId>
      <version>${motan.version}</version>
      <scope>provided</scope>
      <exclusions>
        <exclusion>
          <artifactId>slf4j-log4j12</artifactId>
          <groupId>org.slf4j</groupId>
        </exclusion>
        <exclusion>
          <artifactId>log4j</artifactId>
          <groupId>log4j</groupId>
        </exclusion>
      </exclusions>
    </dependency>
    <dependency>
      <groupId>com.weibo</groupId>
      <artifactId>motan-registry-consul</artifactId>
      <version>${motan.version}</version>
      <scope>provided</scope>
      <exclusions>
        <exclusion>
          <artifactId>slf4j-log4j12</artifactId>
          <groupId>org.slf4j</groupId>
        </exclusion>
        <exclusion>
          <artifactId>log4j</artifactId>
          <groupId>log4j</groupId>
        </exclusion>
      </exclusions>
    </dependency>
    <dependency>
      <groupId>com.weibo</groupId>
      <artifactId>motan-registry-zookeeper</artifactId>
      <version>${motan.version}</version>
      <scope>provided</scope>
      <exclusions>
        <exclusion>
          <artifactId>slf4j-log4j12</artifactId>
          <groupId>org.slf4j</groupId>
        </exclusion>
        <exclusion>
          <artifactId>log4j</artifactId>
          <groupId>log4j</groupId>
        </exclusion>
      </exclusions>
    </dependency>
    <dependency>
      <groupId>io.lettuce</groupId>
      <artifactId>lettuce-core</artifactId>
      <version>5.3.0.RELEASE</version>
      <scope>provided</scope>
    </dependency>
    <dependency>
      <groupId>com.esotericsoftware</groupId>
      <artifactId>kryo</artifactId>
      <version>4.0.2</version>
      <scope>provided</scope>
    </dependency>
    <dependency>
      <groupId>com.aliyun.openservices</groupId>
      <artifactId>ons-client</artifactId>
      <version>1.8.8.Final</version>
      <scope>provided</scope>
    </dependency>
    <dependency>
      <groupId>com.rabbitmq</groupId>
      <artifactId>amqp-client</artifactId>
      <version>5.9.0</version>
      <scope>provided</scope>
    </dependency>
    <dependency>
      <groupId>org.apache.rocketmq</groupId>
      <artifactId>rocketmq-client</artifactId>
      <version>4.8.0</version>
      <scope>provided</scope>
    </dependency>
    <dependency>
      <groupId>org.apache.shardingsphere</groupId>
      <artifactId>sharding-jdbc-core</artifactId>
      <version>4.1.1</version>
      <scope>provided</scope>
    </dependency>
    <dependency>
      <groupId>io.dropwizard.metrics</groupId>
      <artifactId>metrics-core</artifactId>
      <version>${metrics.version}</version>
    </dependency>
    <dependency>
      <groupId>io.dropwizard.metrics</groupId>
      <artifactId>metrics-servlets</artifactId>
      <version>${metrics.version}</version>
    </dependency>
    <dependency>
      <groupId>io.dropwizard.metrics</groupId>
      <artifactId>metrics-healthchecks</artifactId>
      <version>${metrics.version}</version>
    </dependency>
    <dependency>
      <groupId>io.dropwizard.metrics</groupId>
      <artifactId>metrics-jvm</artifactId>
      <version>${metrics.version}</version>
    </dependency>
    <dependency>
      <groupId>com.github.davidb</groupId>
      <artifactId>metrics-influxdb</artifactId>
      <version>1.1.0</version>
      <scope>provided</scope>
    </dependency>
    <dependency>
      <groupId>io.dropwizard.metrics</groupId>
      <artifactId>metrics-graphite</artifactId>
      <version>${metrics.version}</version>
      <scope>provided</scope>
    </dependency>
    <dependency>
      <groupId>io.prometheus</groupId>
      <artifactId>simpleclient_dropwizard</artifactId>
      <version>0.12.0</version>
      <scope>provided</scope>
    </dependency>
    <dependency>
      <groupId>io.prometheus</groupId>
      <artifactId>simpleclient_httpserver</artifactId>
      <version>0.12.0</version>
      <scope>provided</scope>
    </dependency>
    <dependency>
      <groupId>org.apache.shiro</groupId>
      <artifactId>shiro-core</artifactId>
      <version>1.8.0</version>
      <scope>provided</scope>
    </dependency>
    <dependency>
      <groupId>org.apache.shiro</groupId>
      <artifactId>shiro-web</artifactId>
      <version>1.8.0</version>
      <scope>provided</scope>
    </dependency>
    <dependency>
      <groupId>org.apache.dubbo</groupId>
      <artifactId>dubbo</artifactId>
      <version>${dubbo.version}</version>
      <scope>provided</scope>
      <exclusions>
        <exclusion>
          <artifactId>spring-context</artifactId>
          <groupId>org.springframework</groupId>
        </exclusion>
        <exclusion>
          <artifactId>spring-context-support</artifactId>
          <groupId>com.alibaba.spring</groupId>
        </exclusion>
      </exclusions>
    </dependency>
    <dependency>
      <groupId>org.apache.dubbo</groupId>
      <artifactId>dubbo-dependencies-zookeeper</artifactId>
      <version>${dubbo.version}</version>
      <type>pom</type>
      <scope>provided</scope>
    </dependency>
    <dependency>
      <groupId>org.jboss.resteasy</groupId>
      <artifactId>resteasy-jdk-http</artifactId>
      <version>${resteasy.version}</version>
      <scope>provided</scope>
    </dependency>
    <dependency>
      <groupId>org.jboss.resteasy</groupId>
      <artifactId>resteasy-jaxrs</artifactId>
      <version>${resteasy.version}</version>
      <scope>provided</scope>
    </dependency>
    <dependency>
      <groupId>org.jboss.resteasy</groupId>
      <artifactId>resteasy-client</artifactId>
      <version>${resteasy.version}</version>
      <scope>provided</scope>
    </dependency>
    <dependency>
      <groupId>org.jboss.resteasy</groupId>
      <artifactId>resteasy-netty4</artifactId>
      <version>${resteasy.version}</version>
      <scope>provided</scope>
    </dependency>
    <dependency>
      <groupId>org.jboss.resteasy</groupId>
      <artifactId>resteasy-jackson-provider</artifactId>
      <version>${resteasy.version}</version>
      <scope>provided</scope>
    </dependency>
    <dependency>
      <groupId>com.101tec</groupId>
      <artifactId>zkclient</artifactId>
      <version>0.11</version>
      <scope>provided</scope>
    </dependency>
    <dependency>
      <groupId>io.jsonwebtoken</groupId>
      <artifactId>jjwt</artifactId>
      <version>0.9.1</version>
    </dependency>
    <dependency>
      <groupId>com.squareup.okhttp3</groupId>
      <artifactId>okhttp</artifactId>
      <version>3.14.4</version>
      <scope>provided</scope>
    </dependency>
    <dependency>
      <groupId>io.swagger</groupId>
      <artifactId>swagger-core</artifactId>
      <version>1.5.21</version>
      <scope>provided</scope>
    </dependency>
    <dependency>
      <groupId>io.seata</groupId>
      <artifactId>seata-all</artifactId>
      <version>${seata.version}</version>
      <scope>provided</scope>
      <exclusions>
        <exclusion>
          <artifactId>spring-core</artifactId>
          <groupId>org.springframework</groupId>
        </exclusion>
        <exclusion>
          <artifactId>spring-context</artifactId>
          <groupId>org.springframework</groupId>
        </exclusion>
        <exclusion>
          <artifactId>spring-beans</artifactId>
          <groupId>org.springframework</groupId>
        </exclusion>
        <exclusion>
          <artifactId>spring-aop</artifactId>
          <groupId>org.springframework</groupId>
        </exclusion>
        <exclusion>
          <artifactId>spring-webmvc</artifactId>
          <groupId>org.springframework</groupId>
        </exclusion>
        <exclusion>
          <artifactId>spring-web</artifactId>
          <groupId>org.springframework</groupId>
        </exclusion>
      </exclusions>
    </dependency>
    <dependency>
      <groupId>net.oschina.j2cache</groupId>
      <artifactId>j2cache-core</artifactId>
      <version>2.8.2-release</version>
      <scope>provided</scope>
      <exclusions>
        <exclusion>
          <artifactId>slf4j-simple</artifactId>
          <groupId>org.slf4j</groupId>
        </exclusion>
      </exclusions>
    </dependency>
    <dependency>
      <groupId>org.apache.qpid</groupId>
      <artifactId>qpid-client</artifactId>
      <version>6.3.4</version>
      <scope>provided</scope>
    </dependency>
    <dependency>
      <groupId>org.apache.geronimo.specs</groupId>
      <artifactId>geronimo-jms_1.1_spec</artifactId>
      <version>1.1.1</version>
      <scope>provided</scope>
    </dependency>
  </dependencies>
  <build>
    <plugins>
      <plugin>
        <groupId>org.jacoco</groupId>
        <artifactId>jacoco-maven-plugin</artifactId>
        <version>0.8.8</version>
        <executions>
          <execution>
            <id>default-prepare-agent</id>
            <goals>
              <goal>prepare-agent</goal>
            </goals>
          </execution>
          <execution>
            <id>default-report</id>
            <goals>
              <goal>report</goal>
            </goals>
          </execution>
        </executions>
      </plugin>
      <plugin>
        <artifactId>maven-assembly-plugin</artifactId>
        <version>3.2.0</version>
        <executions>
          <execution>
            <phase>package</phase>
            <goals>
              <goal>single</goal>
            </goals>
            <configuration>
              <descriptorRefs>
                <descriptorRef>jar-with-dependencies</descriptorRef>
              </descriptorRefs>
            </configuration>
          </execution>
        </executions>
      </plugin>
    </plugins>
  </build>
  <profiles>
    <profile>
      <id>release</id>
      <build>
        <plugins>
          <plugin>
            <artifactId>maven-source-plugin</artifactId>
            <version>2.2.1</version>
            <executions>
              <execution>
                <id>attach-sources</id>
                <goals>
                  <goal>jar-no-fork</goal>
                </goals>
              </execution>
            </executions>
          </plugin>
          <plugin>
            <artifactId>maven-javadoc-plugin</artifactId>
            <version>2.10.4</version>
            <executions>
              <execution>
                <id>attach-javadocs</id>
                <goals>
                  <goal>jar</goal>
                </goals>
              </execution>
            </executions>
            <configuration>
              <windowtitle>Jboot</windowtitle>
              <doctitle>Jboot</doctitle>
              <show>private</show>
              <detectLinks>false</detectLinks>
              <detectOfflineLinks>true</detectOfflineLinks>
              <linksource>true</linksource>
              <additionalparam>-Xdoclint:none</additionalparam>
              <detectJavaApiLink>true</detectJavaApiLink>
              <source>8</source>
            </configuration>
          </plugin>
          <plugin>
            <artifactId>maven-gpg-plugin</artifactId>
            <version>1.5</version>
            <executions>
              <execution>
                <id>sign-artifacts</id>
                <goals>
                  <goal>sign</goal>
                </goals>
              </execution>
            </executions>
          </plugin>
        </plugins>
      </build>
      <distributionManagement>
        <repository>
          <id>ossrh</id>
          <url>https://oss.sonatype.org/service/local/staging/deploy/maven2/</url>
        </repository>
        <snapshotRepository>
          <id>ossrh</id>
          <url>https://oss.sonatype.org/content/repositories/snapshots/</url>
        </snapshotRepository>
      </distributionManagement>
    </profile>
  </profiles>
</project>
