<?xml version="1.0"?>
<project xsi:schemaLocation="http://maven.apache.org/POM/4.0.0 https://maven.apache.org/xsd/maven-4.0.0.xsd" xmlns="http://maven.apache.org/POM/4.0.0"
    xmlns:xsi="http://www.w3.org/2001/XMLSchema-instance">
  <modelVersion>4.0.0</modelVersion>
  <parent>
    <groupId>com.github.jcustenborder.kafka.connect</groupId>
    <artifactId>kafka-connect-parent</artifactId>
    <version>2.8.0-1</version>
  </parent>
  <artifactId>kafka-connect-twitter</artifactId>
  <version>0.3-SNAPSHOT</version>
  <name>kafka-connect-twitter</name>
  <description>Kafka Connect plugin for streaming data from Twitter to Kafka.</description>
  <url>https://github.com/jcustenborder/kafka-connect-twitter</url>
  <inceptionYear>2016</inceptionYear>
  <licenses>
    <license>
      <name>Apache License 2.0</name>
      <url>https:/github.com/jcustenborder/kafka-connect-twitter/LICENSE</url>
      <distribution>repo</distribution>
    </license>
  </licenses>
  <developers>
    <developer>
      <id>jcustenborder</id>
      <name>Jeremy Custenborder</name>
      <url>https://github.com/jcustenborder</url>
      <roles>
        <role>Committer</role>
      </roles>
    </developer>
  </developers>
  <scm>
    <connection>scm:git:https://github.com/jcustenborder/kafka-connect-twitter.git</connection>
    <developerConnection>scm:git:git@github.com:jcustenborder/kafka-connect-twitter.git</developerConnection>
    <url>https://github.com/jcustenborder/kafka-connect-twitter</url>
  </scm>
  <issueManagement>
    <system>github</system>
    <url>https://github.com/jcustenborder/kafka-connect-twitter/issues</url>
  </issueManagement>
  <properties>
    <twitter4j.version>4.0.6</twitter4j.version>
  </properties>
  <dependencies>
    <dependency>
      <groupId>org.twitter4j</groupId>
      <artifactId>twitter4j-core</artifactId>
      <version>${twitter4j.version}</version>
    </dependency>
    <dependency>
      <groupId>org.twitter4j</groupId>
      <artifactId>twitter4j-stream</artifactId>
      <version>${twitter4j.version}</version>
    </dependency>
  </dependencies>
  <build>
    <plugins>
      <plugin>
        <groupId>org.jacoco</groupId>
        <artifactId>jacoco-maven-plugin</artifactId>
        <version>0.8.8</version>
        <executions>
          <execution>
            <id>default-prepare-agent</id>
            <goals>
              <goal>prepare-agent</goal>
            </goals>
          </execution>
          <execution>
            <id>default-report</id>
            <goals>
              <goal>report</goal>
            </goals>
          </execution>
        </executions>
      </plugin>
      <plugin>
        <artifactId>maven-assembly-plugin</artifactId>
        <version>3.2.0</version>
        <executions>
          <execution>
            <phase>package</phase>
            <goals>
              <goal>single</goal>
            </goals>
            <configuration>
              <descriptorRefs>
                <descriptorRef>jar-with-dependencies</descriptorRef>
              </descriptorRefs>
            </configuration>
          </execution>
        </executions>
      </plugin>
    </plugins>
  </build>
</project>
