<config>
    <libs>
        <lib>sqlite3</lib>
        <lib>xml2</lib>
        <lib>z</lib>
    </libs>    
    <frameworks>                
        <framework>AVFoundation</framework>
        <framework>AdSupport</framework>
        <framework>AudioToolbox</framework>
        <framework>CFNetwork</framework>
        <framework>CoreGraphics</framework>
        <framework>CoreImage</framework>
        <framework>CoreLocation</framework>
        <framework>CoreMedia</framework>
        <framework>CoreMotion</framework>
        <framework>CoreTelephony</framework>
        <framework>EventKit</framework>
        <framework>EventKitUI</framework>
        <framework>MediaPlayer</framework>
        <framework>MessageUI</framework>
        <framework>MobileCoreServices</framework>
        <framework>QuartzCore</framework>
        <framework>Security</framework>
        <framework>Social</framework>
        <framework>StoreKit</framework>
        <framework>SystemConfiguration</framework>
        <framework>iAd</framework>
    </frameworks>
    <weakFrameworks>
        <framework>WebKit</framework>
    </weakFrameworks>
    <forceLinkClasses>
        <pattern>org.robovm.pods.heyzap.ads.HZAdMobBannerSupport</pattern>
    </forceLinkClasses>
</config>