<?xml version="1.0" encoding="UTF-8"?>
<bean:beans xmlns:bean="http://www.springframework.org/schema/beans"
            xmlns="http://www.springframework.org/schema/security"
            xmlns:xsi="http://www.w3.org/2001/XMLSchema-instance"
            xmlns:mvc="http://www.springframework.org/schema/mvc"
            xmlns:context="http://www.springframework.org/schema/context"
            xsi:schemaLocation="http://www.springframework.org/schema/mvc
       http://www.springframework.org/schema/mvc/spring-mvc.xsd
       http://www.springframework.org/schema/beans
       http://www.springframework.org/schema/beans/spring-beans.xsd
       http://www.springframework.org/schema/context
       http://www.springframework.org/schema/context/spring-context.xsd
       http://www.springframework.org/schema/security
       http://www.springframework.org/schema/security/spring-security.xsd">


    <http auto-config="true">
        <intercept-url pattern="/admin**" access="hasRole('ROLE_USER')" />
        <form-login
                login-page="/login"
                default-target-url="/welcome"
                authentication-failure-url="/login?error"
                username-parameter="username"
                password-parameter="password"
                login-processing-url="/j_spring_security_check"
        />
        <logout logout-success-url="/login?logout"/>

        <!-- enable csrf protection -->
        <csrf/>
    </http>

    <authentication-manager>
        <authentication-provider>
            <user-service>
                <user name="vonzhou" password="123456" authorities="ROLE_USER" />
            </user-service>
        </authentication-provider>
    </authentication-manager>


</bean:beans>