<?xml version="1.0"?>
<project xsi:schemaLocation="http://maven.apache.org/POM/4.0.0 https://maven.apache.org/xsd/maven-4.0.0.xsd" xmlns="http://maven.apache.org/POM/4.0.0"
    xmlns:xsi="http://www.w3.org/2001/XMLSchema-instance">
  <modelVersion>4.0.0</modelVersion>
  <groupId>net.hydromatic</groupId>
  <artifactId>linq4j</artifactId>
  <version>0.5-SNAPSHOT</version>
  <name>linq4j</name>
  <description>linq4j is a port of LINQ (Language-Integrated Query) to Java.</description>
  <url>http://github.com/julianhyde/linq4j</url>
  <inceptionYear>2012</inceptionYear>
  <organization>
    <name>Julian Hyde</name>
    <url>http://www.hydromatic.net</url>
  </organization>
  <licenses>
    <license>
      <name>Apache 2</name>
      <url>http://www.apache.org/licenses/LICENSE-2.0.txt</url>
    </license>
  </licenses>
  <developers>
    <developer>
      <id>julianhyde</id>
      <name>Julian Hyde</name>
      <email>jhyde@pentaho.com</email>
      <url>https://github.com/julianhyde</url>
      <roles>
        <role>architect</role>
        <role>developer</role>
      </roles>
      <timezone>-8</timezone>
    </developer>
  </developers>
  <mailingLists>
    <mailingList>
      <name>Linq4j developers list</name>
      <subscribe>linq4j-dev-subscribe@googlegroups.com</subscribe>
      <unsubscribe>linq4j-dev-unsubscribe@googlegroups.com</unsubscribe>
      <post>linq4j-dev@googlegroups.com</post>
      <archive>http://groups.google.com/group/linq4j-dev</archive>
    </mailingList>
  </mailingLists>
  <scm>
    <connection>scm:git:git://github.com/julianhyde/linq4j.git</connection>
    <developerConnection>scm:git:git@github.com:julianhyde/linq4j.git</developerConnection>
    <url>scm:git:git://github.com/julianhyde/linq4j.git</url>
  </scm>
  <issueManagement>
    <system>github</system>
    <url>https://github.com/julianhyde/linq4j/issues</url>
  </issueManagement>
  <distributionManagement>
    <repository>
      <id>conjars</id>
      <name>Concurrent Conjars repository</name>
      <url>http://conjars.org/repo</url>
    </repository>
    <site>
      <id>linq4j.website</id>
      <name>Linq4j Website</name>
      <url>file:/home/jhyde/linq4j</url>
    </site>
  </distributionManagement>
  <properties>
    <project.build.sourceEncoding>UTF-8</project.build.sourceEncoding>
    <top.dir>${project.basedir}</top.dir>
  </properties>
  <dependencies>
    <dependency>
      <groupId>junit</groupId>
      <artifactId>junit</artifactId>
      <version>[4.8,)</version>
      <scope>test</scope>
    </dependency>
  </dependencies>
  <build>
    <plugins>
      <plugin>
        <groupId>org.jacoco</groupId>
        <artifactId>jacoco-maven-plugin</artifactId>
        <version>0.8.8</version>
        <executions>
          <execution>
            <id>default-prepare-agent</id>
            <goals>
              <goal>prepare-agent</goal>
            </goals>
          </execution>
          <execution>
            <id>default-report</id>
            <goals>
              <goal>report</goal>
            </goals>
          </execution>
        </executions>
      </plugin>
      <plugin>
        <artifactId>maven-assembly-plugin</artifactId>
        <version>3.2.0</version>
        <executions>
          <execution>
            <phase>package</phase>
            <goals>
              <goal>single</goal>
            </goals>
            <configuration>
              <descriptorRefs>
                <descriptorRef>jar-with-dependencies</descriptorRef>
              </descriptorRefs>
            </configuration>
          </execution>
        </executions>
      </plugin>
    </plugins>
  </build>
  <reporting>
    <plugins>
      <plugin>
        <artifactId>maven-javadoc-plugin</artifactId>
        <version>2.8.1</version>
        <configuration>
          <links>
            <link>http://docs.oracle.com/javase/7/docs/api/</link>
          </links>
        </configuration>
      </plugin>
    </plugins>
  </reporting>
</project>
