<config>
    <frameworks>
        <framework>AdSupport</framework>
        <framework>AVFoundation</framework>
        <framework>CoreGraphics</framework>
        <framework>CoreMedia</framework>
        <framework>CoreMotion</framework>
        <framework>MediaPlayer</framework>
        <framework>QuartzCore</framework>
        <framework>Security</framework>
        <framework>StoreKit</framework>
        <framework>SystemConfiguration</framework>
    </frameworks>
    <exportedSymbols>
        <symbol>STYLE1_SMALL</symbol>
        <symbol>STYLE1_MEDIUM</symbol>
        <symbol>STYLE1_LARGE</symbol>
        <symbol>STYLE1_XLARGE</symbol>
        <symbol>STYLE2_SMALL</symbol>
        <symbol>STYLE2_MEDIUM</symbol>
    </exportedSymbols>
</config>