<?xml version="1.0" encoding="utf-8" ?>
<!--
  Copyright 2010 simon
  
  Licensed under the Apache License, Version 2.0 (the "License");
  you may not use this file except in compliance with the License.
  You may obtain a copy of the License at
  
    http://www.apache.org/licenses/LICENSE-2.0
  
  Unless required by applicable law or agreed to in writing, software
  distributed under the License is distributed on an "AS IS" BASIS,
  WITHOUT WARRANTIES OR CONDITIONS OF ANY KIND, either express or implied.
  See the License for the specific language governing permissions and
  limitations under the License.
-->
<parser key="dxf" name="DXF-Parser" parser-factory="org.kabeja.dxf.parser.ParserFactory">
   <handler class="org.kabeja.parser.DXFHeaderSectionHandler"/>
   <handler class="org.kabeja.parser.DXFTableSectionHandler">
     <handlers>
       <handler class="org.kabeja.parser.table.DXFLayerTableHandler"/>
       <handler class="org.kabeja.parser.table.DXFLineTypeTableHandler"/>
       <handler class="org.kabeja.parser.table.DXFViewTableHandler"/>
       <handler class="org.kabeja.parser.table.DXFViewportTableHandler"/>
       <handler class="org.kabeja.parser.table.DXFStyleTableHandler"/>
       <handler class="org.kabeja.parser.table.DXFDimensionStyleTableHandler"/>
     </handlers>
   </handler>

   <!--+
       | The block and the entities handler use the same sub handlers.
       | If you have create a parser for an entity add the parser in
       | both sections.
       +-->

   <handler class="org.kabeja.parser.DXFBlocksSectionHandler">
      <handlers>
         <handler class="org.kabeja.parser.entities.DXFArcHandler"/>
         <handler class="org.kabeja.parser.entities.DXFCircleHandler"/>
         <handler class="org.kabeja.parser.entities.DXFEllipseHandler"/>
         <handler class="org.kabeja.parser.entities.DXFInsertHandler"/>
         <handler class="org.kabeja.parser.entities.DXFLineHandler"/>
         <handler class="org.kabeja.parser.entities.DXFPolylineHandler"/>
         <handler class="org.kabeja.parser.entities.DXFLWPolylineHandler"/>
         <handler class="org.kabeja.parser.entities.DXFSolidHandler"/>
         <handler class="org.kabeja.parser.entities.DXFTextHandler"/>
         <handler class="org.kabeja.parser.entities.DXFAttribHandler"/>
		 <handler class="org.kabeja.parser.entities.DXFMTextHandler"/>
         <handler class="org.kabeja.parser.entities.DXFTraceHandler"/>
         <handler class="org.kabeja.parser.entities.DXFDimensionHandler"/>
         <handler class="org.kabeja.parser.entities.DXFImageHandler"/>
         <handler class="org.kabeja.parser.entities.DXF3DFaceHandler"/>
         <handler class="org.kabeja.parser.entities.DXFRayHandler"/>
         <handler class="org.kabeja.parser.entities.DXFXLineHandler"/>
         <handler class="org.kabeja.parser.entities.DXFRegionHandler"/>
         <handler class="org.kabeja.parser.entities.DXFBodyHandler"/>
         <handler class="org.kabeja.parser.entities.DXF3DSolidHandler"/>
         <handler class="org.kabeja.parser.entities.DXFSplineHandler"/>
      </handlers>
   </handler>

  <!--+
      |The entity section parser part
      |
      +-->


   <handler class="org.kabeja.parser.DXFEntitiesSectionHandler">
      <handlers>
        <handler class="org.kabeja.parser.entities.DXFArcHandler"/>
        <handler class="org.kabeja.parser.entities.DXFCircleHandler"/>
        <handler class="org.kabeja.parser.entities.DXFEllipseHandler"/>
        <handler class="org.kabeja.parser.entities.DXFInsertHandler"/>
        <handler class="org.kabeja.parser.entities.DXFLineHandler"/>
        <handler class="org.kabeja.parser.entities.DXFPolylineHandler"/>
		<handler class="org.kabeja.parser.entities.DXFLWPolylineHandler"/>
        <handler class="org.kabeja.parser.entities.DXFSolidHandler"/>
        <handler class="org.kabeja.parser.entities.DXFTextHandler"/>
		<handler class="org.kabeja.parser.entities.DXFAttribHandler"/>
		<handler class="org.kabeja.parser.entities.DXFMTextHandler"/>
        <handler class="org.kabeja.parser.entities.DXFTraceHandler"/>
        <handler class="org.kabeja.parser.entities.DXFDimensionHandler"/>
        <handler class="org.kabeja.parser.entities.DXFImageHandler"/>
        <handler class="org.kabeja.parser.entities.DXF3DFaceHandler"/>
        <handler class="org.kabeja.parser.entities.DXFRayHandler"/>
        <handler class="org.kabeja.parser.entities.DXFXLineHandler"/>
        <handler class="org.kabeja.parser.entities.DXFRegionHandler"/>
        <handler class="org.kabeja.parser.entities.DXFBodyHandler"/>
        <handler class="org.kabeja.parser.entities.DXF3DSolidHandler"/>
        <handler class="org.kabeja.parser.entities.DXFSplineHandler"/>
      </handlers>
   </handler>


   <!--+
       |The objects section parser part
       |
       +-->


   <handler class="org.kabeja.parser.DXFObjectsSectionHandler">
     <handlers>
         <handler class="org.kabeja.parser.objects.DXFImageDefHandler"/>
     </handlers>
   </handler>

</parser>
