<?xml version="1.0"?>
<!--
  Copyright 2010 simon
  
  Licensed under the Apache License, Version 2.0 (the "License");
  you may not use this file except in compliance with the License.
  You may obtain a copy of the License at
  
    http://www.apache.org/licenses/LICENSE-2.0
  
  Unless required by applicable law or agreed to in writing, software
  distributed under the License is distributed on an "AS IS" BASIS,
  WITHOUT WARRANTIES OR CONDITIONS OF ANY KIND, either express or implied.
  See the License for the specific language governing permissions and
  limitations under the License.
-->
<processing xmlns="http://kabeja.org/processing/1.0" xmlns:xi="http://www.w3.org/2001/XInclude">
	<!--+
	    | The processing configuration  
	    +-->
	<configuration>
	
	   <parsers/>    

		<postprocessors>
			<postprocessor class="org.kabeja.processing.BoundsDebugger" name="bounds.debugger"/>
			<!--  removes all image entities if the images file does not exists -->
			<postprocessor class="org.kabeja.processing.ImageFilter" name="image.filter"/>
			<postprocessor class="org.kabeja.processing.BoundsFilter" name="bounds.filter"/>
			 <!-- allows you to remove layers from the draft and merge all layers to one -->
			<postprocessor class="org.kabeja.processing.LayerFilter" name="layer.filter"/>
                         <!--  converts lines,arcs and polylines to a single polyline, if they have the same points -->
			<postprocessor class="org.kabeja.processing.PolylineConverter" name="polyline.converter"/>
			<!-- removes invisible entities -->		
			<postprocessor class="org.kabeja.processing.VisibilityFilter" name="visibility.filter"/>
		</postprocessors>
		
		<filters/>		
		<serializers>
			<serializer class="org.kabeja.xml.SAXPrettyOutputter" name="svg"/>
		</serializers>
		
		<generators/>
	      
		
	</configuration>
	
	<!--+
	    | The processing pipelines 
	    +-->
	
	<pipelines>
	  <pipeline name="test">
	  	  <saxgenerate name="svg">
			<property name="stroke-width" value="22"/>
			<serialize name="jpeg">
			   <property name="width" value="1024"/>
			   <property name="height" value="768"/>
			</serialize>
		  </saxgenerate>	
	  </pipeline>
	
	</pipelines>
</processing>
