<?xml version="1.0"?>
<project xsi:schemaLocation="http://maven.apache.org/POM/4.0.0 http://maven.apache.org/xsd/maven-4.0.0.xsd" xmlns="http://maven.apache.org/POM/4.0.0"
    xmlns:xsi="http://www.w3.org/2001/XMLSchema-instance">
  <modelVersion>4.0.0</modelVersion>
  <parent>
    <groupId>com.vladmihalcea</groupId>
    <artifactId>parent</artifactId>
    <version>1.0-SNAPSHOT</version>
  </parent>
  <artifactId>mongodb-facts</artifactId>
  <version>1.0-SNAPSHOT</version>
  <name>MongoDb Facts</name>
  <description>MongoDb Facts</description>
  <properties>
    <maven-failsafe-plugin.version>2.12</maven-failsafe-plugin.version>
    <spring-data-mongodb.version>1.6.1.RELEASE</spring-data-mongodb.version>
    <commons-io.version>2.4</commons-io.version>
    <xbean-spring.version>3.7</xbean-spring.version>
    <junit.version>4.12</junit.version>
    <db-util.version>0.0.1</db-util.version>
    <commons-lang-version>3.3.2</commons-lang-version>
    <javax.jms.version>1.1</javax.jms.version>
    <embedmongo.port>51567</embedmongo.port>
    <mongo.test.version>2.6.1</mongo.test.version>
    <spring-integration.version>4.1.1.RELEASE</spring-integration.version>
    <logback.version>1.0.13</logback.version>
    <jcl-over-slf4j.version>1.6.1</jcl-over-slf4j.version>
    <mongeez.version>0.9.3</mongeez.version>
    <embedmongo.plugin.version>0.1.12</embedmongo.plugin.version>
    <spring.version>4.1.3.RELEASE</spring.version>
    <activemq.version>5.5.0</activemq.version>
  </properties>
  <dependencies>
    <dependency>
      <groupId>ch.qos.logback</groupId>
      <artifactId>logback-classic</artifactId>
      <version>1.0.13</version>
      <scope>compile</scope>
      <exclusions>
        <exclusion>
          <artifactId>logback-core</artifactId>
          <groupId>ch.qos.logback</groupId>
        </exclusion>
      </exclusions>
    </dependency>
    <dependency>
      <groupId>ch.qos.logback</groupId>
      <artifactId>logback-core</artifactId>
      <version>1.0.13</version>
      <scope>compile</scope>
    </dependency>
    <dependency>
      <groupId>ch.qos.logback</groupId>
      <artifactId>logback-access</artifactId>
      <version>1.0.13</version>
      <scope>compile</scope>
      <exclusions>
        <exclusion>
          <artifactId>logback-core</artifactId>
          <groupId>ch.qos.logback</groupId>
        </exclusion>
      </exclusions>
    </dependency>
    <dependency>
      <groupId>org.slf4j</groupId>
      <artifactId>jcl-over-slf4j</artifactId>
      <version>1.6.1</version>
      <scope>compile</scope>
    </dependency>
    <dependency>
      <groupId>org.springframework</groupId>
      <artifactId>spring-orm</artifactId>
      <version>4.1.3.RELEASE</version>
      <scope>compile</scope>
    </dependency>
    <dependency>
      <groupId>org.springframework</groupId>
      <artifactId>spring-jms</artifactId>
      <version>4.1.3.RELEASE</version>
      <scope>compile</scope>
      <exclusions>
        <exclusion>
          <artifactId>spring-expression</artifactId>
          <groupId>org.springframework</groupId>
        </exclusion>
      </exclusions>
    </dependency>
    <dependency>
      <groupId>org.springframework</groupId>
      <artifactId>spring-expression</artifactId>
      <version>4.1.3.RELEASE</version>
      <scope>compile</scope>
    </dependency>
    <dependency>
      <groupId>org.springframework.integration</groupId>
      <artifactId>spring-integration-core</artifactId>
      <version>4.1.1.RELEASE</version>
      <scope>compile</scope>
    </dependency>
    <dependency>
      <groupId>org.springframework.integration</groupId>
      <artifactId>spring-integration-jmx</artifactId>
      <version>4.1.1.RELEASE</version>
      <scope>compile</scope>
      <exclusions>
        <exclusion>
          <artifactId>spring-integration-core</artifactId>
          <groupId>org.springframework.integration</groupId>
        </exclusion>
      </exclusions>
    </dependency>
    <dependency>
      <groupId>org.springframework.integration</groupId>
      <artifactId>spring-integration-jms</artifactId>
      <version>4.1.1.RELEASE</version>
      <scope>compile</scope>
      <exclusions>
        <exclusion>
          <artifactId>spring-jms</artifactId>
          <groupId>org.springframework</groupId>
        </exclusion>
        <exclusion>
          <artifactId>spring-integration-core</artifactId>
          <groupId>org.springframework.integration</groupId>
        </exclusion>
      </exclusions>
    </dependency>
    <dependency>
      <groupId>org.springframework.integration</groupId>
      <artifactId>spring-integration-ip</artifactId>
      <version>4.1.1.RELEASE</version>
      <scope>compile</scope>
      <exclusions>
        <exclusion>
          <artifactId>spring-integration-core</artifactId>
          <groupId>org.springframework.integration</groupId>
        </exclusion>
      </exclusions>
    </dependency>
    <dependency>
      <groupId>org.springframework.data</groupId>
      <artifactId>spring-data-mongodb</artifactId>
      <version>1.6.1.RELEASE</version>
      <scope>compile</scope>
      <exclusions>
        <exclusion>
          <artifactId>spring-expression</artifactId>
          <groupId>org.springframework</groupId>
        </exclusion>
        <exclusion>
          <artifactId>jcl-over-slf4j</artifactId>
          <groupId>org.slf4j</groupId>
        </exclusion>
      </exclusions>
    </dependency>
    <dependency>
      <groupId>org.apache.geronimo.specs</groupId>
      <artifactId>geronimo-jms_1.1_spec</artifactId>
      <version>1.1.1</version>
      <scope>compile</scope>
    </dependency>
    <dependency>
      <groupId>org.apache.activemq</groupId>
      <artifactId>activemq-core</artifactId>
      <version>5.5.0</version>
      <scope>test</scope>
      <exclusions>
        <exclusion>
          <artifactId>geronimo-jms_1.1_spec</artifactId>
          <groupId>org.apache.geronimo.specs</groupId>
        </exclusion>
      </exclusions>
    </dependency>
    <dependency>
      <groupId>org.apache.xbean</groupId>
      <artifactId>xbean-spring</artifactId>
      <version>3.7</version>
      <scope>test</scope>
    </dependency>
    <dependency>
      <groupId>org.apache.commons</groupId>
      <artifactId>commons-lang3</artifactId>
      <version>3.3.2</version>
      <scope>compile</scope>
    </dependency>
    <dependency>
      <groupId>commons-io</groupId>
      <artifactId>commons-io</artifactId>
      <version>2.4</version>
      <scope>compile</scope>
    </dependency>
    <dependency>
      <groupId>junit</groupId>
      <artifactId>junit</artifactId>
      <version>4.12</version>
      <scope>test</scope>
    </dependency>
    <dependency>
      <groupId>org.springframework</groupId>
      <artifactId>spring-test</artifactId>
      <version>4.1.3.RELEASE</version>
      <scope>test</scope>
    </dependency>
    <dependency>
      <groupId>org.projectreactor</groupId>
      <artifactId>reactor-core</artifactId>
      <version>1.1.4.RELEASE</version>
      <scope>compile</scope>
    </dependency>
    <dependency>
      <groupId>org.springframework</groupId>
      <artifactId>spring-jdbc</artifactId>
      <version>4.1.3.RELEASE</version>
      <scope>compile</scope>
    </dependency>
    <dependency>
      <groupId>org.hamcrest</groupId>
      <artifactId>hamcrest-core</artifactId>
      <version>1.3</version>
      <scope>test</scope>
    </dependency>
    <dependency>
      <groupId>org.apache.activemq</groupId>
      <artifactId>kahadb</artifactId>
      <version>5.5.0</version>
      <scope>test</scope>
    </dependency>
    <dependency>
      <groupId>org.springframework</groupId>
      <artifactId>spring-tx</artifactId>
      <version>4.1.3.RELEASE</version>
      <scope>compile</scope>
    </dependency>
    <dependency>
      <groupId>org.springframework</groupId>
      <artifactId>spring-context</artifactId>
      <version>4.1.3.RELEASE</version>
      <scope>compile</scope>
    </dependency>
    <dependency>
      <groupId>org.apache.commons</groupId>
      <artifactId>commons-digester3</artifactId>
      <version>3.2</version>
      <scope>compile</scope>
    </dependency>
    <dependency>
      <groupId>com.goldmansachs</groupId>
      <artifactId>gs-collections</artifactId>
      <version>5.1.0</version>
      <scope>compile</scope>
    </dependency>
    <dependency>
      <groupId>org.springframework.data</groupId>
      <artifactId>spring-data-commons</artifactId>
      <version>1.9.1.RELEASE</version>
      <scope>compile</scope>
    </dependency>
    <dependency>
      <groupId>cglib</groupId>
      <artifactId>cglib</artifactId>
      <version>2.2.2</version>
      <scope>compile</scope>
    </dependency>
    <dependency>
      <groupId>org.jasypt</groupId>
      <artifactId>jasypt</artifactId>
      <version>1.7</version>
      <scope>test</scope>
    </dependency>
    <dependency>
      <groupId>com.goldmansachs</groupId>
      <artifactId>gs-collections-api</artifactId>
      <version>5.1.0</version>
      <scope>compile</scope>
    </dependency>
    <dependency>
      <groupId>org.mongodb</groupId>
      <artifactId>mongo-java-driver</artifactId>
      <version>2.12.3</version>
      <scope>compile</scope>
    </dependency>
    <dependency>
      <groupId>commons-net</groupId>
      <artifactId>commons-net</artifactId>
      <version>2.0</version>
      <scope>test</scope>
    </dependency>
    <dependency>
      <groupId>aopalliance</groupId>
      <artifactId>aopalliance</artifactId>
      <version>1.0</version>
      <scope>compile</scope>
    </dependency>
    <dependency>
      <groupId>org.springframework</groupId>
      <artifactId>spring-beans</artifactId>
      <version>4.1.3.RELEASE</version>
      <scope>compile</scope>
    </dependency>
    <dependency>
      <groupId>commons-lang</groupId>
      <artifactId>commons-lang</artifactId>
      <version>2.5</version>
      <scope>compile</scope>
    </dependency>
    <dependency>
      <groupId>org.springframework</groupId>
      <artifactId>spring-messaging</artifactId>
      <version>4.1.3.RELEASE</version>
      <scope>compile</scope>
    </dependency>
    <dependency>
      <groupId>commons-beanutils</groupId>
      <artifactId>commons-beanutils</artifactId>
      <version>1.8.3</version>
      <scope>compile</scope>
    </dependency>
    <dependency>
      <groupId>asm</groupId>
      <artifactId>asm</artifactId>
      <version>3.3.1</version>
      <scope>compile</scope>
    </dependency>
    <dependency>
      <groupId>org.springframework</groupId>
      <artifactId>spring-aop</artifactId>
      <version>4.1.3.RELEASE</version>
      <scope>compile</scope>
    </dependency>
    <dependency>
      <groupId>org.slf4j</groupId>
      <artifactId>slf4j-api</artifactId>
      <version>1.7.5</version>
      <scope>compile</scope>
    </dependency>
    <dependency>
      <groupId>org.apache.activemq.protobuf</groupId>
      <artifactId>activemq-protobuf</artifactId>
      <version>1.1</version>
      <scope>test</scope>
    </dependency>
    <dependency>
      <groupId>org.springframework.retry</groupId>
      <artifactId>spring-retry</artifactId>
      <version>1.1.1.RELEASE</version>
      <scope>compile</scope>
    </dependency>
    <dependency>
      <groupId>org.apache.geronimo.specs</groupId>
      <artifactId>geronimo-j2ee-management_1.1_spec</artifactId>
      <version>1.0.1</version>
      <scope>test</scope>
    </dependency>
    <dependency>
      <groupId>com.lmax</groupId>
      <artifactId>disruptor</artifactId>
      <version>3.2.1</version>
      <scope>compile</scope>
    </dependency>
    <dependency>
      <groupId>commons-logging</groupId>
      <artifactId>commons-logging</artifactId>
      <version>1.0.3</version>
      <scope>compile</scope>
    </dependency>
    <dependency>
      <groupId>org.osgi</groupId>
      <artifactId>org.osgi.core</artifactId>
      <version>4.1.0</version>
      <scope>test</scope>
    </dependency>
    <dependency>
      <groupId>io.gatling</groupId>
      <artifactId>jsr166e</artifactId>
      <version>1.0</version>
      <scope>compile</scope>
    </dependency>
    <dependency>
      <groupId>org.aspectj</groupId>
      <artifactId>aspectjweaver</artifactId>
      <version>1.6.8</version>
      <scope>compile</scope>
    </dependency>
    <dependency>
      <groupId>org.springframework</groupId>
      <artifactId>spring-core</artifactId>
      <version>4.1.3.RELEASE</version>
      <scope>compile</scope>
    </dependency>
    <dependency>
      <groupId>org.apache.activemq</groupId>
      <artifactId>activeio-core</artifactId>
      <version>3.1.2</version>
      <scope>test</scope>
    </dependency>
    <dependency>
      <groupId>com.vladmihalcea</groupId>
      <artifactId>db-util</artifactId>
      <version>0.0.1</version>
      <scope>compile</scope>
      <exclusions>
        <exclusion>
          <artifactId>datasource-proxy</artifactId>
          <groupId>net.ttddyy</groupId>
        </exclusion>
        <exclusion>
          <artifactId>logback-classic</artifactId>
          <groupId>ch.qos.logback</groupId>
        </exclusion>
        <exclusion>
          <artifactId>logback-core</artifactId>
          <groupId>ch.qos.logback</groupId>
        </exclusion>
        <exclusion>
          <artifactId>jcl-over-slf4j</artifactId>
          <groupId>org.slf4j</groupId>
        </exclusion>
      </exclusions>
    </dependency>
  </dependencies>
  <build>
    <testResources>
      <testResource>
        <filtering>true</filtering>
        <directory>src/test/resources</directory>
      </testResource>
    </testResources>
    <plugins>
      <plugin>
        <artifactId>maven-failsafe-plugin</artifactId>
        <version>${maven-failsafe-plugin.version}</version>
        <executions>
          <execution>
            <goals>
              <goal>integration-test</goal>
              <goal>verify</goal>
            </goals>
          </execution>
        </executions>
      </plugin>
      <plugin>
        <groupId>com.github.joelittlejohn.embedmongo</groupId>
        <artifactId>embedmongo-maven-plugin</artifactId>
        <version>${embedmongo.plugin.version}</version>
        <executions>
          <execution>
            <id>start</id>
            <goals>
              <goal>start</goal>
            </goals>
            <configuration>
              <port>${embedmongo.port}</port>
              <version>${mongo.test.version}</version>
              <databaseDirectory>${project.build.directory}/mongotest</databaseDirectory>
              <bindIp>127.0.0.1</bindIp>
            </configuration>
          </execution>
          <execution>
            <id>stop</id>
            <goals>
              <goal>stop</goal>
            </goals>
          </execution>
        </executions>
      </plugin>
    </plugins>
  </build>
</project>
