<!--
  Copyright 2010 simon
  
  Licensed under the Apache License, Version 2.0 (the "License");
  you may not use this file except in compliance with the License.
  You may obtain a copy of the License at
  
    http://www.apache.org/licenses/LICENSE-2.0
  
  Unless required by applicable law or agreed to in writing, software
  distributed under the License is distributed on an "AS IS" BASIS,
  WITHOUT WARRANTIES OR CONDITIONS OF ANY KIND, either express or implied.
  See the License for the specific language governing permissions and
  limitations under the License.
-->
<configuration xmlns="http://kabeja.org/configuraion/1.0">
	<application name="ui" class="org.kabeja.ui.UIApplication"
		default="true" />
	<uiconfiguration xmlns="http://kabeja.org/processing/ui/1.0">
		<components>
			<component class="org.kabeja.ui.impl.ProcessingUI" />
			<component class="org.kabeja.ui.impl.ProcessingRunViewComponent" />
			<component class="org.kabeja.ui.impl.ProcessingEditorViewComponent" />
		</components>
	</uiconfiguration>
</configuration>
