<?xml version="1.0" encoding="UTF-8"?>
<project xsi:schemaLocation="http://maven.apache.org/POM/4.0.0 http://maven.apache.org/xsd/maven-4.0.0.xsd" xmlns="http://maven.apache.org/POM/4.0.0"
    xmlns:xsi="http://www.w3.org/2001/XMLSchema-instance">
  <modelVersion>4.0.0</modelVersion>
  <groupId>refactoring</groupId>
  <artifactId>refactoring</artifactId>
  <version>1.0</version>
  <name>Refactoring. Improving the design of existing code</name>
  <developers>
    <developer>
      <id>toby</id>
      <name>Toby Weston</name>
      <url>http://pequenoperro.blogspot.com/</url>
      <organization>bad.robot london ltd</organization>
    </developer>
  </developers>
  <dependencies>
    <dependency>
      <groupId>junit</groupId>
      <artifactId>junit</artifactId>
      <version>4.13.1</version>
      <scope>test</scope>
    </dependency>
    <dependency>
      <groupId>org.jmock</groupId>
      <artifactId>jmock-junit4</artifactId>
      <version>2.5.1</version>
      <scope>test</scope>
    </dependency>
    <dependency>
      <groupId>org.jmock</groupId>
      <artifactId>jmock-legacy</artifactId>
      <version>2.5.1</version>
      <scope>test</scope>
    </dependency>
    <dependency>
      <groupId>org.objenesis</groupId>
      <artifactId>objenesis</artifactId>
      <version>1.0</version>
      <scope>test</scope>
    </dependency>
    <dependency>
      <groupId>org.hamcrest</groupId>
      <artifactId>hamcrest-library</artifactId>
      <version>1.1</version>
      <scope>test</scope>
    </dependency>
    <dependency>
      <groupId>org.hamcrest</groupId>
      <artifactId>hamcrest-core</artifactId>
      <version>1.3</version>
      <scope>test</scope>
    </dependency>
    <dependency>
      <groupId>cglib</groupId>
      <artifactId>cglib-nodep</artifactId>
      <version>2.1_3</version>
      <scope>test</scope>
    </dependency>
    <dependency>
      <groupId>org.jmock</groupId>
      <artifactId>jmock</artifactId>
      <version>2.5.1</version>
      <scope>test</scope>
    </dependency>
  </dependencies>
  <build>
    <plugins>
      <plugin>
        <artifactId>maven-compiler-plugin</artifactId>
        <configuration>
          <source>1.6</source>
          <target>1.6</target>
        </configuration>
      </plugin>
    </plugins>
  </build>
</project>
