<?xml version="1.0" encoding="UTF-8"?>
<!--
  ~ Licensed to the Apache Software Foundation (ASF) under one or more
  ~ contributor license agreements.  See the NOTICE file distributed with
  ~ this work for additional information regarding copyright ownership.
  ~ The ASF licenses this file to You under the Apache License, Version 2.0
  ~ (the "License"); you may not use this file except in compliance with
  ~ the License.  You may obtain a copy of the License at
  ~ 
  ~   http://www.apache.org/licenses/LICENSE-2.0
  ~ 
  ~ Unless required by applicable law or agreed to in writing, software
  ~ distributed under the License is distributed on an "AS IS" BASIS,
  ~ WITHOUT WARRANTIES OR CONDITIONS OF ANY KIND, either express or implied.
  ~ See the License for the specific language governing permissions and
  ~ limitations under the License.
  -->
  
<connector-plugin class='linkis_jdbc' superclass='jdbc' plugin-version='1.0' name='Linkis (JDBC)' version='2020.1.0'>
  <vendor-information>
    <company name="Linkis"/>
    <support-link url="https://127.0.0.1/wds/portalis/#/map/en"/>
  </vendor-information>
  <connection-customization class="linkis_jdbc" enabled="true" version='2020.1.0'>
    <vendor name="linkis"/>
    <driver name="Linkis JDBC Driver"/>
    <customizations>
      <customization name="CAP_JDBC_METADATA_READ_PRIMARYKEYS" value="no"/>
      <customization name="CAP_JDBC_METADATA_READ_FOREIGNKEYS" value="no"/>
      <customization name="CAP_JDBC_QUERY_ASYNC" value="yes"/>
      <customization name="CAP_JDBC_QUERY_CANCEL" value="yes"/>
      <customization name="CAP_FAST_METADATA" value="yes"/>
      <customization name="CAP_SELECT_INTO" value="no"/>
      <customization name="CAP_SELECT_TOP_INTO" value="no"/>
      <customization name="CAP_CREATE_TEMP_TABLES" value="no"/>
      <customization name="CAP_QUERY_BOOLEXPR_TO_INTEXPR" value="no"/>
      <customization name="CAP_QUERY_GROUP_BY_DEGREE" value="no"/>
      <customization name="CAP_QUERY_SORT_BY_DEGREE" value="no"/>
      <customization name="CAP_QUERY_SUBQUERIES" value="yes"/>
      <customization name="CAP_QUERY_TOPSTYLE_LIMIT" value="yes"/>
      <customization name="CAP_QUERY_WHERE_FALSE_METADATA" value="yes"/>
      <customization name="CAP_QUERY_SUBQUERIES_WITH_TOP" value="yes"/>
      <customization name="CAP_SUPPORTS_SPLIT_FROM_LEFT" value="yes"/>
      <customization name="CAP_SUPPORTS_SPLIT_FROM_RIGHT" value="yes"/>
      <customization name="CAP_SUPPORTS_UNION" value="yes"/>
      <customization name="CAP_QUERY_ALLOW_PARTIAL_AGGREGATION" value="no"/>
      <customization name="CAP_QUERY_HAVING_REQUIRES_GROUP_BY" value="yes"/>
	  <customization name='CAP_JDBC_SUPPRESS_ENUMERATE_DATABASES' value='yes' />
	  <customization name='CAP_JDBC_SUPPRESS_ENUMERATE_SCHEMAS' value='yes' />
	  <customization name='CAP_QUERY_TOP_N' value='no' />
    </customizations>
  </connection-customization>
   <connection-dialog file='connection-dialog.tcd'/>
  <connection-resolver file="connectionResolver.tdr"/>
  <dialect file='dialect.tdd'/>
</connector-plugin>