<?xml version="1.0" encoding="UTF-8"?>
<project xsi:schemaLocation="http://maven.apache.org/POM/4.0.0 http://maven.apache.org/xsd/maven-4.0.0.xsd" xmlns="http://maven.apache.org/POM/4.0.0"
    xmlns:xsi="http://www.w3.org/2001/XMLSchema-instance">
  <modelVersion>4.0.0</modelVersion>
  <parent>
    <groupId>com.alibaba.testable</groupId>
    <artifactId>testable-parent</artifactId>
    <version>0.7.4</version>
    <relativePath>../testable-parent</relativePath>
  </parent>
  <artifactId>testable-maven-plugin</artifactId>
  <packaging>maven-plugin</packaging>
  <name>testable-maven-plugin</name>
  <dependencies>
    <dependency>
      <groupId>org.apache.maven.plugin-tools</groupId>
      <artifactId>maven-plugin-annotations</artifactId>
      <version>3.6.0</version>
      <scope>provided</scope>
    </dependency>
    <dependency>
      <groupId>com.google.guava</groupId>
      <artifactId>guava</artifactId>
      <version>25.1-android</version>
      <scope>compile</scope>
    </dependency>
    <dependency>
      <groupId>org.apache.maven</groupId>
      <artifactId>maven-plugin-api</artifactId>
      <version>3.6.3</version>
      <scope>compile</scope>
      <exclusions>
        <exclusion>
          <artifactId>plexus-classworlds</artifactId>
          <groupId>org.codehaus.plexus</groupId>
        </exclusion>
        <exclusion>
          <artifactId>org.eclipse.sisu.plexus</artifactId>
          <groupId>org.eclipse.sisu</groupId>
        </exclusion>
      </exclusions>
    </dependency>
    <dependency>
      <groupId>org.apache.maven</groupId>
      <artifactId>maven-core</artifactId>
      <version>3.6.3</version>
      <scope>compile</scope>
      <exclusions>
        <exclusion>
          <artifactId>guice</artifactId>
          <groupId>com.google.inject</groupId>
        </exclusion>
        <exclusion>
          <artifactId>error_prone_annotations</artifactId>
          <groupId>com.google.errorprone</groupId>
        </exclusion>
        <exclusion>
          <artifactId>maven-plugin-api</artifactId>
          <groupId>org.apache.maven</groupId>
        </exclusion>
      </exclusions>
    </dependency>
    <dependency>
      <groupId>com.alibaba.testable</groupId>
      <artifactId>testable-agent</artifactId>
      <version>0.7.4</version>
      <scope>compile</scope>
    </dependency>
    <dependency>
      <groupId>org.apache.maven</groupId>
      <artifactId>maven-artifact</artifactId>
      <version>3.6.3</version>
      <scope>compile</scope>
    </dependency>
    <dependency>
      <groupId>org.sonatype.plexus</groupId>
      <artifactId>plexus-cipher</artifactId>
      <version>1.4</version>
      <scope>compile</scope>
    </dependency>
    <dependency>
      <groupId>org.codehaus.plexus</groupId>
      <artifactId>plexus-component-annotations</artifactId>
      <version>2.1.0</version>
      <scope>compile</scope>
    </dependency>
    <dependency>
      <groupId>javax.enterprise</groupId>
      <artifactId>cdi-api</artifactId>
      <version>1.0</version>
      <scope>compile</scope>
    </dependency>
    <dependency>
      <groupId>commons-io</groupId>
      <artifactId>commons-io</artifactId>
      <version>2.5</version>
      <scope>compile</scope>
    </dependency>
    <dependency>
      <groupId>org.apache.commons</groupId>
      <artifactId>commons-lang3</artifactId>
      <version>3.8.1</version>
      <scope>compile</scope>
    </dependency>
    <dependency>
      <groupId>org.apache.maven.resolver</groupId>
      <artifactId>maven-resolver-util</artifactId>
      <version>1.4.1</version>
      <scope>compile</scope>
    </dependency>
    <dependency>
      <groupId>com.google.code.findbugs</groupId>
      <artifactId>jsr305</artifactId>
      <version>3.0.2</version>
      <scope>compile</scope>
    </dependency>
    <dependency>
      <groupId>org.apache.maven.resolver</groupId>
      <artifactId>maven-resolver-api</artifactId>
      <version>1.4.1</version>
      <scope>compile</scope>
    </dependency>
    <dependency>
      <groupId>org.ow2.asm</groupId>
      <artifactId>asm-tree</artifactId>
      <version>8.0.1</version>
      <scope>compile</scope>
    </dependency>
    <dependency>
      <groupId>org.checkerframework</groupId>
      <artifactId>checker-compat-qual</artifactId>
      <version>2.0.0</version>
      <scope>compile</scope>
    </dependency>
    <dependency>
      <groupId>org.apache.maven</groupId>
      <artifactId>maven-settings-builder</artifactId>
      <version>3.6.3</version>
      <scope>compile</scope>
    </dependency>
    <dependency>
      <groupId>org.codehaus.plexus</groupId>
      <artifactId>plexus-interpolation</artifactId>
      <version>1.25</version>
      <scope>compile</scope>
    </dependency>
    <dependency>
      <groupId>org.ow2.asm</groupId>
      <artifactId>asm</artifactId>
      <version>8.0.1</version>
      <scope>compile</scope>
    </dependency>
    <dependency>
      <groupId>org.apache.maven</groupId>
      <artifactId>maven-resolver-provider</artifactId>
      <version>3.6.3</version>
      <scope>compile</scope>
    </dependency>
    <dependency>
      <groupId>aopalliance</groupId>
      <artifactId>aopalliance</artifactId>
      <version>1.0</version>
      <scope>compile</scope>
    </dependency>
    <dependency>
      <groupId>org.apache.maven</groupId>
      <artifactId>maven-model-builder</artifactId>
      <version>3.6.3</version>
      <scope>compile</scope>
    </dependency>
    <dependency>
      <groupId>org.apache.maven</groupId>
      <artifactId>maven-model</artifactId>
      <version>3.6.3</version>
      <scope>compile</scope>
    </dependency>
    <dependency>
      <groupId>org.slf4j</groupId>
      <artifactId>slf4j-api</artifactId>
      <version>1.7.29</version>
      <scope>compile</scope>
    </dependency>
    <dependency>
      <groupId>javax.inject</groupId>
      <artifactId>javax.inject</artifactId>
      <version>1</version>
      <scope>compile</scope>
    </dependency>
    <dependency>
      <groupId>javax.annotation</groupId>
      <artifactId>jsr250-api</artifactId>
      <version>1.0</version>
      <scope>compile</scope>
    </dependency>
    <dependency>
      <groupId>org.apache.maven</groupId>
      <artifactId>maven-builder-support</artifactId>
      <version>3.6.3</version>
      <scope>compile</scope>
    </dependency>
    <dependency>
      <groupId>org.sonatype.plexus</groupId>
      <artifactId>plexus-sec-dispatcher</artifactId>
      <version>1.4</version>
      <scope>compile</scope>
    </dependency>
    <dependency>
      <groupId>org.apache.maven.resolver</groupId>
      <artifactId>maven-resolver-impl</artifactId>
      <version>1.4.1</version>
      <scope>compile</scope>
    </dependency>
    <dependency>
      <groupId>org.apache.maven.resolver</groupId>
      <artifactId>maven-resolver-spi</artifactId>
      <version>1.4.1</version>
      <scope>compile</scope>
    </dependency>
    <dependency>
      <groupId>com.google.j2objc</groupId>
      <artifactId>j2objc-annotations</artifactId>
      <version>1.1</version>
      <scope>compile</scope>
    </dependency>
    <dependency>
      <groupId>org.apache.maven.shared</groupId>
      <artifactId>maven-shared-utils</artifactId>
      <version>3.2.1</version>
      <scope>compile</scope>
    </dependency>
    <dependency>
      <groupId>org.codehaus.plexus</groupId>
      <artifactId>plexus-utils</artifactId>
      <version>3.2.1</version>
      <scope>compile</scope>
    </dependency>
    <dependency>
      <groupId>org.apache.maven</groupId>
      <artifactId>maven-repository-metadata</artifactId>
      <version>3.6.3</version>
      <scope>compile</scope>
    </dependency>
    <dependency>
      <groupId>org.eclipse.sisu</groupId>
      <artifactId>org.eclipse.sisu.inject</artifactId>
      <version>0.3.4</version>
      <scope>compile</scope>
    </dependency>
    <dependency>
      <groupId>org.codehaus.mojo</groupId>
      <artifactId>animal-sniffer-annotations</artifactId>
      <version>1.14</version>
      <scope>compile</scope>
    </dependency>
    <dependency>
      <groupId>org.apache.maven</groupId>
      <artifactId>maven-settings</artifactId>
      <version>3.6.3</version>
      <scope>compile</scope>
    </dependency>
  </dependencies>
  <build>
    <plugins>
      <plugin>
        <artifactId>maven-compiler-plugin</artifactId>
        <version>${plugin.compiler.version}</version>
        <configuration>
          <source>${project.compiler.level}</source>
          <target>${project.compiler.level}</target>
          <encoding>${project.build.sourceEncoding}</encoding>
        </configuration>
      </plugin>
      <plugin>
        <artifactId>maven-plugin-plugin</artifactId>
        <version>${plugin.maven.version}</version>
      </plugin>
    </plugins>
  </build>
  <profiles>
    <profile>
      <id>release</id>
      <build>
        <plugins>
          <plugin>
            <artifactId>maven-source-plugin</artifactId>
            <version>${plugin.source.version}</version>
            <executions>
              <execution>
                <id>attach-sources</id>
                <goals>
                  <goal>jar-no-fork</goal>
                </goals>
              </execution>
            </executions>
          </plugin>
          <plugin>
            <artifactId>maven-javadoc-plugin</artifactId>
            <version>${plugin.javadoc.version}</version>
            <executions>
              <execution>
                <id>attach-javadocs</id>
                <goals>
                  <goal>jar</goal>
                </goals>
              </execution>
            </executions>
          </plugin>
          <plugin>
            <artifactId>maven-gpg-plugin</artifactId>
            <version>${plugin.gpg.version}</version>
            <executions>
              <execution>
                <id>sign-artifacts</id>
                <phase>verify</phase>
                <goals>
                  <goal>sign</goal>
                </goals>
              </execution>
            </executions>
          </plugin>
          <plugin>
            <groupId>org.sonatype.plugins</groupId>
            <artifactId>nexus-staging-maven-plugin</artifactId>
            <version>${plugin.staging.version}</version>
            <extensions>true</extensions>
            <configuration>
              <serverId>oss</serverId>
              <nexusUrl>https://oss.sonatype.org/</nexusUrl>
              <autoReleaseAfterClose>true</autoReleaseAfterClose>
            </configuration>
          </plugin>
        </plugins>
      </build>
      <distributionManagement>
        <repository>
          <id>oss</id>
          <url>https://oss.sonatype.org/service/local/staging/deploy/maven2/</url>
        </repository>
        <snapshotRepository>
          <id>oss</id>
          <url>https://oss.sonatype.org/content/repositories/snapshots/</url>
        </snapshotRepository>
      </distributionManagement>
    </profile>
  </profiles>
</project>
