<?xml version="1.0" encoding="UTF-8"?>
<project xsi:schemaLocation="http://maven.apache.org/POM/4.0.0 https://maven.apache.org/xsd/maven-4.0.0.xsd" xmlns="http://maven.apache.org/POM/4.0.0"
    xmlns:xsi="http://www.w3.org/2001/XMLSchema-instance">
  <modelVersion>4.0.0</modelVersion>
  <parent>
    <groupId>org.openmrs.module</groupId>
    <artifactId>fhir</artifactId>
    <version>1.21.0-SNAPSHOT</version>
  </parent>
  <artifactId>fhir-api-2.0</artifactId>
  <name>FHIR Module API 2.0</name>
  <description>API project for FHIR</description>
  <properties>
    <openMRSVersion>2.1.0</openMRSVersion>
  </properties>
  <dependencies>
    <dependency>
      <groupId>${project.parent.groupId}</groupId>
      <artifactId>${project.parent.artifactId}-api</artifactId>
      <version>${project.parent.version}</version>
      <scope>provided</scope>
    </dependency>
    <dependency>
      <groupId>ca.uhn.hapi.fhir</groupId>
      <artifactId>hapi-fhir-base</artifactId>
      <exclusions>
        <exclusion>
          <artifactId>slf4j-api</artifactId>
          <groupId>org.slf4j</groupId>
        </exclusion>
        <exclusion>
          <artifactId>log4j</artifactId>
          <groupId>log4j</groupId>
        </exclusion>
      </exclusions>
    </dependency>
    <dependency>
      <groupId>ca.uhn.hapi.fhir</groupId>
      <artifactId>hapi-fhir-structures-dstu3</artifactId>
      <exclusions>
        <exclusion>
          <artifactId>slf4j-api</artifactId>
          <groupId>org.slf4j</groupId>
        </exclusion>
        <exclusion>
          <artifactId>log4j</artifactId>
          <groupId>log4j</groupId>
        </exclusion>
      </exclusions>
    </dependency>
    <dependency>
      <groupId>ca.uhn.hapi.fhir</groupId>
      <artifactId>hapi-fhir-validation-resources-dstu3</artifactId>
      <exclusions>
        <exclusion>
          <artifactId>slf4j-api</artifactId>
          <groupId>org.slf4j</groupId>
        </exclusion>
        <exclusion>
          <artifactId>log4j</artifactId>
          <groupId>log4j</groupId>
        </exclusion>
      </exclusions>
    </dependency>
    <dependency>
      <groupId>org.openmrs.api</groupId>
      <artifactId>openmrs-api</artifactId>
      <version>${openMRSVersion}</version>
      <scope>provided</scope>
    </dependency>
    <dependency>
      <groupId>org.openmrs.web</groupId>
      <artifactId>openmrs-web</artifactId>
    </dependency>
    <dependency>
      <groupId>org.openmrs.api</groupId>
      <artifactId>openmrs-api</artifactId>
      <version>${openMRSVersion}</version>
      <type>test-jar</type>
      <scope>test</scope>
    </dependency>
    <dependency>
      <groupId>org.openmrs.test</groupId>
      <artifactId>openmrs-test</artifactId>
      <version>${openMRSVersion}</version>
      <type>pom</type>
      <scope>test</scope>
    </dependency>
    <dependency>
      <groupId>org.openmrs.module</groupId>
      <artifactId>emrapi-api</artifactId>
      <version>${emrApiConditionModuleApiVersion}</version>
      <scope>provided</scope>
    </dependency>
    <dependency>
      <groupId>org.openmrs.module</groupId>
      <artifactId>emrapi-api-1.12</artifactId>
      <version>${emrApiConditionModuleApiVersion}</version>
      <scope>provided</scope>
    </dependency>
    <dependency>
      <groupId>org.openmrs.module</groupId>
      <artifactId>emrapi-condition-list</artifactId>
      <version>${emrApiConditionModuleApiVersion}</version>
      <scope>provided</scope>
    </dependency>
    <dependency>
      <groupId>org.openmrs.module</groupId>
      <artifactId>appointmentscheduling-api</artifactId>
      <version>${appointmentschedulingVersion}</version>
      <scope>provided</scope>
    </dependency>
    <dependency>
      <groupId>org.openmrs.module</groupId>
      <artifactId>reporting-api</artifactId>
      <version>${reportingModuleApiVersion}</version>
      <scope>provided</scope>
    </dependency>
    <dependency>
      <groupId>org.openmrs.module</groupId>
      <artifactId>calculation-api</artifactId>
      <version>${calculationModuleApiVersion}</version>
      <scope>provided</scope>
    </dependency>
    <dependency>
      <groupId>org.openmrs.module</groupId>
      <artifactId>serialization.xstream-api-2.0</artifactId>
      <version>${serializationModuleApiVersion}</version>
      <scope>provided</scope>
    </dependency>
    <dependency>
      <groupId>org.openmrs.module</groupId>
      <artifactId>providermanagement-api</artifactId>
      <version>2.4</version>
      <scope>provided</scope>
    </dependency>
    <dependency>
      <groupId>org.openmrs.module</groupId>
      <artifactId>reportingcompatibility-api</artifactId>
      <version>2.0.0</version>
      <scope>provided</scope>
    </dependency>
  </dependencies>
  <build>
    <plugins>
      <plugin>
        <groupId>org.jacoco</groupId>
        <artifactId>jacoco-maven-plugin</artifactId>
        <version>0.8.8</version>
        <executions>
          <execution>
            <id>default-prepare-agent</id>
            <goals>
              <goal>prepare-agent</goal>
            </goals>
          </execution>
          <execution>
            <id>default-report</id>
            <goals>
              <goal>report</goal>
            </goals>
          </execution>
        </executions>
      </plugin>
      <plugin>
        <artifactId>maven-assembly-plugin</artifactId>
        <version>3.2.0</version>
        <executions>
          <execution>
            <phase>package</phase>
            <goals>
              <goal>single</goal>
            </goals>
            <configuration>
              <descriptorRefs>
                <descriptorRef>jar-with-dependencies</descriptorRef>
              </descriptorRefs>
            </configuration>
          </execution>
        </executions>
      </plugin>
    </plugins>
  </build>
</project>
