<?xml version="1.0" encoding="UTF-8"?>
<project xsi:schemaLocation="http://maven.apache.org/POM/4.0.0 https://maven.apache.org/xsd/maven-4.0.0.xsd" xmlns="http://maven.apache.org/POM/4.0.0"
    xmlns:xsi="http://www.w3.org/2001/XMLSchema-instance">
  <modelVersion>4.0.0</modelVersion>
  <parent>
    <groupId>fr.jcgay.maven</groupId>
    <artifactId>jcgay-build-configuration</artifactId>
    <version>1.18</version>
  </parent>
  <groupId>fr.jcgay.maven.plugins</groupId>
  <artifactId>buildplan-maven-plugin</artifactId>
  <version>1.6-SNAPSHOT</version>
  <packaging>maven-plugin</packaging>
  <name>BuildPlan Maven Plugin</name>
  <description>The BuildPlan Plugin can inspect your project lifecycle.</description>
  <url>http://buildplan.jcgay.fr</url>
  <inceptionYear>2012</inceptionYear>
  <licenses>
    <license>
      <name>The Apache Software License, Version 2.0</name>
      <url>http://www.apache.org/licenses/LICENSE-2.0.txt</url>
    </license>
  </licenses>
  <scm>
    <connection>scm:git:git://github.com/jcgay/buildplan-maven-plugin.git</connection>
    <developerConnection>scm:git:git@github.com:jcgay/buildplan-maven-plugin.git</developerConnection>
    <url>https://github.com/jcgay/buildplan-maven-plugin.git</url>
  </scm>
  <properties>
    <maven.compiler.source>1.8</maven.compiler.source>
    <maven.compiler.target>1.8</maven.compiler.target>
  </properties>
  <dependencies>
    <dependency>
      <groupId>junit</groupId>
      <artifactId>junit</artifactId>
      <version>4.13.2</version>
      <scope>test</scope>
    </dependency>
    <dependency>
      <groupId>org.assertj</groupId>
      <artifactId>assertj-core</artifactId>
      <version>3.20.2</version>
      <scope>test</scope>
    </dependency>
    <dependency>
      <groupId>org.apache.maven</groupId>
      <artifactId>maven-plugin-api</artifactId>
      <version>3.0.5</version>
    </dependency>
    <dependency>
      <groupId>org.apache.maven</groupId>
      <artifactId>maven-core</artifactId>
      <version>3.0.5</version>
    </dependency>
    <dependency>
      <groupId>org.apache.maven.plugin-tools</groupId>
      <artifactId>maven-plugin-annotations</artifactId>
      <version>3.6.1</version>
    </dependency>
    <dependency>
      <groupId>com.google.guava</groupId>
      <artifactId>guava</artifactId>
      <version>11.0.2</version>
    </dependency>
  </dependencies>
  <build>
    <plugins>
      <plugin>
        <groupId>org.jacoco</groupId>
        <artifactId>jacoco-maven-plugin</artifactId>
        <version>0.8.8</version>
        <executions>
          <execution>
            <id>default-prepare-agent</id>
            <goals>
              <goal>prepare-agent</goal>
            </goals>
          </execution>
          <execution>
            <id>default-report</id>
            <goals>
              <goal>report</goal>
            </goals>
          </execution>
        </executions>
      </plugin>
      <plugin>
        <artifactId>maven-assembly-plugin</artifactId>
        <version>3.2.0</version>
        <executions>
          <execution>
            <phase>package</phase>
            <goals>
              <goal>single</goal>
            </goals>
            <configuration>
              <descriptorRefs>
                <descriptorRef>jar-with-dependencies</descriptorRef>
              </descriptorRefs>
            </configuration>
          </execution>
        </executions>
      </plugin>
    </plugins>
  </build>
  <reporting>
    <plugins>
      <plugin>
        <artifactId>maven-project-info-reports-plugin</artifactId>
        <version>3.1.2</version>
        <reportSets>
          <reportSet>
            <reports>
              <report>index</report>
              <report>dependency-management</report>
              <report>ci-management</report>
              <report>issue-management</report>
              <report>licenses</report>
              <report>distribution-management</report>
              <report>summary</report>
              <report>scm</report>
            </reports>
          </reportSet>
        </reportSets>
      </plugin>
      <plugin>
        <artifactId>maven-plugin-plugin</artifactId>
        <version>3.6.1</version>
      </plugin>
    </plugins>
  </reporting>
  <profiles>
    <profile>
      <id>build-with-toolchains</id>
      <activation>
        <jdk>!1.8</jdk>
      </activation>
      <build>
        <plugins>
          <plugin>
            <artifactId>maven-toolchains-plugin</artifactId>
            <executions>
              <execution>
                <goals>
                  <goal>toolchain</goal>
                </goals>
              </execution>
            </executions>
            <configuration>
              <toolchains>
                <jdk>
                  <version>${maven.compiler.target}</version>
                </jdk>
              </toolchains>
            </configuration>
          </plugin>
        </plugins>
      </build>
    </profile>
  </profiles>
</project>
