<?xml version="1.0" encoding="UTF-8"?>
<project xsi:schemaLocation="http://maven.apache.org/POM/4.0.0 http://maven.apache.org/xsd/maven-4.0.0.xsd" xmlns="http://maven.apache.org/POM/4.0.0"
    xmlns:xsi="http://www.w3.org/2001/XMLSchema-instance">
  <modelVersion>4.0.0</modelVersion>
  <parent>
    <groupId>fr.jcgay.maven</groupId>
    <artifactId>jcgay-build-configuration</artifactId>
    <version>1.18</version>
  </parent>
  <groupId>fr.jcgay.maven.plugins</groupId>
  <artifactId>buildplan-maven-plugin</artifactId>
  <version>1.6-SNAPSHOT</version>
  <packaging>maven-plugin</packaging>
  <name>BuildPlan Maven Plugin</name>
  <description>The BuildPlan Plugin can inspect your project lifecycle.</description>
  <url>http://buildplan.jcgay.fr</url>
  <inceptionYear>2012</inceptionYear>
  <licenses>
    <license>
      <name>The Apache Software License, Version 2.0</name>
      <url>http://www.apache.org/licenses/LICENSE-2.0.txt</url>
    </license>
  </licenses>
  <scm>
    <connection>scm:git:git://github.com/jcgay/buildplan-maven-plugin.git</connection>
    <developerConnection>scm:git:git@github.com:jcgay/buildplan-maven-plugin.git</developerConnection>
    <url>https://github.com/jcgay/buildplan-maven-plugin.git</url>
  </scm>
  <properties>
    <maven.compiler.source>1.8</maven.compiler.source>
    <maven.compiler.target>1.8</maven.compiler.target>
  </properties>
  <dependencies>
    <dependency>
      <groupId>junit</groupId>
      <artifactId>junit</artifactId>
      <version>4.13.2</version>
      <scope>test</scope>
    </dependency>
    <dependency>
      <groupId>org.assertj</groupId>
      <artifactId>assertj-core</artifactId>
      <version>3.20.2</version>
      <scope>test</scope>
    </dependency>
    <dependency>
      <groupId>org.apache.maven</groupId>
      <artifactId>maven-plugin-api</artifactId>
      <version>3.0.5</version>
      <scope>compile</scope>
    </dependency>
    <dependency>
      <groupId>org.apache.maven</groupId>
      <artifactId>maven-core</artifactId>
      <version>3.0.5</version>
      <scope>compile</scope>
      <exclusions>
        <exclusion>
          <artifactId>maven-plugin-api</artifactId>
          <groupId>org.apache.maven</groupId>
        </exclusion>
      </exclusions>
    </dependency>
    <dependency>
      <groupId>com.google.guava</groupId>
      <artifactId>guava</artifactId>
      <version>11.0.2</version>
      <scope>compile</scope>
    </dependency>
    <dependency>
      <groupId>org.sonatype.sisu</groupId>
      <artifactId>sisu-inject-plexus</artifactId>
      <version>2.3.0</version>
      <scope>compile</scope>
    </dependency>
    <dependency>
      <groupId>org.sonatype.sisu</groupId>
      <artifactId>sisu-inject-bean</artifactId>
      <version>2.3.0</version>
      <scope>compile</scope>
    </dependency>
    <dependency>
      <groupId>org.hamcrest</groupId>
      <artifactId>hamcrest-core</artifactId>
      <version>1.3</version>
      <scope>test</scope>
    </dependency>
    <dependency>
      <groupId>org.codehaus.plexus</groupId>
      <artifactId>plexus-component-annotations</artifactId>
      <version>1.5.5</version>
      <scope>compile</scope>
    </dependency>
    <dependency>
      <groupId>org.sonatype.sisu</groupId>
      <artifactId>sisu-guava</artifactId>
      <version>0.9.9</version>
      <scope>compile</scope>
    </dependency>
    <dependency>
      <groupId>org.sonatype.aether</groupId>
      <artifactId>aether-spi</artifactId>
      <version>1.13.1</version>
      <scope>compile</scope>
    </dependency>
    <dependency>
      <groupId>org.sonatype.aether</groupId>
      <artifactId>aether-api</artifactId>
      <version>1.13.1</version>
      <scope>compile</scope>
    </dependency>
    <dependency>
      <groupId>org.sonatype.aether</groupId>
      <artifactId>aether-impl</artifactId>
      <version>1.13.1</version>
      <scope>compile</scope>
    </dependency>
    <dependency>
      <groupId>org.sonatype.sisu</groupId>
      <artifactId>sisu-guice</artifactId>
      <version>no_aop</version>
      <scope>compile</scope>
    </dependency>
    <dependency>
      <groupId>org.apache.maven</groupId>
      <artifactId>maven-repository-metadata</artifactId>
      <version>3.0.5</version>
      <scope>compile</scope>
    </dependency>
    <dependency>
      <groupId>org.apache.maven</groupId>
      <artifactId>maven-model-builder</artifactId>
      <version>3.0.5</version>
      <scope>compile</scope>
    </dependency>
    <dependency>
      <groupId>org.sonatype.aether</groupId>
      <artifactId>aether-util</artifactId>
      <version>1.13.1</version>
      <scope>compile</scope>
    </dependency>
    <dependency>
      <groupId>org.apache.maven</groupId>
      <artifactId>maven-model</artifactId>
      <version>3.0.5</version>
      <scope>compile</scope>
    </dependency>
    <dependency>
      <groupId>org.apache.maven</groupId>
      <artifactId>maven-artifact</artifactId>
      <version>3.0.5</version>
      <scope>compile</scope>
    </dependency>
    <dependency>
      <groupId>org.apache.maven</groupId>
      <artifactId>maven-settings-builder</artifactId>
      <version>3.0.5</version>
      <scope>compile</scope>
    </dependency>
    <dependency>
      <groupId>org.codehaus.plexus</groupId>
      <artifactId>plexus-classworlds</artifactId>
      <version>2.4</version>
      <scope>compile</scope>
    </dependency>
    <dependency>
      <groupId>org.codehaus.plexus</groupId>
      <artifactId>plexus-utils</artifactId>
      <version>2.0.6</version>
      <scope>compile</scope>
    </dependency>
    <dependency>
      <groupId>org.apache.maven</groupId>
      <artifactId>maven-settings</artifactId>
      <version>3.0.5</version>
      <scope>compile</scope>
    </dependency>
    <dependency>
      <groupId>org.apache.maven</groupId>
      <artifactId>maven-aether-provider</artifactId>
      <version>3.0.5</version>
      <scope>compile</scope>
    </dependency>
    <dependency>
      <groupId>org.codehaus.plexus</groupId>
      <artifactId>plexus-interpolation</artifactId>
      <version>1.14</version>
      <scope>compile</scope>
    </dependency>
    <dependency>
      <groupId>org.apache.maven.plugin-tools</groupId>
      <artifactId>maven-plugin-annotations</artifactId>
      <version>3.6.1</version>
      <scope>compile</scope>
    </dependency>
    <dependency>
      <groupId>org.sonatype.plexus</groupId>
      <artifactId>plexus-cipher</artifactId>
      <version>1.4</version>
      <scope>compile</scope>
    </dependency>
    <dependency>
      <groupId>com.google.code.findbugs</groupId>
      <artifactId>jsr305</artifactId>
      <version>1.3.9</version>
      <scope>compile</scope>
    </dependency>
    <dependency>
      <groupId>org.sonatype.plexus</groupId>
      <artifactId>plexus-sec-dispatcher</artifactId>
      <version>1.3</version>
      <scope>compile</scope>
    </dependency>
  </dependencies>
  <build>
    <pluginManagement>
      <plugins>
        <plugin>
          <groupId>org.jacoco</groupId>
          <artifactId>jacoco-maven-plugin</artifactId>
          <configuration>
            <append>true</append>
          </configuration>
        </plugin>
      </plugins>
    </pluginManagement>
    <plugins>
      <plugin>
        <artifactId>maven-plugin-plugin</artifactId>
        <executions>
          <execution>
            <id>mojo-descriptor</id>
            <goals>
              <goal>descriptor</goal>
            </goals>
          </execution>
          <execution>
            <id>help-goal</id>
            <goals>
              <goal>helpmojo</goal>
            </goals>
          </execution>
        </executions>
        <configuration>
          <skipErrorNoDescriptorsFound>true</skipErrorNoDescriptorsFound>
        </configuration>
      </plugin>
      <plugin>
        <groupId>com.mycila</groupId>
        <artifactId>license-maven-plugin</artifactId>
        <version>3.0</version>
        <executions>
          <execution>
            <goals>
              <goal>check</goal>
            </goals>
          </execution>
        </executions>
        <dependencies>
          <dependency>
            <groupId>com.mycila</groupId>
            <artifactId>licenses</artifactId>
            <version>1</version>
          </dependency>
        </dependencies>
        <configuration>
          <header>com/mycila/licenses/APACHE-2</header>
          <properties>
            <owner>Jean-Christophe Gay</owner>
            <year>${project.inceptionYear}</year>
            <email>contact@jeanchristophegay.com</email>
          </properties>
          <excludes>
            <exclude>**/README</exclude>
            <exclude>pom.xml</exclude>
            <exclude>src/test/resources/**</exclude>
            <exclude>src/main/resources/**</exclude>
            <exclude>src/site/**</exclude>
            <exclude>.editorconfig</exclude>
            <exclude>etc/*</exclude>
            <exclude>src/it/**</exclude>
            <exclude>.github/**</exclude>
            <exclude>jreleaser.yml</exclude>
          </excludes>
        </configuration>
      </plugin>
      <plugin>
        <artifactId>maven-site-plugin</artifactId>
        <executions>
          <execution>
            <id>default-deploy</id>
            <phase>none</phase>
          </execution>
        </executions>
        <dependencies>
          <dependency>
            <groupId>org.apache.maven.doxia</groupId>
            <artifactId>doxia-module-markdown</artifactId>
            <version>1.9.1</version>
          </dependency>
        </dependencies>
      </plugin>
      <plugin>
        <groupId>com.github.github</groupId>
        <artifactId>site-maven-plugin</artifactId>
        <version>0.12</version>
        <executions>
          <execution>
            <phase>site-deploy</phase>
            <goals>
              <goal>site</goal>
            </goals>
          </execution>
        </executions>
        <configuration>
          <message>Creating site for ${project.version}</message>
          <repositoryOwner>jcgay</repositoryOwner>
          <repositoryName>buildplan-maven-plugin</repositoryName>
          <server>github</server>
        </configuration>
      </plugin>
      <plugin>
        <artifactId>maven-release-plugin</artifactId>
        <configuration>
          <goals>deploy site-deploy</goals>
        </configuration>
      </plugin>
      <plugin>
        <artifactId>maven-invoker-plugin</artifactId>
        <version>3.2.2</version>
        <executions>
          <execution>
            <id>integration-test</id>
            <goals>
              <goal>install</goal>
              <goal>run</goal>
            </goals>
          </execution>
        </executions>
        <configuration>
          <projectsDirectory>src/it</projectsDirectory>
          <localRepositoryPath>${project.build.directory}/local-repo</localRepositoryPath>
          <settingsFile>src/it/settings.xml</settingsFile>
          <cloneProjectsTo>${project.build.directory}/it</cloneProjectsTo>
          <cloneClean>true</cloneClean>
          <showVersion>true</showVersion>
          <postBuildHookScript>verify.groovy</postBuildHookScript>
          <mavenOpts>${argLine}</mavenOpts>
        </configuration>
      </plugin>
      <plugin>
        <groupId>org.jreleaser</groupId>
        <artifactId>jreleaser-maven-plugin</artifactId>
        <version>0.6.0</version>
        <configuration>
          <configFile>jreleaser.yml</configFile>
        </configuration>
      </plugin>
    </plugins>
  </build>
  <reporting>
    <plugins>
      <plugin>
        <artifactId>maven-project-info-reports-plugin</artifactId>
        <version>3.1.2</version>
        <reportSets>
          <reportSet>
            <reports>
              <report>index</report>
              <report>dependency-management</report>
              <report>ci-management</report>
              <report>issue-management</report>
              <report>licenses</report>
              <report>distribution-management</report>
              <report>summary</report>
              <report>scm</report>
            </reports>
          </reportSet>
        </reportSets>
      </plugin>
      <plugin>
        <artifactId>maven-plugin-plugin</artifactId>
        <version>3.6.1</version>
      </plugin>
    </plugins>
  </reporting>
  <profiles>
    <profile>
      <id>build-with-toolchains</id>
      <activation>
        <jdk>!1.8</jdk>
      </activation>
      <build>
        <plugins>
          <plugin>
            <artifactId>maven-toolchains-plugin</artifactId>
            <executions>
              <execution>
                <goals>
                  <goal>toolchain</goal>
                </goals>
              </execution>
            </executions>
            <configuration>
              <toolchains>
                <jdk>
                  <version>${maven.compiler.target}</version>
                </jdk>
              </toolchains>
            </configuration>
          </plugin>
        </plugins>
      </build>
    </profile>
  </profiles>
</project>
