<?xml version="1.0" encoding="UTF-8"?>
<beans xmlns="http://www.springframework.org/schema/beans"
       xmlns:xsi="http://www.w3.org/2001/XMLSchema-instance"
       xmlns:jms="http://www.springframework.org/schema/jms"
       xmlns:amq="http://activemq.apache.org/schema/core"
       xsi:schemaLocation="http://activemq.apache.org/schema/core
        http://activemq.apache.org/schema/core/activemq-core.xsd
		http://www.springframework.org/schema/jms 
        http://www.springframework.org/schema/jms/spring-jms.xsd
		http://www.springframework.org/schema/beans 
        http://www.springframework.org/schema/beans/spring-beans-3.0.xsd">

    <amq:connectionFactory id="connectionFactory"
                           brokerURL="tcp://localhost:61616"/>

    <amq:queue id="queue" physicalName="spitter.queue"/>

    <bean id="echoService" class="com.vonzhou.springinaction.messaging.EchoServiceImpl"/>

    <bean id="echoServiceExporter"
          class="org.springframework.jms.remoting.JmsInvokerServiceExporter">
        <property name="service" ref="echoService"/>
        <property name="serviceInterface" value="com.vonzhou.springinaction.messaging.EchoService"/>
    </bean>

    <jms:listener-container>
        <jms:listener destination="spitter.queue" ref="echoServiceExporter"/>
    </jms:listener-container>
</beans>
