<?xml version="1.0" encoding="UTF-8"?>
<beans xmlns="http://www.springframework.org/schema/beans"
	xmlns:xsi="http://www.w3.org/2001/XMLSchema-instance"
	xsi:schemaLocation="http://www.springframework.org/schema/beans 
     http://www.springframework.org/schema/beans/spring-beans-3.0.xsd">

  <bean id="myTestBean" class="com.vonzhou.example.MyTestBean"/>

  <bean id="getBeanTest" class="com.vonzhou.example.GetBeanTest">
    <lookup-method name="getBean" bean="teacher"/>
  </bean>
  <bean id="teacher" class="com.vonzhou.example.Teacher"/>

  <bean id="testChangeMe" class="com.vonzhou.example.TestChangeMe">
    <replaced-method name="changeMe" replacer="replacer"/>
  </bean>
  <bean id="replacer" class="com.vonzhou.example.TestChangeMeReplacer"/>

  <bean id="helloBean" class="com.vonzhou.example.HelloBean">
    <constructor-arg index="0">
      <value>Vonzou</value>
    </constructor-arg>
    <constructor-arg index="1">
      <value>Wuhan</value>
    </constructor-arg>
  </bean>

  <bean id="car" class="com.vonzhou.example.CarFactoryBean"></bean>
      
</beans>
