<?xml version="1.0" encoding="UTF-8"?>

<!--
  ~ Copyright (c) 2021, Oracle and/or its affiliates. All rights reserved.
  ~
  ~ Licensed under the Apache License, Version 2.0 (the "License");
  ~ you may not use this file except in compliance with the License.
  ~ You may obtain a copy of the License at
  ~
  ~     http://www.apache.org/licenses/LICENSE-2.0
  ~
  ~ Unless required by applicable law or agreed to in writing, software
  ~ distributed under the License is distributed on an "AS IS" BASIS,
  ~ WITHOUT WARRANTIES OR CONDITIONS OF ANY KIND, either express implied.
  ~ See the License for the specific language governing permissions and
  ~ limitations under the License.
  -->

<!--
    Description:
        Configuration for each multi-label trainer.
-->

<config>
    <!-- this label trainer is used in classifier chains and binary relevance -->
    <component name="logistic" type="org.tribuo.classification.sgd.linear.LinearSGDTrainer">
        <property name="objective" value="log"/>
        <property name="optimiser" value="adagrad"/>
        <property name="epochs" value="10"/>
        <property name="loggingInterval" value="100"/>
        <property name="minibatchSize" value="1"/>
        <property name="seed" value="1"/>
    </component>

    <component name="log" type="org.tribuo.classification.sgd.objectives.LogMulticlass"/>

    <component name="adagrad" type="org.tribuo.math.optimisers.AdaGrad">
        <property name="initialLearningRate" value="1.0"/>
        <property name="epsilon" value="0.1"/>
    </component>
    <!-- end of label trainer -->

    <component name="multi-label-factory" type="org.tribuo.multilabel.MultiLabelFactory"/>

    <!-- sgd based models -->
    <component name="ml-logistic" type="org.tribuo.multilabel.sgd.linear.LinearSGDTrainer">
        <property name="objective" value="bce"/>
        <property name="optimiser" value="adam"/>
        <property name="epochs" value="10"/>
        <property name="loggingInterval" value="1000"/>
        <property name="minibatchSize" value="1"/>
        <property name="seed" value="1"/>
    </component>

    <component name="ml-fm" type="org.tribuo.multilabel.sgd.fm.FMMultiLabelTrainer">
        <property name="objective" value="bce"/>
        <property name="optimiser" value="adam"/>
        <property name="epochs" value="10"/>
        <property name="loggingInterval" value="1000"/>
        <property name="minibatchSize" value="1"/>
        <property name="seed" value="1"/>
        <property name="factorizedDimSize" value="5"/>
        <property name="variance" value="0.5"/>
    </component>

    <component name="bce" type="org.tribuo.multilabel.sgd.objectives.BinaryCrossEntropy"/>

    <component name="adam" type="org.tribuo.math.optimisers.Adam"/>

    <!-- ensembles -->
    <component name="ml-cc" type="org.tribuo.multilabel.baseline.ClassifierChainTrainer">
        <property name="innerTrainer" value="logistic"/>
        <property name="randomOrder" value="true"/>
        <property name="seed" value="12345"/>
    </component>

    <component name="ml-br" type="org.tribuo.multilabel.baseline.IndependentMultiLabelTrainer">
        <property name="innerTrainer" value="logistic"/>
    </component>

    <component name="ml-cc-ensemble" type="org.tribuo.multilabel.ensemble.CCEnsembleTrainer">
        <property name="innerTrainer" value="logistic"/>
        <property name="numMembers" value="10"/>
        <property name="seed" value="12345"/>
    </component>

    <!-- k-nn -->
    <component name="ml-3-nn" type="org.tribuo.common.nearest.KNNTrainer">
        <property name="k" value="3"/>
        <property name="distance" value="L2"/>
        <property name="combiner" value="combiner-ml"/>
    </component>

    <component name="combiner-ml" type="org.tribuo.multilabel.ensemble.MultiLabelVotingCombiner"/>
</config>
