<?xml version="1.0"?>
<project xsi:schemaLocation="http://maven.apache.org/POM/4.0.0 https://maven.apache.org/xsd/maven-4.0.0.xsd" xmlns="http://maven.apache.org/POM/4.0.0"
    xmlns:xsi="http://www.w3.org/2001/XMLSchema-instance">
  <modelVersion>4.0.0</modelVersion>
  <parent>
    <groupId>org.openmrs.module</groupId>
    <artifactId>fhir</artifactId>
    <version>1.21.0-SNAPSHOT</version>
  </parent>
  <artifactId>fhir-omod</artifactId>
  <name>FHIR Module OMOD</name>
  <description>OMOD project for FHIR</description>
  <dependencies>
    <dependency>
      <groupId>ca.uhn.hapi.fhir</groupId>
      <artifactId>hapi-fhir-base</artifactId>
      <exclusions>
        <exclusion>
          <artifactId>slf4j-api</artifactId>
          <groupId>org.slf4j</groupId>
        </exclusion>
        <exclusion>
          <artifactId>log4j</artifactId>
          <groupId>log4j</groupId>
        </exclusion>
        <exclusion>
          <artifactId>woodstox-core-asl</artifactId>
          <groupId>org.codehaus.woodstox</groupId>
        </exclusion>
      </exclusions>
    </dependency>
    <dependency>
      <groupId>ca.uhn.hapi.fhir</groupId>
      <artifactId>hapi-fhir-structures-dstu3</artifactId>
      <exclusions>
        <exclusion>
          <artifactId>slf4j-api</artifactId>
          <groupId>org.slf4j</groupId>
        </exclusion>
        <exclusion>
          <artifactId>log4j</artifactId>
          <groupId>log4j</groupId>
        </exclusion>
      </exclusions>
    </dependency>
    <dependency>
      <groupId>ca.uhn.hapi.fhir</groupId>
      <artifactId>hapi-fhir-server</artifactId>
    </dependency>
    <dependency>
      <groupId>org.openmrs.module</groupId>
      <artifactId>fhir-api</artifactId>
      <version>${project.parent.version}</version>
    </dependency>
    <dependency>
      <groupId>org.openmrs.module</groupId>
      <artifactId>fhir-api-1.9</artifactId>
      <version>${project.parent.version}</version>
    </dependency>
    <dependency>
      <groupId>org.openmrs.module</groupId>
      <artifactId>fhir-api-1.11</artifactId>
      <version>${project.parent.version}</version>
    </dependency>
    <dependency>
      <groupId>org.openmrs.module</groupId>
      <artifactId>fhir-api-2.0</artifactId>
      <version>${project.parent.version}</version>
    </dependency>
    <dependency>
      <groupId>org.openmrs.module</groupId>
      <artifactId>fhir-api-2.2</artifactId>
      <version>${project.parent.version}</version>
    </dependency>
    <dependency>
      <groupId>javax.servlet</groupId>
      <artifactId>javax.servlet-api</artifactId>
      <version>3.0.1</version>
      <scope>provided</scope>
    </dependency>
    <dependency>
      <groupId>org.thymeleaf</groupId>
      <artifactId>thymeleaf</artifactId>
      <exclusions>
        <exclusion>
          <artifactId>javassist</artifactId>
          <groupId>org.javassist</groupId>
        </exclusion>
      </exclusions>
    </dependency>
    <dependency>
      <groupId>org.openmrs.web</groupId>
      <artifactId>openmrs-web</artifactId>
    </dependency>
    <dependency>
      <groupId>org.openmrs.web</groupId>
      <artifactId>openmrs-web</artifactId>
      <classifier>tests</classifier>
    </dependency>
    <dependency>
      <groupId>org.openmrs.test</groupId>
      <artifactId>openmrs-test</artifactId>
      <version>${openMRSVersion}</version>
      <type>pom</type>
      <scope>test</scope>
    </dependency>
    <dependency>
      <groupId>org.openmrs.module</groupId>
      <artifactId>legacyui-omod</artifactId>
      <version>0.1</version>
      <scope>provided</scope>
    </dependency>
    <dependency>
      <groupId>ca.uhn.hapi.fhir</groupId>
      <artifactId>hapi-fhir-validation-resources-dstu3</artifactId>
      <exclusions>
        <exclusion>
          <artifactId>slf4j-api</artifactId>
          <groupId>org.slf4j</groupId>
        </exclusion>
        <exclusion>
          <artifactId>log4j</artifactId>
          <groupId>log4j</groupId>
        </exclusion>
      </exclusions>
    </dependency>
    <dependency>
      <groupId>com.fasterxml.jackson.core</groupId>
      <artifactId>jackson-databind</artifactId>
    </dependency>
    <dependency>
      <groupId>io.swagger</groupId>
      <artifactId>swagger-codegen</artifactId>
    </dependency>
  </dependencies>
  <build>
    <plugins>
      <plugin>
        <groupId>org.jacoco</groupId>
        <artifactId>jacoco-maven-plugin</artifactId>
        <version>0.8.8</version>
        <executions>
          <execution>
            <id>default-prepare-agent</id>
            <goals>
              <goal>prepare-agent</goal>
            </goals>
          </execution>
          <execution>
            <id>default-report</id>
            <goals>
              <goal>report</goal>
            </goals>
          </execution>
        </executions>
      </plugin>
      <plugin>
        <artifactId>maven-assembly-plugin</artifactId>
        <version>3.2.0</version>
        <executions>
          <execution>
            <phase>package</phase>
            <goals>
              <goal>single</goal>
            </goals>
            <configuration>
              <descriptorRefs>
                <descriptorRef>jar-with-dependencies</descriptorRef>
              </descriptorRefs>
            </configuration>
          </execution>
        </executions>
      </plugin>
    </plugins>
  </build>
</project>
