<?xml version="1.0" encoding="UTF-8"?>
<!--
  ~ Licensed to the Apache Software Foundation (ASF) under one or more
  ~ contributor license agreements.  See the NOTICE file distributed with
  ~ this work for additional information regarding copyright ownership.
  ~ The ASF licenses this file to You under the Apache License, Version 2.0
  ~ (the "License"); you may not use this file except in compliance with
  ~ the License.  You may obtain a copy of the License at
  ~ 
  ~   http://www.apache.org/licenses/LICENSE-2.0
  ~ 
  ~ Unless required by applicable law or agreed to in writing, software
  ~ distributed under the License is distributed on an "AS IS" BASIS,
  ~ WITHOUT WARRANTIES OR CONDITIONS OF ANY KIND, either express or implied.
  ~ See the License for the specific language governing permissions and
  ~ limitations under the License.
  -->
  
<assembly
        xmlns="http://maven.apache.org/plugins/maven-assembly-plugin/assembly/2.3"
        xmlns:xsi="http://www.w3.org/2001/XMLSchema-instance"
        xsi:schemaLocation="http://maven.apache.org/plugins/maven-assembly-plugin/assembly/2.3 http://maven.apache.org/xsd/assembly-1.1.2.xsd">
    <id>linkis-engineconn-manager</id>
    <formats>
        <format>dir</format>
    </formats>
    <includeBaseDirectory>false</includeBaseDirectory>
    <baseDirectory>linkis-engineconn-manager</baseDirectory>

    <dependencySets>
        <dependencySet>
            <!-- Enable access to all projects in the current multimodule build! <useAllReactorProjects>true</useAllReactorProjects> -->
            <!-- Now, select which projects to include in this module-set. -->
            <outputDirectory>lib</outputDirectory>
            <useProjectArtifact>true</useProjectArtifact>
            <useTransitiveDependencies>true</useTransitiveDependencies>
            <unpack>false</unpack>
            <useStrictFiltering>true</useStrictFiltering>
            <useTransitiveFiltering>true</useTransitiveFiltering>
            <excludes>
            </excludes>
        </dependencySet>
    </dependencySets>

    <fileSets>
        <fileSet>
            <directory>${basedir}/src/main/resources</directory>
            <includes>
                <include>*</include>
            </includes>
            <fileMode>0777</fileMode>
            <outputDirectory>conf</outputDirectory>
            <lineEnding>unix</lineEnding>
        </fileSet>
        <!--<fileSet>
            <directory>${basedir}/bin</directory>
            <includes>
                <include>*</include>
            </includes>
            <fileMode>0777</fileMode>
            <outputDirectory>bin</outputDirectory>
            <lineEnding>unix</lineEnding>
        </fileSet>-->
        <!--<fileSet>
            <directory>.</directory>
            <excludes>
                <exclude>*/**</exclude>
            </excludes>
            <outputDirectory>logs</outputDirectory>
        </fileSet>-->
    </fileSets>

</assembly>

