<?xml version="1.0" encoding="UTF-8"?>
<project xsi:schemaLocation="http://maven.apache.org/POM/4.0.0 http://maven.apache.org/xsd/maven-4.0.0.xsd" xmlns="http://maven.apache.org/POM/4.0.0"
    xmlns:xsi="http://www.w3.org/2001/XMLSchema-instance">
  <modelVersion>4.0.0</modelVersion>
  <parent>
    <groupId>fr.inria.repairnator</groupId>
    <artifactId>repairnator-root</artifactId>
    <version>3.3-SNAPSHOT</version>
  </parent>
  <groupId>fr.inria.repairnator</groupId>
  <artifactId>repairnator-pipeline</artifactId>
  <version>3.3-SNAPSHOT</version>
  <licenses>
    <license>
      <name>MIT</name>
      <url>https://github.com/eclipse/repairnator/blob/master/LICENSE</url>
      <distribution>repo</distribution>
    </license>
  </licenses>
  <properties>
    <timestamp>${maven.build.timestamp}</timestamp>
    <maven.build.timestamp.format>yyyy-MM-dd HH:mm</maven.build.timestamp.format>
  </properties>
  <dependencies>
    <dependency>
      <groupId>org.apache.logging.log4j</groupId>
      <artifactId>log4j-api</artifactId>
      <version>2.17.1</version>
    </dependency>
    <dependency>
      <groupId>org.apache.logging.log4j</groupId>
      <artifactId>log4j-core</artifactId>
      <version>2.17.1</version>
    </dependency>
    <dependency>
      <groupId>org.apache.httpcomponents</groupId>
      <artifactId>httpclient</artifactId>
      <version>4.5.12</version>
    </dependency>
    <dependency>
      <groupId>se.kth.castor</groupId>
      <artifactId>sorald</artifactId>
      <version>0.3.0</version>
      <exclusions>
        <exclusion>
          <artifactId>slf4j-log4j12</artifactId>
          <groupId>org.slf4j</groupId>
        </exclusion>
      </exclusions>
    </dependency>
    <dependency>
      <groupId>com.github.spoonlabs</groupId>
      <artifactId>flacoco</artifactId>
      <version>1.0.2</version>
      <exclusions>
        <exclusion>
          <artifactId>slf4j-log4j12</artifactId>
          <groupId>org.slf4j</groupId>
        </exclusion>
      </exclusions>
    </dependency>
    <dependency>
      <groupId>org.kohsuke</groupId>
      <artifactId>github-api</artifactId>
      <version>1.135</version>
    </dependency>
    <dependency>
      <groupId>fr.inria.repairnator</groupId>
      <artifactId>repairnator-core</artifactId>
      <version>${revision}</version>
    </dependency>
    <dependency>
      <groupId>com.github.spoonlabs</groupId>
      <artifactId>coming</artifactId>
      <version>5.2.0</version>
      <exclusions>
        <exclusion>
          <artifactId>slf4j-log4j12</artifactId>
          <groupId>org.slf4j</groupId>
        </exclusion>
      </exclusions>
    </dependency>
    <dependency>
      <groupId>io.github.java-diff-utils</groupId>
      <artifactId>java-diff-utils</artifactId>
      <version>4.0</version>
      <exclusions>
        <exclusion>
          <artifactId>slf4j-log4j12</artifactId>
          <groupId>org.slf4j</groupId>
        </exclusion>
      </exclusions>
    </dependency>
    <dependency>
      <groupId>org.eclipse.jgit</groupId>
      <artifactId>org.eclipse.jgit</artifactId>
      <version>5.13.0.202109080827-r</version>
    </dependency>
    <dependency>
      <groupId>org.apache.maven.shared</groupId>
      <artifactId>maven-invoker</artifactId>
      <version>3.0.0</version>
    </dependency>
    <dependency>
      <groupId>org.apache.maven.surefire</groupId>
      <artifactId>surefire-report-parser</artifactId>
      <version>2.21.0</version>
    </dependency>
    <dependency>
      <groupId>org.apache.maven</groupId>
      <artifactId>maven-model-builder</artifactId>
      <version>3.3.9</version>
    </dependency>
    <dependency>
      <groupId>eu.stamp-project</groupId>
      <artifactId>assert-fixer</artifactId>
      <version>1.0.9</version>
      <exclusions>
        <exclusion>
          <artifactId>slf4j-log4j12</artifactId>
          <groupId>org.slf4j</groupId>
        </exclusion>
      </exclusions>
    </dependency>
    <dependency>
      <groupId>org.inria.sacha.automaticRepair</groupId>
      <artifactId>astor</artifactId>
      <version>20190919</version>
    </dependency>
    <dependency>
      <groupId>com.github.java-json-tools</groupId>
      <artifactId>json-schema-validator</artifactId>
      <version>2.2.10</version>
    </dependency>
    <dependency>
      <groupId>org.skyscreamer</groupId>
      <artifactId>jsonassert</artifactId>
      <version>1.5.0</version>
      <scope>test</scope>
    </dependency>
    <dependency>
      <groupId>javax.jms</groupId>
      <artifactId>javax.jms-api</artifactId>
      <version>2.0</version>
    </dependency>
    <dependency>
      <groupId>org.apache.activemq</groupId>
      <artifactId>activemq-core</artifactId>
      <version>5.7.0</version>
    </dependency>
    <dependency>
      <groupId>fr.inria.gforge.spirals</groupId>
      <artifactId>npefix</artifactId>
      <version>0.7</version>
      <exclusions>
        <exclusion>
          <artifactId>slf4j-simple</artifactId>
          <groupId>org.slf4j</groupId>
        </exclusion>
      </exclusions>
    </dependency>
  </dependencies>
  <repositories>
    <repository>
      <snapshots>
        <enabled>true</enabled>
        <updatePolicy>always</updatePolicy>
      </snapshots>
      <id>tdurieux-maven-repository-snapshot</id>
      <name>tdurieux.github.io maven-repository</name>
      <url>https://tdurieux.github.io/maven-repository/snapshots/</url>
    </repository>
    <repository>
      <id>tdurieux-maven-repository-release</id>
      <name>tdurieux.github.io maven-repository</name>
      <url>https://tdurieux.github.io/maven-repository/releases/</url>
    </repository>
    <repository>
      <releases>
        <enabled>false</enabled>
      </releases>
      <snapshots>
        <enabled>true</enabled>
      </snapshots>
      <id>ossrh</id>
      <url>https://oss.sonatype.org/content/repositories/snapshots</url>
    </repository>
  </repositories>
  <build>
    <resources>
      <resource>
        <filtering>true</filtering>
        <directory>src/main/resources</directory>
      </resource>
    </resources>
    <plugins>
      <plugin>
        <artifactId>maven-resources-plugin</artifactId>
        <version>2.6</version>
        <configuration>
          <encoding>${default.encoding}</encoding>
        </configuration>
      </plugin>
      <plugin>
        <artifactId>maven-assembly-plugin</artifactId>
        <version>2.6</version>
        <executions>
          <execution>
            <id>make-assembly</id>
            <phase>package</phase>
            <goals>
              <goal>single</goal>
            </goals>
          </execution>
        </executions>
        <configuration>
          <archive>
            <manifest>
              <mainClass>fr.inria.spirals.repairnator.pipeline.Launcher</mainClass>
            </manifest>
          </archive>
          <descriptorRefs>
            <descriptorRef>jar-with-dependencies</descriptorRef>
          </descriptorRefs>
        </configuration>
      </plugin>
    </plugins>
  </build>
  <profiles>
    <profile>
      <id>nopol</id>
      <activation>
        <jdk>1.8</jdk>
      </activation>
      <dependencies>
        <dependency>
          <groupId>fr.inria.gforge.spirals</groupId>
          <artifactId>nopol</artifactId>
          <version>689e97eab451a671378b3fd55f790a39ce0d21d3</version>
          <scope>compile</scope>
        </dependency>
      </dependencies>
    </profile>
    <profile>
      <id>noNopol</id>
      <activation>
        <activeByDefault>true</activeByDefault>
        <jdk>[1.9,1.16)</jdk>
      </activation>
      <dependencies>
        <dependency>
          <groupId>fr.inria.gforge.spirals</groupId>
          <artifactId>nopol</artifactId>
          <version>689e97eab451a671378b3fd55f790a39ce0d21d3</version>
          <exclusions>
            <exclusion>
              <artifactId>tools</artifactId>
              <groupId>com.sun</groupId>
            </exclusion>
          </exclusions>
        </dependency>
      </dependencies>
    </profile>
  </profiles>
</project>
