<?xml version="1.0" encoding="UTF-8"?>
<project xsi:schemaLocation="http://maven.apache.org/POM/4.0.0 https://maven.apache.org/xsd/maven-4.0.0.xsd" xmlns="http://maven.apache.org/POM/4.0.0"
    xmlns:xsi="http://www.w3.org/2001/XMLSchema-instance">
  <modelVersion>4.0.0</modelVersion>
  <parent>
    <groupId>org.sonatype.oss</groupId>
    <artifactId>oss-parent</artifactId>
    <version>7</version>
  </parent>
  <groupId>com.baidu</groupId>
  <artifactId>jprotobuf-android</artifactId>
  <version>1.1.2</version>
  <name>Jprotobuf</name>
  <description>A very useful utility library for java programmer using google protobuf.</description>
  <url>https://github.com/jhunters/jprotobuf/</url>
  <organization>
    <name>Baidu, Inc.</name>
    <url>http://baidu.com</url>
  </organization>
  <licenses>
    <license>
      <name>Apache 2.0</name>
      <url>http://www.apache.org/licenses/LICENSE-2.0.txt</url>
      <distribution>repo</distribution>
    </license>
  </licenses>
  <scm>
    <connection>scm:git:git://github.com/jhunters/jprotobuf.git</connection>
    <developerConnection>scm:git:git@github.com:jhunters/jprotobuf.git</developerConnection>
    <url>http://github.com/jhunters/jprotobuf</url>
  </scm>
  <issueManagement>
    <system>GitHub Issues</system>
    <url>https://github.com/jhunters/jprotobuf/issues</url>
  </issueManagement>
  <properties>
    <java.version>1.6</java.version>
    <github.global.server>github</github.global.server>
    <fest.version>2.0M10</fest.version>
    <project.build.sourceEncoding>UTF-8</project.build.sourceEncoding>
    <junit.version>4.10</junit.version>
  </properties>
  <dependencies>
    <dependency>
      <groupId>junit</groupId>
      <artifactId>junit</artifactId>
      <version>${junit.version}</version>
      <scope>test</scope>
    </dependency>
    <dependency>
      <groupId>com.google.protobuf</groupId>
      <artifactId>protobuf-java</artifactId>
      <version>2.5.0</version>
      <scope>compile</scope>
    </dependency>
    <dependency>
      <groupId>com.squareup</groupId>
      <artifactId>protoparser</artifactId>
      <version>3.1.5</version>
      <scope>compile</scope>
    </dependency>
  </dependencies>
  <build>
    <plugins>
      <plugin>
        <groupId>org.jacoco</groupId>
        <artifactId>jacoco-maven-plugin</artifactId>
        <version>0.8.8</version>
        <executions>
          <execution>
            <id>default-prepare-agent</id>
            <goals>
              <goal>prepare-agent</goal>
            </goals>
          </execution>
          <execution>
            <id>default-report</id>
            <goals>
              <goal>report</goal>
            </goals>
          </execution>
        </executions>
      </plugin>
      <plugin>
        <artifactId>maven-assembly-plugin</artifactId>
        <version>3.2.0</version>
        <executions>
          <execution>
            <phase>package</phase>
            <goals>
              <goal>single</goal>
            </goals>
            <configuration>
              <descriptorRefs>
                <descriptorRef>jar-with-dependencies</descriptorRef>
              </descriptorRefs>
            </configuration>
          </execution>
        </executions>
      </plugin>
    </plugins>
  </build>
</project>
