<?xml version="1.0" encoding="UTF-8"?>
<project xsi:schemaLocation="http://maven.apache.org/POM/4.0.0 https://maven.apache.org/xsd/maven-4.0.0.xsd" xmlns="http://maven.apache.org/POM/4.0.0"
    xmlns:xsi="http://www.w3.org/2001/XMLSchema-instance">
  <modelVersion>4.0.0</modelVersion>
  <parent>
    <groupId>org.sonatype.oss</groupId>
    <artifactId>oss-parent</artifactId>
    <version>9</version>
  </parent>
  <groupId>org.codelibs</groupId>
  <artifactId>elasticsearch-dynarank</artifactId>
  <version>7.9.0-SNAPSHOT</version>
  <name>elasticsearch-dynarank</name>
  <description>This plugin re-orders top N documents in a search results.</description>
  <url>https://github.com/codelibs/elasticsearch-dynarank</url>
  <inceptionYear>2011</inceptionYear>
  <licenses>
    <license>
      <name>The Apache Software License, Version 2.0</name>
      <url>http://www.apache.org/licenses/LICENSE-2.0.txt</url>
      <distribution>repo</distribution>
    </license>
  </licenses>
  <scm>
    <connection>scm:git:git@github.com:codelibs/elasticsearch-dynarank.git</connection>
    <developerConnection>scm:git:git@github.com:codelibs/elasticsearch-dynarank.git</developerConnection>
    <url>git@github.com:codelibs/elasticsearch-dynarank.git</url>
  </scm>
  <properties>
    <elasticsearch.plugin.classname>org.codelibs.elasticsearch.dynarank.DynamicRankingPlugin</elasticsearch.plugin.classname>
    <elasticsearch.version>7.9.3</elasticsearch.version>
    <maven.compiler.source>1.8</maven.compiler.source>
    <maven.compiler.target>1.8</maven.compiler.target>
  </properties>
  <dependencies>
    <dependency>
      <groupId>org.elasticsearch</groupId>
      <artifactId>elasticsearch</artifactId>
      <version>${elasticsearch.version}</version>
      <scope>provided</scope>
    </dependency>
    <dependency>
      <groupId>org.codelibs</groupId>
      <artifactId>minhash</artifactId>
      <version>0.2.0</version>
    </dependency>
    <dependency>
      <groupId>com.google.guava</groupId>
      <artifactId>guava</artifactId>
      <version>29.0-jre</version>
      <exclusions>
        <exclusion>
          <artifactId>animal-sniffer-annotations</artifactId>
          <groupId>org.codehaus.mojo</groupId>
        </exclusion>
        <exclusion>
          <artifactId>j2objc-annotations</artifactId>
          <groupId>com.google.j2objc</groupId>
        </exclusion>
        <exclusion>
          <artifactId>error_prone_annotations</artifactId>
          <groupId>com.google.errorprone</groupId>
        </exclusion>
        <exclusion>
          <artifactId>jsr305</artifactId>
          <groupId>com.google.code.findbugs</groupId>
        </exclusion>
      </exclusions>
    </dependency>
    <dependency>
      <groupId>org.codelibs.elasticsearch.module</groupId>
      <artifactId>scripting-painless-spi</artifactId>
      <version>${elasticsearch.version}</version>
      <scope>provided</scope>
    </dependency>
    <dependency>
      <groupId>org.codelibs</groupId>
      <artifactId>elasticsearch-minhash</artifactId>
      <version>7.9.0</version>
      <scope>test</scope>
    </dependency>
    <dependency>
      <groupId>org.codelibs</groupId>
      <artifactId>elasticsearch-cluster-runner</artifactId>
      <version>${elasticsearch.version}.0</version>
      <scope>test</scope>
    </dependency>
    <dependency>
      <groupId>junit</groupId>
      <artifactId>junit</artifactId>
      <version>4.13.1</version>
      <scope>test</scope>
    </dependency>
  </dependencies>
  <build>
    <plugins>
      <plugin>
        <groupId>org.jacoco</groupId>
        <artifactId>jacoco-maven-plugin</artifactId>
        <version>0.8.8</version>
        <executions>
          <execution>
            <id>default-prepare-agent</id>
            <goals>
              <goal>prepare-agent</goal>
            </goals>
          </execution>
          <execution>
            <id>default-report</id>
            <goals>
              <goal>report</goal>
            </goals>
          </execution>
        </executions>
      </plugin>
      <plugin>
        <artifactId>maven-assembly-plugin</artifactId>
        <version>3.2.0</version>
        <executions>
          <execution>
            <phase>package</phase>
            <goals>
              <goal>single</goal>
            </goals>
            <configuration>
              <descriptorRefs>
                <descriptorRef>jar-with-dependencies</descriptorRef>
              </descriptorRefs>
            </configuration>
          </execution>
        </executions>
      </plugin>
    </plugins>
  </build>
</project>
