<?xml version="1.0"?>
<project xsi:schemaLocation="http://maven.apache.org/POM/4.0.0 https://maven.apache.org/xsd/maven-4.0.0.xsd" xmlns="http://maven.apache.org/POM/4.0.0"
    xmlns:xsi="http://www.w3.org/2001/XMLSchema-instance">
  <modelVersion>4.0.0</modelVersion>
  <groupId>com.github.dfabulich</groupId>
  <artifactId>sitemapgen4j</artifactId>
  <version>1.1.3-SNAPSHOT</version>
  <name>SitemapGen4J</name>
  <description>SitemapGen4j is an XML sitemap generator written in Java.</description>
  <url>https://github.com/dfabulich/sitemapgen4j/</url>
  <licenses>
    <license>
      <name>The Apache Software License, Version 2.0</name>
      <url>http://www.apache.org/licenses/LICENSE-2.0.txt</url>
      <distribution>repo</distribution>
    </license>
  </licenses>
  <developers>
    <developer>
      <id>dfabulich</id>
      <name>Dan Fabulich</name>
      <email>dan@fabulich.com</email>
      <organization>Redfin</organization>
      <organizationUrl>http://www.redfin.com/</organizationUrl>
      <timezone>-8</timezone>
    </developer>
  </developers>
  <scm>
    <connection>scm:git:git://github.com:dfabulich/sitemapgen4j.git</connection>
    <developerConnection>scm:git:git@github.com:dfabulich/sitemapgen4j.git</developerConnection>
    <url>https://github.com/dfabulich/sitemapgen4j/</url>
  </scm>
  <distributionManagement>
    <repository>
      <id>ossrh</id>
      <url>https://oss.sonatype.org/service/local/staging/deploy/maven2/</url>
    </repository>
    <snapshotRepository>
      <id>ossrh</id>
      <url>https://oss.sonatype.org/content/repositories/snapshots</url>
    </snapshotRepository>
  </distributionManagement>
  <properties>
    <project.build.sourceEncoding>UTF-8</project.build.sourceEncoding>
  </properties>
  <dependencies>
    <dependency>
      <groupId>junit</groupId>
      <artifactId>junit</artifactId>
      <version>3.8.1</version>
      <scope>test</scope>
    </dependency>
  </dependencies>
  <build>
    <plugins>
      <plugin>
        <groupId>org.jacoco</groupId>
        <artifactId>jacoco-maven-plugin</artifactId>
        <version>0.8.8</version>
        <executions>
          <execution>
            <id>default-prepare-agent</id>
            <goals>
              <goal>prepare-agent</goal>
            </goals>
          </execution>
          <execution>
            <id>default-report</id>
            <goals>
              <goal>report</goal>
            </goals>
          </execution>
        </executions>
      </plugin>
      <plugin>
        <artifactId>maven-assembly-plugin</artifactId>
        <version>3.2.0</version>
        <executions>
          <execution>
            <phase>package</phase>
            <goals>
              <goal>single</goal>
            </goals>
            <configuration>
              <descriptorRefs>
                <descriptorRef>jar-with-dependencies</descriptorRef>
              </descriptorRefs>
            </configuration>
          </execution>
        </executions>
      </plugin>
    </plugins>
  </build>
</project>
