<?xml version="1.0"?>
<project xsi:schemaLocation="http://maven.apache.org/POM/4.0.0 https://maven.apache.org/xsd/maven-4.0.0.xsd" xmlns="http://maven.apache.org/POM/4.0.0"
    xmlns:xsi="http://www.w3.org/2001/XMLSchema-instance">
  <modelVersion>4.0.0</modelVersion>
  <parent>
    <groupId>edu.illinois.cs.cogcomp</groupId>
    <artifactId>illinois-cogcomp-nlp</artifactId>
    <version>4.0.15</version>
  </parent>
  <artifactId>illinois-pos</artifactId>
  <dependencies>
    <dependency>
      <groupId>edu.illinois.cs.cogcomp</groupId>
      <artifactId>illinois-core-utilities</artifactId>
      <version>3.1.36</version>
    </dependency>
    <dependency>
      <groupId>edu.illinois.cs.cogcomp</groupId>
      <artifactId>LBJava</artifactId>
      <version>1.3.0</version>
    </dependency>
    <dependency>
      <groupId>edu.illinois.cs.cogcomp</groupId>
      <artifactId>LBJava-NLP-tools</artifactId>
      <version>3.1.36</version>
    </dependency>
    <dependency>
      <groupId>edu.illinois.cs.cogcomp</groupId>
      <artifactId>illinois-pos-models</artifactId>
      <version>3.0.13</version>
    </dependency>
    <dependency>
      <groupId>org.slf4j</groupId>
      <artifactId>slf4j-log4j12</artifactId>
      <version>1.7.12</version>
      <optional>true</optional>
    </dependency>
  </dependencies>
  <build>
    <plugins>
      <plugin>
        <groupId>org.jacoco</groupId>
        <artifactId>jacoco-maven-plugin</artifactId>
        <version>0.8.8</version>
        <executions>
          <execution>
            <id>default-prepare-agent</id>
            <goals>
              <goal>prepare-agent</goal>
            </goals>
          </execution>
          <execution>
            <id>default-report</id>
            <goals>
              <goal>report</goal>
            </goals>
          </execution>
        </executions>
      </plugin>
      <plugin>
        <artifactId>maven-assembly-plugin</artifactId>
        <version>3.2.0</version>
        <executions>
          <execution>
            <phase>package</phase>
            <goals>
              <goal>single</goal>
            </goals>
            <configuration>
              <descriptorRefs>
                <descriptorRef>jar-with-dependencies</descriptorRef>
              </descriptorRefs>
            </configuration>
          </execution>
        </executions>
      </plugin>
    </plugins>
  </build>
</project>
