<?xml version="1.0" encoding="UTF-8"?>
<project xsi:schemaLocation="http://maven.apache.org/POM/4.0.0 http://maven.apache.org/xsd/maven-4.0.0.xsd" xmlns="http://maven.apache.org/POM/4.0.0"
    xmlns:xsi="http://www.w3.org/2001/XMLSchema-instance">
  <modelVersion>4.0.0</modelVersion>
  <parent>
    <groupId>com.example</groupId>
    <artifactId>java11</artifactId>
    <version>1.0-SNAPSHOT</version>
  </parent>
  <artifactId>removed_fonts_broken_on_Java11</artifactId>
  <dependencies>
    <dependency>
      <groupId>org.apache.poi</groupId>
      <artifactId>poi-ooxml</artifactId>
      <version>4.1.2</version>
      <exclusions>
        <exclusion>
          <artifactId>curvesapi</artifactId>
          <groupId>com.github.virtuald</groupId>
        </exclusion>
      </exclusions>
    </dependency>
    <dependency>
      <groupId>org.apache.commons</groupId>
      <artifactId>commons-math3</artifactId>
      <version>3.6.1</version>
      <scope>compile</scope>
      <optional>false</optional>
    </dependency>
    <dependency>
      <groupId>org.apache.poi</groupId>
      <artifactId>poi-ooxml-schemas</artifactId>
      <version>4.1.2</version>
      <scope>compile</scope>
      <optional>false</optional>
    </dependency>
    <dependency>
      <groupId>org.apache.commons</groupId>
      <artifactId>commons-collections4</artifactId>
      <version>4.4</version>
      <scope>compile</scope>
      <optional>false</optional>
    </dependency>
    <dependency>
      <groupId>org.junit.platform</groupId>
      <artifactId>junit-platform-commons</artifactId>
      <version>1.7.0</version>
      <scope>test</scope>
      <optional>false</optional>
    </dependency>
    <dependency>
      <groupId>org.apache.xmlbeans</groupId>
      <artifactId>xmlbeans</artifactId>
      <version>3.1.0</version>
      <scope>compile</scope>
      <optional>false</optional>
    </dependency>
    <dependency>
      <groupId>org.apache.commons</groupId>
      <artifactId>commons-compress</artifactId>
      <version>1.19</version>
      <scope>compile</scope>
      <optional>false</optional>
    </dependency>
    <dependency>
      <groupId>org.apiguardian</groupId>
      <artifactId>apiguardian-api</artifactId>
      <version>1.1.0</version>
      <scope>test</scope>
      <optional>false</optional>
    </dependency>
    <dependency>
      <groupId>org.apache.poi</groupId>
      <artifactId>poi</artifactId>
      <version>4.1.2</version>
      <scope>compile</scope>
      <optional>false</optional>
    </dependency>
    <dependency>
      <groupId>commons-codec</groupId>
      <artifactId>commons-codec</artifactId>
      <version>1.13</version>
      <scope>compile</scope>
      <optional>false</optional>
    </dependency>
    <dependency>
      <groupId>org.junit.jupiter</groupId>
      <artifactId>junit-jupiter-api</artifactId>
      <version>5.7.0</version>
      <scope>test</scope>
      <exclusions>
        <exclusion>
          <artifactId>opentest4j</artifactId>
          <groupId>org.opentest4j</groupId>
        </exclusion>
      </exclusions>
      <optional>false</optional>
    </dependency>
    <dependency>
      <groupId>com.zaxxer</groupId>
      <artifactId>SparseBitSet</artifactId>
      <version>1.2</version>
      <scope>compile</scope>
      <optional>false</optional>
    </dependency>
  </dependencies>
  <build>
    <plugins>
      <plugin>
        <groupId>org.jacoco</groupId>
        <artifactId>jacoco-maven-plugin</artifactId>
        <version>0.8.8</version>
        <executions>
          <execution>
            <id>default-prepare-agent</id>
            <goals>
              <goal>prepare-agent</goal>
            </goals>
          </execution>
          <execution>
            <id>default-report</id>
            <goals>
              <goal>report</goal>
            </goals>
          </execution>
        </executions>
      </plugin>
    </plugins>
  </build>
</project>
