<?xml version="1.0"?>
<project xsi:schemaLocation="http://maven.apache.org/POM/4.0.0 http://maven.apache.org/xsd/maven-4.0.0.xsd" xmlns="http://maven.apache.org/POM/4.0.0"
    xmlns:xsi="http://www.w3.org/2001/XMLSchema-instance">
  <modelVersion>4.0.0</modelVersion>
  <groupId>com.github.binarywang</groupId>
  <artifactId>qrcode-utils</artifactId>
  <version>1.2</version>
  <name>qrcode-utils</name>
  <description>qrcode utils</description>
  <url>https://github.com/binarywang/qrcode-utils</url>
  <licenses>
    <license>
      <name>The Apache License, Version 2.0</name>
      <url>http://www.apache.org/licenses/LICENSE-2.0.txt</url>
    </license>
  </licenses>
  <developers>
    <developer>
      <name>Binary Wang</name>
      <email>binarywang@gmail.com</email>
      <url>https://github.com/binarywang</url>
    </developer>
  </developers>
  <scm>
    <connection>scm:git:https://github.com/binarywang/qrcode-utils.git</connection>
    <developerConnection>scm:git:git@github.com:binarywang/qrcode-utils.git</developerConnection>
    <url>https://github.com/binarywang/qrcode-utils</url>
  </scm>
  <distributionManagement>
    <repository>
      <id>ossrh</id>
      <url>https://oss.sonatype.org/service/local/staging/deploy/maven2/</url>
    </repository>
    <snapshotRepository>
      <id>ossrh</id>
      <url>https://oss.sonatype.org/content/repositories/snapshots</url>
    </snapshotRepository>
  </distributionManagement>
  <properties>
    <project.build.sourceEncoding>UTF-8</project.build.sourceEncoding>
    <maven.compiler.source>1.7</maven.compiler.source>
    <maven.compiler.target>1.7</maven.compiler.target>
  </properties>
  <dependencies>
    <dependency>
      <groupId>org.testng</groupId>
      <artifactId>testng</artifactId>
      <version>6.9.10</version>
      <scope>test</scope>
    </dependency>
    <dependency>
      <groupId>com.google.zxing</groupId>
      <artifactId>core</artifactId>
      <version>3.2.1</version>
      <scope>compile</scope>
    </dependency>
    <dependency>
      <groupId>commons-io</groupId>
      <artifactId>commons-io</artifactId>
      <version>2.7</version>
      <scope>compile</scope>
    </dependency>
    <dependency>
      <groupId>com.google.guava</groupId>
      <artifactId>guava</artifactId>
      <version>29.0-jre</version>
      <scope>compile</scope>
      <exclusions>
        <exclusion>
          <artifactId>error_prone_annotations</artifactId>
          <groupId>com.google.errorprone</groupId>
        </exclusion>
        <exclusion>
          <artifactId>listenablefuture</artifactId>
          <groupId>com.google.guava</groupId>
        </exclusion>
        <exclusion>
          <artifactId>jsr305</artifactId>
          <groupId>com.google.code.findbugs</groupId>
        </exclusion>
        <exclusion>
          <artifactId>j2objc-annotations</artifactId>
          <groupId>com.google.j2objc</groupId>
        </exclusion>
      </exclusions>
    </dependency>
    <dependency>
      <groupId>org.slf4j</groupId>
      <artifactId>slf4j-api</artifactId>
      <version>1.7.22</version>
      <scope>compile</scope>
    </dependency>
    <dependency>
      <groupId>org.slf4j</groupId>
      <artifactId>slf4j-log4j12</artifactId>
      <version>1.7.22</version>
      <scope>test</scope>
      <exclusions>
        <exclusion>
          <artifactId>slf4j-api</artifactId>
          <groupId>org.slf4j</groupId>
        </exclusion>
      </exclusions>
    </dependency>
    <dependency>
      <groupId>org.beanshell</groupId>
      <artifactId>bsh</artifactId>
      <version>2.0b4</version>
      <scope>test</scope>
    </dependency>
    <dependency>
      <groupId>log4j</groupId>
      <artifactId>log4j</artifactId>
      <version>1.2.17</version>
      <scope>test</scope>
    </dependency>
    <dependency>
      <groupId>com.google.guava</groupId>
      <artifactId>failureaccess</artifactId>
      <version>1.0.1</version>
      <scope>compile</scope>
    </dependency>
    <dependency>
      <groupId>com.beust</groupId>
      <artifactId>jcommander</artifactId>
      <version>1.48</version>
      <scope>test</scope>
    </dependency>
    <dependency>
      <groupId>org.checkerframework</groupId>
      <artifactId>checker-qual</artifactId>
      <version>2.11.1</version>
      <scope>compile</scope>
    </dependency>
  </dependencies>
  <build>
    <pluginManagement>
      <plugins>
        <plugin>
          <artifactId>maven-surefire-plugin</artifactId>
          <version>2.17</version>
          <configuration>
            <skip>true</skip>
          </configuration>
        </plugin>
      </plugins>
    </pluginManagement>
    <plugins>
      <plugin>
        <groupId>org.sonatype.plugins</groupId>
        <artifactId>nexus-staging-maven-plugin</artifactId>
        <version>1.6.3</version>
        <extensions>true</extensions>
        <configuration>
          <serverId>ossrh</serverId>
          <nexusUrl>https://oss.sonatype.org/</nexusUrl>
          <autoReleaseAfterClose>true</autoReleaseAfterClose>
        </configuration>
      </plugin>
      <plugin>
        <artifactId>maven-release-plugin</artifactId>
        <version>2.5.1</version>
        <configuration>
          <autoVersionSubmodules>true</autoVersionSubmodules>
          <useReleaseProfile>false</useReleaseProfile>
          <releaseProfiles>release</releaseProfiles>
          <goals>deploy</goals>
        </configuration>
      </plugin>
      <plugin>
        <artifactId>maven-compiler-plugin</artifactId>
        <version>3.6.0</version>
        <configuration>
          <encoding>UTF-8</encoding>
        </configuration>
      </plugin>
    </plugins>
  </build>
  <profiles>
    <profile>
      <id>doclint-java8-disable</id>
      <activation>
        <jdk>[1.8,)</jdk>
      </activation>
      <properties>
        <javadoc.opts>-Xdoclint:none</javadoc.opts>
      </properties>
    </profile>
    <profile>
      <id>release</id>
      <build>
        <plugins>
          <plugin>
            <artifactId>maven-source-plugin</artifactId>
            <version>2.2.1</version>
            <executions>
              <execution>
                <id>attach-sources</id>
                <goals>
                  <goal>jar-no-fork</goal>
                </goals>
              </execution>
            </executions>
          </plugin>
          <plugin>
            <artifactId>maven-javadoc-plugin</artifactId>
            <version>2.9.1</version>
            <executions>
              <execution>
                <id>attach-javadocs</id>
                <goals>
                  <goal>jar</goal>
                </goals>
              </execution>
            </executions>
            <configuration>
              <additionalparam>${javadoc.opts}</additionalparam>
              <charset>UTF-8</charset>
              <locale>zh_CN</locale>
            </configuration>
          </plugin>
          <plugin>
            <artifactId>maven-gpg-plugin</artifactId>
            <version>1.5</version>
            <executions>
              <execution>
                <id>sign-artifacts</id>
                <phase>verify</phase>
                <goals>
                  <goal>sign</goal>
                </goals>
              </execution>
            </executions>
          </plugin>
        </plugins>
      </build>
    </profile>
  </profiles>
</project>
