<?xml version="1.0"?>
<project xsi:schemaLocation="http://maven.apache.org/POM/4.0.0 http://maven.apache.org/xsd/maven-4.0.0.xsd" xmlns="http://maven.apache.org/POM/4.0.0"
    xmlns:xsi="http://www.w3.org/2001/XMLSchema-instance">
  <modelVersion>4.0.0</modelVersion>
  <groupId>SFGenerator</groupId>
  <artifactId>SFGenerator</artifactId>
  <version>0.0.1-SNAPSHOT</version>
  <dependencies>
    <dependency>
      <groupId>org.apache.commons</groupId>
      <artifactId>commons-lang3</artifactId>
      <version>3.1</version>
      <scope>compile</scope>
    </dependency>
    <dependency>
      <groupId>org.apache.jena</groupId>
      <artifactId>jena-core</artifactId>
      <version>3.4.0</version>
      <scope>compile</scope>
      <exclusions>
        <exclusion>
          <artifactId>commons-lang3</artifactId>
          <groupId>org.apache.commons</groupId>
        </exclusion>
      </exclusions>
    </dependency>
    <dependency>
      <groupId>org.apache.jena</groupId>
      <artifactId>jena-arq</artifactId>
      <version>3.4.0</version>
      <scope>compile</scope>
      <exclusions>
        <exclusion>
          <artifactId>jena-core</artifactId>
          <groupId>org.apache.jena</groupId>
        </exclusion>
        <exclusion>
          <artifactId>commons-lang3</artifactId>
          <groupId>org.apache.commons</groupId>
        </exclusion>
      </exclusions>
    </dependency>
    <dependency>
      <groupId>org.slf4j</groupId>
      <artifactId>slf4j-log4j12</artifactId>
      <version>1.7.25</version>
      <scope>compile</scope>
    </dependency>
    <dependency>
      <groupId>org.apache.httpcomponents</groupId>
      <artifactId>httpclient-cache</artifactId>
      <version>4.5.3</version>
      <scope>compile</scope>
    </dependency>
    <dependency>
      <groupId>com.fasterxml.jackson.core</groupId>
      <artifactId>jackson-core</artifactId>
      <version>2.8.6</version>
      <scope>compile</scope>
    </dependency>
    <dependency>
      <groupId>xerces</groupId>
      <artifactId>xercesImpl</artifactId>
      <version>2.11.0</version>
      <scope>compile</scope>
    </dependency>
    <dependency>
      <groupId>commons-io</groupId>
      <artifactId>commons-io</artifactId>
      <version>2.5</version>
      <scope>compile</scope>
    </dependency>
    <dependency>
      <groupId>commons-codec</groupId>
      <artifactId>commons-codec</artifactId>
      <version>1.9</version>
      <scope>compile</scope>
    </dependency>
    <dependency>
      <groupId>com.github.jsonld-java</groupId>
      <artifactId>jsonld-java</artifactId>
      <version>0.10.0</version>
      <scope>compile</scope>
    </dependency>
    <dependency>
      <groupId>com.fasterxml.jackson.core</groupId>
      <artifactId>jackson-annotations</artifactId>
      <version>2.8.0</version>
      <scope>compile</scope>
    </dependency>
    <dependency>
      <groupId>commons-cli</groupId>
      <artifactId>commons-cli</artifactId>
      <version>1.4</version>
      <scope>compile</scope>
    </dependency>
    <dependency>
      <groupId>org.slf4j</groupId>
      <artifactId>slf4j-api</artifactId>
      <version>1.7.25</version>
      <scope>compile</scope>
    </dependency>
    <dependency>
      <groupId>org.apache.httpcomponents</groupId>
      <artifactId>httpclient</artifactId>
      <version>4.5.3</version>
      <scope>compile</scope>
    </dependency>
    <dependency>
      <groupId>org.apache.thrift</groupId>
      <artifactId>libthrift</artifactId>
      <version>0.9.3</version>
      <scope>compile</scope>
    </dependency>
    <dependency>
      <groupId>org.apache.jena</groupId>
      <artifactId>jena-base</artifactId>
      <version>3.4.0</version>
      <scope>compile</scope>
    </dependency>
    <dependency>
      <groupId>xml-apis</groupId>
      <artifactId>xml-apis</artifactId>
      <version>1.4.01</version>
      <scope>compile</scope>
    </dependency>
    <dependency>
      <groupId>org.apache.commons</groupId>
      <artifactId>commons-csv</artifactId>
      <version>1.4</version>
      <scope>compile</scope>
    </dependency>
    <dependency>
      <groupId>org.apache.httpcomponents</groupId>
      <artifactId>httpcore</artifactId>
      <version>4.4.6</version>
      <scope>compile</scope>
    </dependency>
    <dependency>
      <groupId>org.slf4j</groupId>
      <artifactId>jcl-over-slf4j</artifactId>
      <version>1.7.25</version>
      <scope>compile</scope>
    </dependency>
    <dependency>
      <groupId>org.apache.jena</groupId>
      <artifactId>jena-iri</artifactId>
      <version>3.4.0</version>
      <scope>compile</scope>
    </dependency>
    <dependency>
      <groupId>com.github.andrewoma.dexx</groupId>
      <artifactId>collection</artifactId>
      <version>0.7</version>
      <scope>compile</scope>
    </dependency>
    <dependency>
      <groupId>com.fasterxml.jackson.core</groupId>
      <artifactId>jackson-databind</artifactId>
      <version>2.8.6</version>
      <scope>compile</scope>
    </dependency>
    <dependency>
      <groupId>org.apache.jena</groupId>
      <artifactId>jena-shaded-guava</artifactId>
      <version>3.4.0</version>
      <scope>compile</scope>
    </dependency>
    <dependency>
      <groupId>log4j</groupId>
      <artifactId>log4j</artifactId>
      <version>1.2.17</version>
      <scope>compile</scope>
    </dependency>
  </dependencies>
  <build>
    <plugins>
      <plugin>
        <artifactId>maven-compiler-plugin</artifactId>
        <version>3.1</version>
        <configuration>
          <source>1.8</source>
          <target>1.8</target>
        </configuration>
      </plugin>
    </plugins>
  </build>
</project>
