<config>    
    <frameworks>
        <framework>AudioToolbox</framework>
        <framework>CFNetwork</framework>
        <framework>CoreGraphics</framework>
        <framework>CoreLocation</framework>
        <framework>MobileCoreServices</framework>
        <framework>QuartzCore</framework>
        <framework>Security</framework>
        <framework>StoreKit</framework>
        <framework>SystemConfiguration</framework>
        <framework>Accounts</framework>
        <framework>Social</framework>
    </frameworks>
    <libs>
        <lib>z</lib>
        <lib>sqlite3</lib>
    </libs>
</config>